2000122500004|100% Surdeigsbrød 735g Håndlagd
2000892100008|100% Surdeigsbrød Halvstekt 770g Håndlagd
7072217005621|1839 Pils 0,5l boks
7072217005638|1839 Pilsner 0,5lx6 boks
2000895100005|3-Kornbrød 760g Jacobs Utvalgte
7044416013622|4-Korn 675g Axa
7072206002280|7fjell Ginger Beer Hot Chili 0,33l flaske
7072206001849|7fjell Ginger Ninja 0,33l flaske
7072206002365|7fjell Ginger Ninja Nordic Berries 0,33l flaske
8435495853541|A+ Color Active Caps 14st
8435495842880|A+ Tøyvask Color Flytande 675ml
7033050815624|Aass Ankerpils 0,33l boks
7033050315636|Aass Ankerpils 0,33lx12 boks
7033050815044|Aass Bayer 0,5l boks
7033050315056|Aass Bayer 0,5lx4 boks
7033050815334|Aass Blanc 0,5l boks
7033050315346|Aass Blanc 0,5lx6 boks
7033050815020|Aass Fatøl 0,5l boks
7033050315032|Aass Fatøl 0,5lx6 boks
7033050815143|Aass Halling 0,5l boks
7033050315155|Aass Halling 0,5lx6 boks
7033050315971|Aass Ipa West Coast 0,5lx4 boks
7033050815006|Aass Pilsner 0,5l boks
7033050315018|Aass Pilsner 0,5lx6 boks
7033050815983|Aass Premium Fatøl 0,5l boks
7033050315995|Aass Premium Fatøl 0,5l boks 6pk
7033050830047|Aass uten Ipa 0,33l boks
7033050330059|Aass uten Ipa 0,33lx6 boks
7033050830009|Aass Vørterøl 0,33l boks
7033050330035|Aass Vørterøl 0,33lx6 boks
7033050815969|Aass West Coast Ipa 0,5l boks
7072217005560|Ab Lite glutenfri 0,5l boks
7072217005508|Ab Pils 0,5l boks
7072217005515|Ab Pils 0,5lx6 boks
8435821600504|Aburi Laks Drage 295g Sushi Take
8435821600795|Aburi Laks Set 524g Sushi Take
8435821600597|Aburi Nigiri Duo 210g Sushi Take
5000204423129|Action Wc-Gel Hibiscus Hyperspace 750ml Duck
5000204423150|Active Wc-Gel Mint Matrix 750ml Duck
5900643035023|Activia Yoghurt Blåbær 4x125g
7350000553635|Activia Yoghurt m/Granola Røde Bær& Chiafrø 165g
7350000553642|Activia Yoghurt m/Honning Granola Mix&Go 165g
7613034916648|Adventuros Nuggets 90g Purina
7613034994745|Adventuros Sticks Mini 90g Purina
7613034916655|Adventuros Strips 90g Purina
8445290990839|Adventuros Treats Laks 115g Purina
7613287187505|Adventuros Wild Chew Medium 200g Purina
7039781201668|Aftenposten Fredag-Lørdag
7023061016929|Aftenposten Historie
7023060034054|Aftenposten Historie Jubileum
7023060217150|Aftenposten Junior Avis
7039781201651|Aftenposten Man-Tor
7090040912619|Afterski 250g Ask Gård
5410426191506|Aioli 250g Fondua
4008871220349|Airfryer Papir 20 stykk Toppits
5714970005471|Airwick Duftspray Bomull 237ml
5714970005488|Airwick Duftspray Eucalyptus 237ml
8718951326149|Ajax Allrengjøring Original 1l
7300009014453|Aktiv Tøyvask 750ml Galltvål
4004008971429|Al Capone Original Filter 10pk
6006507008826|All Day Brunch Krydderblanding 60g Cape Herb&Spice
7023063100015|Allers .
7023061113178|Allers Kryss Sudoku
7023061706813|Allers Lette Kryss .
7023061806810|Allers Lette Kryss .
7035620058790|Allrent Rengjøring 1l First Price
2000974500009|Alpebrød 570g Jacobs Utvalgte
2000955900002|Alpebrød Halvstekt 600g Jacobs Utvalgte
5010029201246|Alpen Musli u/Sukker 560g
2000279900009|Alperundstykker Grove
7071848100828|Alperundstykker Grove 6pk 480g United Bakeries
7311041043172|Aluminiumsfolie 29cmx20m Unik
4008871214515|Aluminiumsfolie 44cm 10m Toppits
7311041000458|Aluminiumsfolie Tykk 44cmx10m Unik
8001090718464|Always Dailies Large Sp 26stk
4015400743545|Always Fresh Normal Truseinnlegg Sp 30stk
4015400564072|Always Long Plus Truseinnlegg Liner 22stk
8006540452219|Always Maxi Night Nr3 18stk
8001090131263|Always Normal Truseinnlegg 60stk
8001841168531|Always Ultra Long 22stk
8001841168593|Always Ultra Night Nr3 18stk
4015400699996|Always Ultra Nr 1 Normal 16stk
4015400699873|Always Ultra Nr 1 Normal+ 14stk
8001841168395|Always Ultra Nr 1 Normal+ 26stk Big Pack
8001841930657|Always Ultrasecure Night Extra 14stk
8001841168623|Always Ultrasecure Night Nr4 16stk
8000350006105|Amaretto 175g Vicenzi
7039010562027|Amerikansk Gryte 187g Toro
7035620063855|Ammeinnlegg Sensitiv 50stk Vilje
2000660600006|Angus ytrefilet m/pepper
2000823500006|Angusbaguette Kald pr stykk
2000801200003|Angusbaguette Varm pr stykk
2000157200009|Angusburger Kit ca 570g stykk
7035620054334|Ankelsokker Bambus Hvit 36/40 3pk Under
7035620052262|Ankelsokker Bambus Hvit 41/46 3pk Under
7029340123159|Ankle Socks Basic Sunkissed 36-41 La Mote
7028413001936|Ankle Socks Black 2pk La Mote
7029340085372|Ankle Socks X4 Black 41-45 pr
7029340085266|Ankle Socks X4 White 37-40 pr
7029340085389|Ankle Socks X4 White 41-45 pr
7311041023464|Ansiktsrens 25stk First Price
7035620059483|Ansiktsservietter 150stk First Price
7311041082508|Antikklys Hvit 21cm 10stk First Price
7350087738314|Apobase Cleansing Gel 125ml
7350087734637|Apobase Cream 200g
7350087738321|Apobase Face Cream 50ml
7350087738444|Apobase Hand Cream 75ml
7350087734675|Apobase Oily Cream 200g
7039281550297|Aprikoser Soltørket 80g Grønn&Frisk
6006507008857|Argentinian Style Grill Rub 100g Cape
27035620094471|Armbånd Amnesty Norge
8712566318834|Aromat Krydder 90g boks Knorr
7026110019520|Asan Intimserviett Fresh 10stk Asan
7026110019513|Asan Intimserviett Uparfymert 30stk
7026110003277|Asan Intimvask Mann 220ml
7026110028096|Asan Intimvask Original 400ml
7026110028102|Asan Intimvask Tranebær 220ml
7026110003260|Asan Shower&Shave Mild 220ml
7026110028119|Asan Trippeldusj Mild 220ml
8721201913082|Asia Noodles Beef 63g Knorr
8721201913068|Asia Noodles Chicken 65g Knorr
7311312009340|Asian Wok Chop Suey 150g Santa Maria
7311312002525|Asian Wok Oyster&Garlic 150g St.Maria
7070232654152|Asiatiske Liljer 2pk 2pk
7039010610544|Aspargessuppe 72g Toro
7023060133542|Asterix Egmont Comics
4006000057194|Atrix Håndkrem 100ml
8700216919548|Aussie Balsam Miracle Moist 200ml
8700216923576|Aussie Balsam Volume 200ml
8700216919692|Aussie Hårkur Miracle Moist 3mm 250ml
8700216900485|Aussie Hårkur Reconstructor 3mm 250ml
8700216919890|Aussie Shampoo Miracle Moist 300ml
8700216923705|Aussie Shampoo Volume 300ml
7035620065187|Avfallspose 24l 25stk First Price
7035620052941|Avfallsposer 30l 20stk Fixa
7035620060199|Avfallsposer 30l 20stk Vilje
7035620058240|Avfallsposer Baderom 5l 45stk Fixa
7035620060014|Avfallsposer Drawstring 40l15stk Unik
7035620057274|Avfallsposer m/Snørelukking 30l 15stk Fixa
7035620043239|Avfallssekk Transparent 120l 10stk Unik
7090001822490|Avløpsåpner 600ml Mudin
8435821600016|Avokado Maki 122g Sushi Take
7044416017484|Axa Müsli Frukt Müsli 700g
7044416017514|Axa Müsli Frø&Kjerner 700g
8720181029240|Axe Bodyspray Black 150ml
59092537|Axe Roll-On Black Antiperspirant 50ml
7035620061189|Babyolje Parfymefri 150ml Vilje
7035620062667|Babypudder Parfymefri 100g Vilje
7610113013502|Bacardi Breezer Lemon Lite 27,5cl flaske
5010677551397|Bacardi Breezer Lime 27,5cl flaske
7610113014097|Bacardi Breezer Mango 27,5cl flaske
5010677551311|Bacardi Breezer Orange 27,5cl flaske
7610113012321|Bacardi Breezer Orange 27,5clx4 flaske
7610113020753|Bacardi Breezer Passion/Mango 27,5cl flaske
5010677433655|Bacardi Breezer Strawberry 27,5cl flaske
5010677554398|Bacardi Breezer Watermelon 27,5cl
7610113026052|Bacardi Breezer White Tea&Raspberry 0,275l flaske
7311041013663|Bacon Snacks 200g First Price
7036110007731|Baconpostei Ovnsbakt 185g Mills
7035620057113|Baderomsklut Mikrofiber 32x32cm 1stk Unik
7035620057236|Baderomsspray 500ml First Price
2000251700009|Bagel Chili og Cheddar
7042961003327|Bagels 340g Bread Of The World
7020712022650|Bagels 6stk 510g Hatting
7071848100910|Bagels Chili/Cheddar 4pk 480g United B.
7071848100927|Bagels Valmue 4pk 480g United Bakeries
7071848024698|Baguette 650g Jacobs Utvalgte
2000978000000|Baguette Fin 140g
7041614024481|Baguette Fin m/Reker&Egg 225g Bakehuset
7041614024443|Baguette Fin Ost&Skinke 190g Bakehuset
7035620062711|Baguette Fin Steinovnsbakt 2x125g Eldorado
2000274200005|Baguette Fransk
7041614024450|Baguette Grov Ost&Skinke 215g Bakehuset
7041614024467|Baguette Grov Roastbiff 215g Bakehuset
7035620061967|Baguette Grov Steinovnsbakt 2x125g Eldorado
2000666600000|Baguette Jacobs Utvalgte 650g
7041614024474|Baguette m/Kylling&Curry 240g Bakehuset
7071848024681|Baguette Rustikk 650g Jacobs Utvalgte
2000666700007|Baguette Rustikk Jacobs Utvalgte 650g
7035620053337|Baguetter Fine 2x150g Eldorado
7035620061387|Baguetter Fine 6x50g Eldorado
7035620062582|Baguetter Grove 2x150g Eldorado
4008871222848|Bakeark 18ark Toppits
7035620052071|Bakeark 18ark Vilje
4008871214294|Bakepapir 14ark Toppits
7035620059766|Bakepapir 8m Vilje
7035620020063|Bakepensel i Silikon 1stk Unik
2000436700008|Bakepotet 1 stk, ca. 360g
7039010562058|Bali Kyllinggryte 91g Toro
7039010554220|Bali Nudelsuppe 40g Rett i Koppen
7039317008884|Ballerina Kjeks Brownie 210g Sætre
7039317008143|Ballerina Kjeks Original 205g Sætre
7039317005203|Ballerina Kjeks Skogsbær 190g Sætre
7039317008440|Ballerina Safari Sjokovanilje 205g Sætre
7316191604181|Ballonger 8stk Party
7035620000515|Ballonger Metallic 10stk Unik
7316191809555|Ballonger Pastell 8stk
7035620023798|Ballongvisp i Silikon 1stk Unik
7311041084946|Balsam 500ml First Price
7041614007187|Bamsekake 20 Biter 1,6kg Meny
7041111141575|Banan 200g Minde
4770179989159|Banan m/Sjokolade 90g Picks
7039281551263|Bananchips Tørket 90g Grønn&Frisk
7073231002115|Barberblader Smooth Shaving 3stk Beauty Rebels
7702018015665|Barbergel Sc Sens.Skin 200 Gillette
7702018605255|Barberhøvel Labs Silver 1stk Gillette
3014260239626|Barberhøvel Mach3 2blad Gillette
7702018514472|Barberhøvel Mach3 Turbo 2up Gillette
8001090446893|Barberhøvel Proglide Flexball Power 1up
7050657107051|Barista Chocolate Gourmet Syrup 250ml
7035620035005|Barmix Nøtter 200g Eldorado
7070334991438|Barmix Sweet&Sour 450g Strag
7340213302403|Barneplaster Sonic 20stk Salvequick
7029340123203|Basic Knee Highs 20 Den X2 Sunkissed 36-41 La Mote
7029340085051|Basic Socks X4 Black 37-40 pr
7029340085174|Basic Socks X4 Black 41-45 pr
7029340153941|Basic Socks X4 Blagreyrib 41-45 Pierre Robert
7029340085181|Basic Socks X4 Blue/Green Rib 41-45 pr
7029340085068|Basic Socks X4 Pastel Rib 37-40 pr
7029340085075|Basic Socks X4 White Rib 37-40 pr
5010724527375|Batiste Tørrshampo Blush 200ml
5010724527481|Batiste Tørrshampo Original 200ml
5010724527511|Batiste Tørrshampo Tropical 200ml
7311041083734|Batteri 9v 2stk First Price
7638900416879|Batteri Extreme Aaa 800 Mah 4stk Energizer
7638900437720|Batteri Max Aa Chp8 8stk Energizer
7638900437843|Batteri Max Alk Aa 16stk Energizer
7638900438291|Batteri Max Alk Aaa 16stk Energizer
7638900437980|Batteri Max Alk Aaa Chp8 8stk Energizer
7638900437300|Batteri Max Plus Alk Aa 4stk Energizer
7638900426533|Batterier 9v Max 2stk Energizer
7638900423389|Batterier 9v Max Plus 1stk Energizer
7638900262643|Batterier Aa Ultimate Lithium 4stk Energizer
7638900273267|Batterier Aaa Lithium 4stk Energizer
7638900423334|Batterier C Max Plus 2stk Energizer
7638900415353|Batterier Cr2016 Lithium 3v 4stk Energizer
7638900415360|Batterier Cr2025 Lithium 3v 4stk Energizer
7638900450361|Batterier Cr2032 Lithium 4stk Energizer
7638900452709|Batterier Cr2032 Ultimate Lithium 4stk Energizer
7638900379914|Batterier Cr2430 Lithium S Fsb 2pk
7638900381795|Batterier Cr2450 S 2stk Energizer
7638900423358|Batterier D Max Plus 2stk Energizer
7638900416893|Batterier Extreme Aa 2300 Mah 4stk Energizer
7311041019986|Batterier Lr03 Aaa 1,5v 8stk First Price
7311041019979|Batterier Lr06 Aa 1,5v 8stk First Price
7638900295634|Batterier Lr1/E90 2stk Energizer
7311041041505|Batterier Lr14 1,5v 2pk First Price
7311041041512|Batterier Lr20 1,5v 2pk First Price
7638900411164|Batterier Lr44/A76 4stk Energizer
7638900437461|Batterier Max Plus Alk Aaa 4stk Energizer
6006507008598|Bbq & Grill Sauce Sweet & Sticky 375ml Cape
7033330089653|Bbq Kyllingklubber m/Kremet Pastasalat 520g
7315200590811|Bbq Olje Original 250ml Caj P
7315200591207|Bbq Sauce Chunky 250ml Caj P
7311312009463|Bbq Sauce Sweet&Fruity 320g
8710604750950|Bearnaisesaus 3pk Knorr
7311041027059|Bearnaisesaus 4pk First Price
4251097402888|Beef Jerky Original 25g Jack Link's
4251097420035|Beef Jerky Original 60g Jack Link's
4251097402970|Beef Jerky Teriyaki 25g Jack Link's
4251097420097|Beef Jerky Teriyaki 60g Jack Links
7035620036668|Belgisk Konfekt 310g Jacobs Utvalgte
7035620009846|Belgisk Konfekt Karamell/Havsalt 155g Jacobs
7035620049002|Belgiske Trøfler Kakao 200g Jacobs Utvalgte
7035620047152|Belgiske Trøfler Karamell&Havsalt 200g Jacobs
8711327626386|Ben&Jerry's 465ml Non Dairy Cookies On Cookie
8711327667020|Ben&Jerry's Bohemian Raspberry 465ml
8711327666481|Ben&Jerry's Brookies&Cream 465ml
8711327374324|Ben&Jerry's Caramel Brownie Party 465ml
8711327370708|Ben&Jerry's Chocolate Fudge Brownie 465ml
8721274805383|Ben&Jerry's Churrifically Churros-Y 465ml
8711327373105|Ben&Jerry's Cookie Dough 465ml
8711327371002|Ben&Jerry's Half Baked 465ml
8711327626638|Ben&Jerry's Marshmallow & S'More 427ml
8711327374515|Ben&Jerry's Peanut Butter Cup 465ml
8711327374126|Ben&Jerry's Strawberry Cheese Cake 465ml
7071319031811|Berit Granola m/Puffet Havre 350g
2000238400007|Berlinerbolle m/Bringebær
2000291300009|Berlinerbolle m/Vanilje
2000907900005|Berlinerstang Sjokolade 100g stykk Ub
7035620041747|Bestikksett Trebestikk Unik
7039010610582|Betasuppe 112g Toro
7033330089004|Betasuppe Brimis 350g Fjordland
7035620051753|Bh Bambus Hvit L/XL Under
7035620056635|Bh Bambus Hvit S/M Under
7035620057328|Bh Bambus Sort L/XL Under
7035620057366|Bh Bambus Sort S/M Under
3086123644885|Bic Barberblader Hybrid 5 Flex 4stk
3086123220614|Bic Barberhøvel Comfort4 3stk
3086123644984|Bic Barberhøvel Hybrid 5 Flex m/4 Blader
3086123519176|Bic Barberhøvel Miss Soleil Sensitive 3pk
7035620053184|Biff Stroganoff m/Ris 480g Fersk & Ferdig
7071070916211|Biffkarbonader 400g Smedstuen
7350132941546|Big 100 Bar Cookie Dough 100g Pf
7070646290007|Big 100 Bar Cookies&Cream 100g
7070646227218|Big 100 Bar Mørk Sjokolade 100g Pf
7070646233257|Big 100 Bar Peanut&Caramel 100g Pf
7070646287403|Big 100 Bar Salty Caramel Choc 100g Pf
7070646233196|Big 100 Sjoko-Bana 100g Proteinfabrikken
50960705|Big Ben Papir 50bl
7041011070005|Big Deal Karamell 200ml Hennig-Olsen
7041011310118|Big Deal Peanøtt 180ml Hennig-Olsen
7039010566230|Big One Pizza American Classic 570g
7039010576581|Big One Pizza Bbq Chicken 560g
7039010566254|Big One Pizza Cheese 530g
7039010566261|Big One Pizza Meat Lover 555g
7039010566247|Big One Pizza Pepperoni 590g
7039010589109|Big One Pizza Xl Spicy Meat 850g
7310960024873|Billy Pan Pizza Original 4pk 680g
7310960042174|Billy Pan Pizza Taco Supreme 170g
7310960713654|Billys Pan Pizza Original 170g
4000576056858|Bind Normal Inkontinens 14stk First Price
7311041014028|Bind Normal m/Vinger 14stk First Price
8710522447109|Biotex Flytende Vaskemiddel Color 1.75l
8720181866968|Biotex Odour Defence Flytende 840ml
8720181866944|Biotex Speed Clean Flytende 840ml
8423453916780|Birra Corelli Lager 0,5l boks
8001435310018|Birra Moretti 0,33l flaske
8006890329797|Birra Moretti 0,33lx4 flaske
7312220096019|Biscoff Kjeks 250g Lotus
5410126006377|Biscoff Kjeks Sandwich Vanilje 150g Lotus
5410126006353|Biscoff Sandwich Sjo 150g Lotus
5410126116953|Biscoff Spread 400g Lotus
7610058003002|Biscotti 165g Roland
7039317008938|Bixit Mini 120g Sætre
7039317007412|Bixit Original 300g
7039317007351|Bixit Sjokolade 200g Sætre
7044416009960|Bjørn Havremel 1kg Axa
78895941609|Black Pepper Sauce 350g Lee Kum Kee
7072770002297|Bladpersille Premium Urt Langtidsholdbar
7035620065828|Bleiepose til Bleiebøtte Ca240stk
7035620026973|Bleieposer 3x15stk Lillego
7035620064357|Bleier Str 1 28stk Vilje
7035620063176|Bleier Str 2 36stk Vilje
7035620060076|Bleier Str 3 56stk Vilje
7035620063275|Bleier Str 4 50stk Vilje
7035620058189|Bleier Str 5 44stk Vilje
7035620064999|Bleier Str 6 38stk Vilje
7035620063039|Bleier Str 7 22stk Vilje
7046110317518|Blenda Sensitiv Flytende 750ml
7046110312674|Blenda Sensitive Farger Pulver 950g
7046110312643|Blenda Sensitive Hvitt Pulver 950g
7046110320716|Blenda Tøymykner 750ml
7026593420141|Blinis Coctail 30stk 135g Waffle Factory
7310618427056|Bliw Håndsåpe Hvitveis 300ml
7310610029579|Bliw Håndsåpe Markjordbær Refill 300ml
7310618427001|Bliw Håndsåpe Rødkløver 300ml
2371521700006|Blodklubb Ca500g Brødr.Ringstad
7037204720857|Blodpølse Snabb 400g Gilde
7037610092975|Blomkål&Brokkoli Suppe 22g Rett i Koppen
7049881847086|Blomsterjord Torvfri 15l Nelson Garden
3664715031062|Blomsternæring 350ml Trim
7702018477418|Blue 3 Høvel Smooth Engangs 4stk Gillette
7090018952500|Blue Master 20pk
7023063724020|Bluey 3: Feriespesial
7333352079121|Blush Stick 40 Isadora
7333352079138|Blush Stick 42 Isadora
7333352079145|Blush Stick 44 Isadora
7333352079152|Blush Stick 46 Isadora
7035620035715|Blyanter 3pk m/Spisser Unik
2000802400006|Blåbærmuffins 100g
7041614007149|Bløtkake 15 Biter 1,71kg Meny
7023069201341|Bo Bedre .
7311041084939|Bodylotion 500ml First Price
7039317005968|Bokstavkjeks 175g Sætre
7035620021725|Boksåpner 1stk Unik
7023062611307|Boligpluss .
7044410713221|Boller Lettbakte 1kg Regal
8718300886263|Boller Plantebasert 200g Vivera
7039010562126|Bolognese Gryte Fiberrik 207g Toro
9788234723223|Bomberen .
7311041087565|Bomull 100g First Price
7311041087558|Bomullspads Rund 80stk First Price
7029121001560|Bomullspads Økologisk 100stk Sano
7046110077665|Bomullspinner 206stk Q-Tips
7311041085561|Bomullspinner 300stk First Price
7035620066788|Bomullspinner 60stk Øko Fsc Vilje
7029121001553|Bomullspinner Økologisk 200stk Sano
7023064904926|Bonytt Bc
3162150033042|Bouchees Mini 12stk 66g 3toques
7029340124576|Boxer Cotton Dame Grey/Pink Xl Pierre Robert
7029340124552|Boxer Cotton Grey/Pink M Pierre Robert
7029340132670|Boxer Cotton Men Black L Pierre Robert
7029340132649|Boxer Cotton Men Black M Pierre Robert
7029340132656|Boxer Cotton Men Black Xl Pierre Robert
7029340109894|Boxer Cotton Men Black/Navy/Army L Pierre Robert
7029340109887|Boxer Cotton Men Black/Navy/Army M Pierre Robert
7029340109900|Boxer Cotton Men Black/Navy/Army Xl Pierre Robert
7029340109917|Boxer Cotton Men Black/Navy/Army Xxl Pierre Robert
7029340132694|Boxer Cotton Men Navy L Pierre Robert
7029340132687|Boxer Cotton Men Navy M Pierre Robert
7029340132700|Boxer Cotton Men Navy Xl Pierre Robert
7029340109948|Boxer Cotton Men Sea/White/Grey L Pierre Robert
7029340109931|Boxer Cotton Men Sea/White/Grey M Pierre Robert
7029340109955|Boxer Cotton Men Sea/White/Grey Xl Pierre Robert
7029340109962|Boxer Cotton Men Sea/White/Grey Xxl Pierre Robert
7029340133127|Boxer Cotton Men X1 Black Xxl Pierre Robert
7029340109856|Boxer Cotton Men X3 Black L Pierre Robert
7029340109825|Boxer Cotton Men X3 Black M Pierre Robert
7029340109832|Boxer Cotton Men X3 Black Xl Pierre Robert
7029340109863|Boxer Cotton Men X3 Black Xxl Pierre Robert
7029340128970|Boxer Cotton X2 Dame Black L Pierre Robert
7029340128987|Boxer Cotton X2 Dame Black M Pierre Robert
7029340128994|Boxer Cotton X2 Dame Black S Pierre Robert
7029340129007|Boxer Cotton X2 Dame Black Xl Pierre Robert
7029340124569|Boxer Cotton X2 Dame Grey/Pink L Pierre Robert
7029340124545|Boxer Cotton X2 Dame Grey/Pink S Pierre Robert
7035620057212|Boxershorts Bambus Sort L 2pk Under
7035620055867|Boxershorts Bambus Sort M 2pk Under
7035620053597|Boxershorts Bambus Sort Xl Under
7022270854056|Bramat 5-Kornbrød 600g
7022270854025|Bramat Grøtmiks Havre&Rug&Spelt 500g Stangeland
5056025421387|Brewdog Punk Af Alk.Fri 0,33l boks
5056025476097|Brewdog Wingman Session Ipa 0,5l boks
7310040052260|Bridge 180g Cloetta
7035620057106|Brief Bambus Dame Sort L/XL 2pk Under
7035620055577|Brief Bambus Dame Sort S/M 2pk Under
7333352081698|Bright Base Nail Whitener 04 Isadora
5701098263005|Brillerenseserviet 30stk Sterling
7041614010514|Bringebær Dripcake 8bit 1,16kg Bakehuset
4770179990568|Bringebær m/Sjokolade 90g Picks
7037421062822|Bringebærbiter 8stk 150g Berthas
2000236900004|Bringebærterte Fransk 110g Fryst
7071848100538|Brioche Bagels 4pk 300g
7071848023905|Brioche Baguette 340g United Bakeries
7071848103225|Brioche Gourmet 500g United Bakeries
7071848103232|Brioche Gourmet m/Sjokolade 500g United Bakeries
7071848022540|Brioche Sandwichbrød 500g
7041614020247|Brix Korn 6stk 420g Bakehuset
7041614021893|Brix Valmue 6pk
8995899480113|Broad Nudler 200g Bali Kitchen
7039010610681|Brokkoli & Blomkål Suppe 68g Toro
7333352085054|Bronzing Powder 43 Isadora
7317851249452|Bronzing Powder 45 Highlight Tan Isadora
7333352085061|Bronzing Powder 46 Isadora
7333352085078|Bronzing Powder 48 Isadora
7333352085085|Bronzing Powder 49 Isadora
7317851289076|Bronzing Powder 7 Beach Tan Isadora
7044610875903|Brooklyn Lager 0,5l boks
7044611875902|Brooklyn Lager 0,5lx6 boks
7310070004208|Brooklyn Special Effects 0,33l flaske
7044610877242|Brooklyn Stonewall Inn Ipa 0,5l boks
7317851237411|Brow Fine Liner 41 Taupe Isadora
7317851237428|Brow Fine Liner 42 Soft Brown Isadora
7317851237435|Brow Fine Liner 43 Medium Brown Isadora
7317851237442|Brow Fine Liner 44 Walnut Brown Isadora
7333352084811|Brow Fix 24h Pencil 02 Isadora
7333352084828|Brow Fix 24h Pencil 03 Isadora
7333352084835|Brow Fix 24h Pencil 04 Isadora
7333352084842|Brow Fix 24h Pencil 05 Isadora
7317851237503|Brow Fix Clear Gel 50 Isadora
7317851237541|Brow Fix Eyebrow 54 Isadora
7333352110268|Brow Fix Hold&Care Gel 03 Medium Brown 3,5ml
7317851237008|Brow Fix Pencil 00 Clear Isadora
7317851237534|Brow Fix Tint 53 Isadora
7317851237510|Brow Fix Tint Gel 51 Isadora
7317851237527|Brow Fix Tint Gel 52 Isadora
7317851237015|Brow Powder Pen 1 Black Isadora
7317851237039|Brow Powder Pen 3 Dark Brown Isadora
7317851237053|Brow Powder Pen 5 Medium Brown Isadora
7317851237077|Brow Powder Pen 7 Light Brown Isadora
7317851237091|Brow Powder Pen 9 Taupe Isadora
7041614020490|Brownie 340g Bakehuset
7035620061073|Brownie Bites 200g Eldorado
7071848000401|Brownie Mini 300g United Bakeries
8411037800037|Brownies Chocolate 200g Mr Brownie
7090024960964|Brownies m/Sjokolad Økol 510g Superbra
7037610239097|Brownies Mix Langpanne 883g Toro
7039010603027|Brownies Original 557g Toro
8710604729291|Brun Saus 3pk Knorr
7055330013230|Brun Saus Klassisk 2dl F&S
7037610008044|Brun Saus m/Løk Toro
7037610008532|Brun Saus Original Toro
3800205877561|Bruschette Fine Cheese 150g Sel Maretti
3800205872948|Bruschette Garlic 150g Maretti
3800205872955|Bruschette Tomat&Oliven 150g Maretti
7035620064838|Brytebakst Halvgrov 315g Eldorado
7035620066863|Brytebakst m/Grana Padano 360g Eldorado
7035620065484|Brytebakst m/Kanelsmør 300g Eldorado
7035620066283|Brytebakst m/Rosmarin&Salt 300g Eldorado
4770350141505|Brødchips Ost&Hvitløk 120g Bon Chance
4770350142120|Brødchips Vårløk&Rømme 120g Bon Chance
7033250461775|Brødkniv 8 1stk Unik
7311041085417|Brødposer 6l 100stk First Price
7035620049446|Brødposer 6l 65stk Unik
8001250120144|Bucatini Piccoli 500g De Cecco
8412600063637|Buckin Ranch 100g Takis
8594403703498|Budweiser Budvar 0,5l boks
8594403711073|Budweiser Budvar Alk.Fri 0,33l boks
7035620064036|Buksebleie Str 4 42stk Vilje
7035620062926|Buksebleie Str 5 38stk Vilje
7035620064975|Buksebleie Str 6 34stk Vilje
7035620065002|Buksebleie Str 7 32stk Vilje
7035620060816|Buksebleie Str 8 28stk Vilje
7312787710403|Bulgur 450g Gogreen
7035620044885|Bulgur&Hummussalat 250g Eldorado
5411718910959|Bulmers Cider Original 0,5l flaske
8718300886270|Burger Plantebasert 150g Vivera
7041614010217|Burgerbrød Grove 2stk 160g Reale
7041614007262|Burgerbrød Grove 6stk 480g Reale
7041614007248|Burgerbrød Hurra 6stk 480g Bakehuset
7035620053511|Burgerbrød m/Surdeig 4stk Jacobs Utvalgte
7041614010224|Burgerbrød Sesam 2stk 180g Reale
7041614007286|Burgerbrød Store m/Sesam 6stk 540g Reale
7090062490485|Burgerdressing 245g Inderøy 64° Nord
792850140004|Burts Bees Lipbalm Beeswax Peppermynte 4,25g
792850164000|Burts Bees Lipbalm Pomegranate 4,25g
7037421051970|Butterdeigsplater 75gx6stk Bakeverket
7033330080728|Bygglunsj Blåbær 150g Fjordland
7033330080711|Bygglunsj Bringebær 150g Fjordland
7033330080735|Bygglunsj Jordbær 150g Fjordland
7044410164115|Byggmel 1kg Regal
7090024960247|Byggotto m/Steinsopp Økol 250g Superbra
7020655533077|Byggris Boil In Bag 300g Møllerens
7020655410026|Byggryn 1kg Norgesmøllene
7033330080698|Byggrynsgrøt Av Skjåkgryn 370g Fjordland
7041012750005|Båtis Multipack 5stk Hennig-Olsen
8683280725775|Bær Mix Dragee Frysetørket 60g Patislove
7071828013537|Bærenett Meny Durabag Resirk Plast
7071828014367|Bærenett Meny med Lomme 43+10x66cm 1stk
7035620043406|Bønner Brune Tørkede 500g Eldorado
2000935900008|Bønnesalat m/Oliven Menys Egen pr Kg
2000268800006|Børek M Kylling og 4 Oster 100g pr stykk
2000789700007|Børek m/ Potet 100g pr stykk Kald
2000799400003|Børek m/Fetaost 100g pr stykk Kald
2000201200009|Børek m/Spinat & Feta 100g pr stykk Varm
2000799800001|Børek m/Tzatziki med Kylling pr stykk 100g
7090034925427|C Dusjgele Appelsinblomst&Sitrus 400ml C Soaps
7090034925403|C Dusjgele Sitronverbena&Ylang Ylang 400ml
7090034920156|C Glass&Speilspray Agurk&Mynte 500ml C Soaps
7090034923034|C Husvask Furuskog 500ml C Soaps
7090034920019|C Håndsåpe Lavendel 250ml C Soaps
7090034920033|C Håndsåpe Sitron&Ingefær 250ml C Soaps
7090034920118|C Multispray Agurk&Mynte 750ml C Soaps
7090034920101|C Multispray Lavendel 750ml C Soaps
7090034920132|C Toalettrens Rosmarin 1l C Soaps
7090034927421|C Tryllesåpe Flekkfjerner 90g C Soaps
7090034928190|C Tøyvask Lavendel 750ml C Soaps
7090034924963|C Vidunderkrem Lavendel m/Svamp 300g C Soaps
7090034924260|C Vidunderkrem Sitron m/Svamp 300g C Soaps
41321005657|Caesar Dressing Creamy 444ml Wishbone
7090060810223|Caesarsalat 300g Palett
7039317007436|Cafe Bakeriet Myk Karamell 200g
7039317007320|Café Bakeriet Sjokoladeterapi 200g
8435821600399|California Trio 240g Sushi Take
76149122|Camel Blue 20pk
76149108|Camel Filter 20pk
8001250201003|Cannelloni 250g De Cecco
7035620023361|Cantuccini Kjeks m/Mandler 200g Jacobs Utvalgte
8006013990965|Cappellaccio Kantarell&Grana Padano 250g
7050657251051|Caramel Syrup 25cl Barista
7055330035515|Carbonara F&F 350g Matbørsen
8721201916960|Carbonara Pastasaus 23g Knorr
7023060137373|Carl Barks Andeby
7044610875019|Carlsberg Free 0,33l flaske
7044611875018|Carlsberg Free 0,33lx6 flaske
7044610874623|Carlsberg Pilsner 0,33l boks
7044610874999|Carlsberg Pilsner 0,33l flaske
7044611874622|Carlsberg Pilsner 0,33lx10 boks
7044611874998|Carlsberg Pilsner 0,33lx6 flaske
7044610874968|Carlsberg Pilsner 0,5l boks
7044613876150|Carlsberg Pilsner 0,5lx6 boks
83078611156|Carmex Leppepomade Krukke 7,5g
83078005238|Carmex Leppepomade Stick 4,25g
83078611149|Carmex Leppepomade Tube 10g
72417137327|Cartoonies Sjokoladekjeks 150g
4001724015635|Casa Di Mama Pizza 4 Formaggi 410g Dr.Oetker
4001724015567|Casa Di Mama Pizza Trio Di Carne 405g Dr.Oetker
7041111145818|Cashew Pepper 150g Dln
7041111158610|Cashewnøtter m/Havsalt 190g Dln
7040512880939|Cashewnøtter Ristet&Usaltet 65g Grønn&Frisk
7035620034367|Cashewnøtter Saltet 150g Eldorado
7041111155794|Cashewnøtter Sourcream&Onion 150g Dln
7041110121394|Cashewnøtter Store u/Salt 160g Dln
7029123531003|Catzy Hårskum Mega Hold 200ml
7029123531010|Catzy Hårspray Mega Hold 250ml
7030019532189|Cb Pilsner 0,5l boks
7030019532196|Cb Pilsner 0,5lx6 boks
7333352079022|Cc + Cream 1n Isadora
7333352079039|Cc + Cream 3n Isadora
7333352079046|Cc + Cream 5n Isadora
7333352079053|Cc + Cream 7n Isadora
7333352079060|Cc + Cream 9n Isadora
7333352079077|Cc + Cream Green Isadora
3065890148550|Cesar Country Chunks In Gravy 4x150g
7035620042164|Champagneglass 20cl 2stk Unik
8851993725010|Chang Cold Brew Lager 490ml boks
5900020037046|Cheerios Havre 375g Nestle
5011476102957|Cheerios Multi 375g Nestle
7312930009255|Cheesecake Daim 85g Almondy
7312930009279|Cheesecake Oreo 80g Almondy
7312930010381|Cheesecake Toblerone 85g Almondy
3073781189896|Cheez Dippers Original 175g Den Leende Ko
7041614024658|Chiapudding med Bringebær 210g Bakehuset
7310500192048|Chicken Burger 227g Findus
7039010562966|Chicken Chili Bowl 170g Toro
7310500192161|Chicken Nuggets Chicken Shop 250g Findus
7035620058264|Chiffonkluter 5stk Unik
7044710300176|Chili Cheese Nuggets 250g Hoff
7071992004256|Chili Nan Håndlagde 260g Masalamagic
7041111152526|Chilinøtter 160g Den Lille Nøttefabrikken
7035620035647|Chilinøtter 175g Eldorado
6006507008888|Chilli Crunch Rub 75g Cape Herb&Spice
6901055001650|Chinkiang Vinegar 155ml Golden-Plum
6006507008574|Chipotle Bbq&Grill Sauce 375ml Cape Herb&Spice
8410564001412|Chips Mediterranean 125g Frit Ravich
8410564001351|Chips Salt&Eddik 125g F.Ravich
7073231002054|Chiron Bodylotion Gradual Selftan 200ml
7073231001699|Chiron Conditioner Hydrating 250ml
7073231001675|Chiron Conditioner Repairing 250ml
7073231002740|Chiron Daycreamspf30 Protect&Hydrate 50ml
7073231001156|Chiron Face Cream Aloe Vera 50ml
7073231000944|Chiron Hand Cream No7 Soft Cashmere 75ml
7073231000265|Chiron Håndsåpe No1 Sea Salt 500ml
7073231000289|Chiron Håndsåpe No2 Green Remedy 500ml
7073231000272|Chiron Håndsåpe No3 Love Ritual 500ml
7073231000838|Chiron Håndsåpe No5 Grapefruit&Ginger 500ml
7073231002078|Chiron Mousse Selftan Dark 200ml
7073231002061|Chiron Mousse Selftan Medium 200ml
7073231002085|Chiron Selftan Selvbruningshanske Mitt
7073231001682|Chiron Shampoo Hydrating 250ml
7073231001668|Chiron Shampoo Repairing 250ml
7073231002351|Chiron Showergel Bergamot&Neroli 400ml
7073231001033|Chiron Showergel No11 Blooming Bliss 200ml
7073231001606|Chiron Showergel No12 Sea Salt 200ml
7073231002368|Chiron Showergel Vetiver & Santal 400ml
7073231002344|Chiron Showeroil Moisturising&Softening 400ml
8712514820501|Choc Wafer Sukkerfri 34g Debron
7035620050459|Choco Chip Cookies 225g First Price
7058020020914|Chrysanthemum Busk 19cm
7044711301028|Churros 180g Hoff
7035620066870|Ciabatta m/Sorte Oliven 300g Eldorado
7035620058516|Ciabatta Steinovnsbakt 4x62g Eldorado
5053307078741|Cl Match Attax Extra Cards 26/27
7090044042145|Classic Ipa 0,5l boks Klokk&Co
4008429065651|Classic Kylling 85g Sheba
7030019522074|Clausthaler Original 0,33l boks
7030019522043|Clausthaler Original 0,33lx6 boks
7030019536644|Clausthaler Radler Grapefruit 0,33l boks
7030019536651|Clausthaler Radler Grapefruit 0,33lx4 boks
7030019529219|Clausthaler Radler Lemon 0,33l boks
7030019529240|Clausthaler Radler Lemon 0,33lx4 boks
7030019542454|Clausthaler Radler Lite Pear Ginger 0,33 boks
7030019542461|Clausthaler Radler Lite Pear Ginger 0,33lx4 boks
5705833080728|Clever Cat Biff pose 30g
5705833080681|Clever Cat Flytende Godbit 4x15g
5705833080711|Clever Cat Kylling pose 30g
5705833080667|Clever Cat Mix Poser 12x85g
7041614024542|Club Sandwich 190g Bakehuset
5010038462423|Cobra 0,33l flaske
8410999000400|Cocktailpinner i Tre 400stk Betik
5059319023168|Coco Pops Chocos 330g Kellogg's
5410426191902|Coctailsaus 250g Fondua
7310350505203|Cola Twist 100g Malaco
7090056760112|Cola Økologisk 0,33l flaske Lykki
5056025477063|Cold Beer Lager 0,44l Brewdog
8718951743595|Colgate Tannbørste Brilliant Star Medium
8718951703964|Colgate Tannbørste Gentle Clean Sensitive Soft
8714789584294|Colgate Tannbørste Soft Twister
8714789740027|Colgate Tannbørste Twister Medium 2stk
8718951560673|Colgate Tannkrem Karies Kontroll
8718951559011|Colgate Tannkrem Karies Kontroll 125ml
8718951313378|Colgate Tannkrem Max Fresh Cooling Crystals 75ml
8718951540033|Colgate Tannkrem Max White Purple 75ml
8718951553224|Colgate Tannkrem Sensation White
8718951690974|Colgate Tannkrem Total Gum Care Sensitive
8718951684119|Colgate Tannkrem Total Original 75ml
7046110318911|Comfort Tøymykner Duggfrisk Sommerhage 750ml
7046110318812|Comfort Tøymykner Fresh Tech 750ml
7046110320945|Comfort Tøymykner Magnolia 750ml
7046110318843|Comfort Tøymykner Sensitiv 750ml
7046110320914|Comfort Tøymykner Varm Vanilje 750ml
7046110318942|Comfort Tøymykner Vårfornemmelse 750ml
7317851244501|Concealer No Comp 1nc Isadora
7317851244518|Concealer No Comp 1nw Isadora
7317851244525|Concealer No Comp 3nc Isadora
7317851244532|Concealer No Comp 3nw Isadora
7317851244549|Concealer No Comp 5nc Isadora
7317851244556|Concealer No Comp 5nw Isadora
7317851244563|Concealer No Comp 7nc Isadora
7317851244570|Concealer No Comp 7nw Isadora
7317851244587|Concealer No Comp 9nc Isadora
7317851244594|Concealer No Comp 9nw Isadora
7317851241104|Concealer Stick 1n Isadora
7317851241203|Concealer Stick 20 Peach Cc Isadora
7317851241227|Concealer Stick 22 Orange Cc Isadora
7317851241128|Concealer Stick 3n Isadora
7317851241142|Concealer Stick 5n Isadora
7317851241166|Concealer Stick 7n Isadora
7317851241180|Concealer Stick 9n Isadora
7333352097958|Concealer Wutg Radiant 1n Isadora
7333352097972|Concealer Wutg Radiant 5n Isadora
7333352097989|Concealer Wutg Radiant 7n Isadora
7333352097996|Concealer Wutg Radiant 9n Isadora
8001250120502|Conchiglie 500g De Cecco
3574661895376|Conditioner Leave-In Spray 200ml Johnson's Kids
7333352078742|Contour Kajal 60 Isadora
7333352078759|Contour Kajal 61 Isadora
7333352078766|Contour Kajal 62 Isadora
7333352078773|Contour Kajal 63 Isadora
7333352078780|Contour Kajal 64 Isadora
7333352078797|Contour Kajal 65 Isadora
7333352078803|Contour Kajal 66 Isadora
7333352078810|Contour Kajal 67 Isadora
7333352078827|Contour Kajal 68 Isadora
7333352078834|Contour Kajal 69 Isadora
7333352078841|Contour Kajal 70 Isadora
7333352078858|Contour Kajal 71 Isadora
7333352079084|Contour Stick 30 Isadora
7333352079091|Contour Stick 32 Isadora
7333352079107|Contour Stick 34 Isadora
7333352079114|Contour Stick 36 Isadora
2000894000009|Cookie Brownie 54g United Bakeries
7090008304227|Cookie Dough Iskrem 0,5l Kulinaris
2000845000003|Cookie Melkesjok. 54g United Bakeries
2000894100006|Cookie Sitron 54g United Bakeries
7622201637255|Cookieglede Oreokrem Freia
7090024960988|Cookies Chocolate Chips Øko 380g Superbra
7044416017026|Cookies Lys 300g Regal
2000241700002|Cookies Melkesjokolade 5pk
7071848106011|Cookies Milk Choco 240g United Bakeries
8593868007516|Coors 0,33l flaske
8593868007547|Coors 0,33lx6 flaske
5000198136401|Corega Nøytral Protesemiddel 40g
5738001092490|Corn Flakes 500g Kelloggs
7035620011788|Corn Flakes 750g First Price
4011800563516|Corny Big Bar Chocolate 50g
4011800565510|Corny Big Bar Peanut 50g
4011800407513|Corny Big Bar Salted Caramel 40g
5410228292241|Corona Cero 0,33l flaske
5410228292784|Corona Cero 0,33lx6 flaske
5410228277613|Corona Extra 0,33l boks
75041670|Corona Extra 0,33l flaske
5410228277743|Corona Extra 0,33lx6 boks
5410228309451|Corona Extra 0,33lx6 flaske
7023062303974|Costume Tidskrift
7041614024665|Cottagecheese m/Blåbær 200g Bakehuset
7388065412505|Country Living (Uk)
7035620020490|Couscous 500g Eldorado
7312787710502|Couscous Fullkorn 400g Gogreen
8445291065475|Couscous&Kylling 1-3 År 220g Nestle
8445291061637|Couscous&Kylling 8mnd 190g Nestle
7613037801903|Couscous&Laks 1-3år 220g Nestle
5011166018896|Crabbies Ginger Beer 0,5l flaske
7035620040337|Crabsticks Msc 250g Fiskemannen
5060162824543|Crackers m/Fiken 125g Fine Cheese Co
5060162824468|Crackers Rosmarin 125g Fine Cheese Co
5000396036640|Cream Crackers 200g Carr's
7034280110633|Creamy Parmesan Dressing 60g Peppes Loaded
7310130010750|Creamy Ranch 150g Finn Crisp
7041011235114|Creme Choc’O Brownie 95ml Hennig-Olsen
8710734280013|Cricket Electronic 50
3179110001140|Cricket Husholdningslighter
7310500178257|Crispies Sprøbakt 370g Findus
7037710050028|Crispo 155g Nidar
7037710021264|Crispo 65g Nidar
7072175114335|Crispy Burger 270g Wauw!
7039610013899|Crispy Burger Kylling 180g Prior
7310500192017|Crispy Chicken Chicken Shop 170g Findus
2000592000004|Crispy Drumsticks Av Kylling Bøtte Ca250g pr stykk
2000625500006|Crispy Drumsticks Av Kylling pr Kg
7035620058233|Crispy Duck Kit m/Pannekake 550g Jacobs Utvalgte
8718300873560|Crispy Snitzel Plantebasert 200g Vivera
2000878100008|Crispy Sticks Av Kylling Bøtte Ca180g pr stykk
7039610010836|Crispy Sticks Kylling 230g Prior
2000250400009|Croissant m/Ost&Skinke Varm pr stykk
2000277000008|Croissant m/Sjokolade
7035620017902|Croissanter 6stk 360g Jacobs Utvalgte
2000266900005|Croughnut med Sjokolade 95g
3185200000177|Croutons Caesar 50g Tipiak
8710398516947|Cruesli 4 Nuts 450g Quaker
8710398518705|Cruesli Solfrokost 450g Quaker
8435821600344|Crunchy California 260g Sushi Take
9120013233392|Crunchy Eple&Kanel Økologisk 375g
9120013234245|Crunchy Honning Økologisk 375g Bioking
9120043211933|Crunchy Kokos&Bær Økologisk 375g
7035620058813|Crunchy Musli 750g First Price
7311120236297|Crush Cloudy Summer 0,5l boks Halmstad
8007770320125|Crustini Hvitløk&Persille 120g Panmonviso
8007770320132|Crustini Oliven 120g Panmonviso
8007770320149|Crustini Rosmarin 120g Panmonviso
8007770320156|Crustini Sjøsalt&Olje 120g Panmonviso
5010338405083|Curry Paste Yellow 110g Blue Dragon
8854404005213|Curry Sauce Yellow 300g Blue Elephant
71475740012|Cæsar Dressing 350ml Cardinis
7022070000141|Dagbladet Lørdag
7022070000110|Dagbladet Man,Tir,Tor
7022070000011|Dagbladet Ons,Fre
7026780000026|Dagens Næringsliv Fredag og Lørdag
7044610875637|Dahls Sommerøl 0,5l boks
7044613876075|Dahls Sommerøl 0,5lx6 boks
7041011090003|Daim Balltop 180ml Hennig-Olsen
2000257200008|Dansk Rugbrød 840g Halvstekt
2000298000001|Dansk Rugbrød m/Solsikkefrø 840g
7310617313497|Define Balsam Clean&Healthy 400ml
7310617313404|Define Balsam Moroccan Argan Oil 400ml
7310617313374|Define Balsam Pure Blonde 400ml
7310617313138|Define Balsam Strength&Rebuild 400ml
7310617313442|Define Balsam Weightless Shine 400ml
7046110048177|Define Dry Shampoo Original 200ml
7046110048290|Define Hairspray Extreme Hold 200ml
7046110048351|Define Hairspray Natural Hold 200ml
7046110326497|Define Hairsray Texture&Volume 200ml
7310617312865|Define Hårkur Leave-In Treatment 100ml
7046110326169|Define Hårkur Repair&Care Hair Mask 200ml
7046110059531|Define Men Clay Moulding 80ml
7046110059722|Define Men Mud Soft 80ml
7046110059753|Define Men Wax Aqua 80ml
7046110048207|Define Mousse Pure Volume 200ml
7310617313466|Define Shampoo Clean&Fresh 250ml
7310617313480|Define Shampoo Clean&Healthy 400ml
7310617313381|Define Shampoo Moroccan Argan Oil 400ml
7310617313367|Define Shampoo Pure Blonde 400ml
7310617313169|Define Shampoo Strength&Rebuild 400ml
7310617313428|Define Shampoo Weightless Shine 400ml
7046110063088|Define Spray Heat Protection 150ml
7046110326244|Define Tørrshampo Volume 200ml
7300400129206|Delicate Crackers Sea Salt 180g Wasa
7300400121644|Delikatess Sesam 285g Wasa
8712429350100|Demae Ramen Kylling 100g Nissin
8712429361106|Demae Ramen Spicy 100g Nissin
9788234725050|Den Siste Saken .
7023060426668|Den Store Boken Boken Om Super Mario
7312134791727|Dental Sticks L Box Hygiene Dogman
5705833215304|Dental Sticks m/Kylling 80g Treateaters
5709954012996|Derma After Sun Lotion 200ml
5709954037890|Derma Bodylotion Eco 400ml
5709954038019|Derma Micellar Water Eco 200ml
5709954037975|Derma Serum Anti-Age Eco 30ml
5709954043297|Derma Sun Kids Roll On Lotion Spf50 50ml
5709954045000|Derma Sun Lip Balm Spf50 10ml
5709954015256|Derma Sun Lotion Spf30 200ml
5709954034264|Derma Sun Roll On Lotion Spf30 50ml
5709954015317|Derma Sunstick Spf50 18ml
7037421053974|Dessertkjeks m/Sjokoladekrem 102g Berthas
7023060603380|Det Lette Kryssordbladet
9788253554457|Det Unike Mennesket
5714156234756|Detangle Børste 1stk Rosa/Grønn
7039317008891|Digestive Kjeks Fullkorn 400g Sætre
7039317008907|Digestive Kjeks Original 400g Sætre
7035620062650|Dim Sum Mix 12stk 340g Jacobs Utvalgte
7350019150061|Dipkjeks 100g Huså
7023062608192|Disneys Prinsesser
5017397001959|Divine Chocolate 85% Dark 90g
4006000127606|Dobbeldusch Sport Showergel 250ml
8720182929440|Domestos Power Foam Rengjøringsspray 435ml
8712561175159|Domestos Toilet Sticks 48g
8720181057823|Domestos Universal m/Klor 450ml
8720182904980|Domestos Wc Block Power 5 Magnolia 50g
8720182788511|Domestos Wc-Block 3i1 Citrus 35g
8720182871145|Domestos Wc-Block Ocean Power 5stk
8720182871114|Domestos Wc-Block Power5 Ocean 3pk 50g
8720181714344|Domestos Wc-Gel Extended Power Original 750ml
8720182431295|Domestos Wc-Gel Fresh Power Floral 750ml
8720182431271|Domestos Wc-Gel Fresh Power Lime 750ml
7023065300901|Donald Duck & Co. .
7023060133658|Donald Duck Oneshot Camping
7023065100907|Donald Duck&Co .
7023063900370|Donald Kryss .
7023061016561|Donald Spesial .
2000218600007|Donut Bringebærsmak 78g
2000217400004|Donut m/Norsk Bringebær 72g
2000285900000|Donut Marshmallows Rosa 59g
2000290300000|Donut Sjokolade 75g
2000565800006|Donut Sjokolade/Kokos 72g
7035620052330|Donuts Mini Trio 9stk 276g Eldorado
8710398161987|Doritos Nacho Cheese 170g
8710522568163|Dove Balsam Colour Care 350ml
8720182259332|Dove Bar Soap Cucumber&Green Tea 90g
8720182264664|Dove Bar Soap Original 90g
40883007|Dove Body Cream Silky Pampering 300ml
8720181291807|Dove Deo Spray Pomegranate Advanced Care 150ml
59099574|Dove Deo Stick Cucumber&Green Tea Antiperspirant
59099604|Dove Deo Stick Original Antiperspirant 50ml
96081754|Dove Deostick Men+Care Clean Comfort 50ml
59092582|Dove Roll-On Men+Care Clean Comfort 50ml
59095842|Dove Roll-On Original Antiperspirant 50ml
59095316|Dove Roll-On Pomegranate&Lemon 50ml
8720181385995|Dove Self-Tan Body Lotion Light To Medium 75ml
8720181386008|Dove Self-Tan Body Lotion Medium To Dark 75ml
8720181260544|Dove Self-Tan Medium To Dark 200ml Lotion
8712561488297|Dove Shampoo Color Care 400ml
8720181471605|Dove Showergel Fresh Care 450ml
8720181466496|Dove Showergel Hydrate 450ml
8720181852343|Dove Showergel Men+ Care Activecomfort 250ml
7046110070239|Dr.Greve Ansikt Rens Vitamin-C 150ml
7046110069578|Dr.Greve Ansikt Servietter Vitamin-C 20stk
7310617313107|Dr.Greve Body Lotion Vitamin C 200ml
7310617312612|Dr.Greve Bodylot. Pleiende 200ml
7310617311080|Dr.Greve Dusjgele Aloe Vera 250ml
7310617311110|Dr.Greve Dusjgele Aloe Vera 400ml
7310610015442|Dr.Greve Dusjgele Mild&Pleiende 250ml
7046110070406|Dr.Greve Dusjgele Mild&Pleiende 250ml Refill
7310610018269|Dr.Greve Gele Aloe Vera 97% 100ml
7310610019051|Dr.Greve Håndkrem Hender og Negler 100ml
7310617311479|Dr.Greve Intimsåpe 200ml
7310617313282|Dr.Greve Intimvask Parfymefri 200ml
7310610015923|Dr.Greve Krem Ansikt Parfymefri 60ml
7046110067567|Dr.Greve Krem Ansikt Pleiende 50ml
7046110329511|Dr.Greve Krem Ansikt Vitamin C Spf30 50ml
7046110069677|Dr.Greve Lotion Aloe Vera 200ml
7046110075142|Dr.Greve Lotion Self-Tan 150ml
7310610023171|Dr.Greve Mann 2i1 Hår og Kropp 250ml
7310617311806|Dr.Greve Mann Ansiktskrem 60ml
7046110073865|Dr.Greve Nattkrem Pleiende 50ml
7046110073438|Dr.Greve Renseskum Foam Cleanser 150ml
70120820|Dr.Greve Roll-On Blossom Care Antiperspirant 50ml
70118858|Dr.Greve Roll-On Mann Antiperspirant 50ml
70120837|Dr.Greve Roll-On Pleiende Antiperspirant 50ml
7310617313343|Dr.Greve Scrub Vitamin C 200ml
7046110075173|Dr.Greve Selftan Drops 30ml
7046110073896|Dr.Greve Serum Pleiende 30ml
7310617313091|Dr.Greve Showergel Vitamin C 250ml
7310610026929|Dr.Greve Sjampo Mild 500ml
5690545003267|Draumur Lakris&Melkesjokolade 45g
5998749142394|Dreamies Catnip 60g
4008429151156|Dreamies Creamy Chicken 40g
4008429037894|Dreamies Kylling Kattesnacks 60g
4008429037962|Dreamies Laks Kattesnacks 60g
8714100824702|Dressingmix Fransk 24g Knorr
8714100824757|Dressingmix Gresk 3pk Knorr
8714100824740|Dressingmix Italiens 3pk Knorr
8714100824733|Dressingmix Urter 24 3pk Knorr
8711252269542|Drikkebelte m/2 Flasker Umbro
7070866031183|Drikkeflaske 0,75l Maxim
7035620044403|Drikkekopp m/Håndtak&Tut Lillego
7035620049484|Drikkekopp m/Sugerør 180ml Lillego
7035620049262|Drikkekopp m/Sugerør 270ml Lillego
7622400646065|Dronningsjokolade 100g Freia
7332531121705|Dry Shampoo Mist 150ml Got2b
7037421062372|Drømmekake 350g Berthas
8684154701505|Dubai Sjokolade 100g Lexus
7035620062681|Duftlys Amber Blush Unik
7035620060120|Duftlys Fresh Cotton Unik
7035620062278|Duftpinne Amber Blush 90ml Unik
7035620062773|Duftpinne Fresh Cotton 90ml Unik
6416453017412|Dumle Crunchy Salty Caramel 55g Fazer
6416453075795|Dumle Kjeks Original 120g Fazer
6411404035187|Dumle Original 120g Fazer
6416453020344|Dumle Smooth 41g Fazer
6411401017575|Dumle Snacks Bar 40g Fazer
6416453037601|Dumle Snacks Sjokolade 100g Fazer
673367155708|Dumpling Sauce Garlic 190ml Kimbo
7035620064593|Duopålegg 400g First Price
8007803000130|Durum Hvete 1kg Dallari
8004690258316|Durum Hvetemel Remilled Typo 00 1kg
7311041085004|Dusjgele 500ml First Price
7035620061929|Dusjsåpe Fiken&Sitrus 275ml Vilje
8718951685253|Dusjsåpe Honey 500ml Palmolive
7035620067266|Dusjsåpe Lotusblomst&Aloe Vera 275ml
8714789733104|Dusjsåpe Men Refreshing 500ml Palmolive
8714789732879|Dusjsåpe Milk&Honey 250ml Palmolive
9788248943150|Døde Sjeler Synger Ikke
7090033937469|Eazy Peazy 0,44l boks Amundsen
7035620058882|Ebi Tempura Reke 180g Jacobs Utvalgte
2000585000004|Eclairs m/ Sjokolade 2pk
2000585100001|Eclairs m/ Vanilje 2pk
5412533417616|Ecover Oppvask Sitron/Aloe Vera 450ml
5412533420463|Ecover Tøymykner Epleblomst 1l
5412533420425|Ecover Tøyvask Farget Tøy 1l
5412533420449|Ecover Tøyvask Ull&Finvask 1l
5412533420401|Ecover Tøyvask Universal 1l
8435821601044|Edamame 108g Sushi Take
7311312008794|Egg Noodles 250g Santa Maria
7035620022265|Eggedeler i Plast 1stk Unik
7090039280064|Eggløsningstest 10stk Make Sure
7035620000225|Eggnudler 250g Eldorado
8995899481912|Eggnudler Long Life 200g Bali Kitchen
5690541001281|Egils Maltextrakt 0,5l boks
7388087610507|Elle Decoration .
3600524163662|Elnett Hårspray Strong 200ml Loreal
3600524251185|Elvital Balsam Collagen Lifter 200ml
5410103915661|Elvital Balsam Color Vive 200ml Loreal
3600523583843|Elvital Balsam Dream Length 200ml Loreal
3600524030322|Elvital Balsam Hyauron Plump 200ml Loreal
3600524033071|Elvital Hårserum Hyaluron Leave-In Spray 150ml
5410103915654|Elvital Shampo Color Vive 250ml
3600524173098|Elvital Shampo Color Vive Refill 250ml
3600523583348|Elvital Shampo Dream Length 250ml
3600524173562|Elvital Shampo Dream Length Refill 250ml
3600524030278|Elvital Shampo Hyaluron Plump 250ml
3600524173579|Elvital Shampo Hyaluron Plump Refill 250ml
3600524251093|Elvital Shampoo Lifter Collagen 250ml Loreal
3600524250218|Elvital Volume Spray 200ml Loreal
7090014690109|Emmermel Sammalt Fin Økologisk 1kg Holli Mølle
7090014690130|Emmermel Siktet Økologisk 1kg Holli Mølle
8410076472397|Enchilada Kit 657g Old El Paso
7072964100402|Endelig Fredag 0,44l Haandbryggeriet
7037421027296|Energilefsa 75g Vestlandslefsa
2000265000003|Energirundstykke Grovt
2000673700007|Energirundstykke m/Ost&Skinke
7071848100835|Energirundstykker Grove 6pk 480g United Bakeries
7638900052008|Energizer Lithium El123 1stk
5907716792104|Engangsgrill 1stk Gryfskand
4023103235366|Engangshansker Food Safe Vileda
7035620060311|Engangskluter Tørre Sensitiv 100stk Vilje
8005121000795|Englehårspasta Filini 79 500g Divella
2000251200004|Engloff ca 450g
2000255000006|Engloff Halvstekt ca 450g
7039010502962|Eplekake Mix 384g Toro
7090040240866|Eplesider 750ml flaske Edel
2000221800005|Epleterte Fransk 120g Fryst
5715345002293|Epok Nikotinfri Peppermint
7350126718482|Epok No1 Ice Blue 4
5715345009582|Epok No11 Frosty Green 2
5715345011448|Epok No12 Frosty Green Mini 2
7350126718529|Epok No2 Arctic Blue 2
7350126718802|Epok No20 Freeze 6
7350126718840|Epok No21 Freeze 7
7350126717249|Epok No23 Mountain Storm 7
5715345024332|Epok No34 Spicy Dragon Fruit
5715345030838|Epok No40 Smooth Peppermint 7
5715345033075|Epok No41 Smooth Peppermint 3
5715345034935|Epok No43 Spearmint Storm 7
7350126718642|Epok No5 Tropic Breeze 2
7350126718680|Epok No7 Freeze 5
4002103282020|Erdinger Alkoholfri 0,5l boks
4002103248286|Erdinger Alkoholfri 0,5l flaske
4002103312826|Erdinger Hefe Weissbier 0,5l flaske
7035620040603|Erter Grønne Tørrede 500g Eldorado
7035620047343|Erter Gule Tørrede 500g Eldorado
7035380000602|Erterflatbrød Crisp 210g
7037610040136|Ertestuing Snarkokt 164g Toro
7071394194098|Esekielsbrød 450g Den Gode Baker
7071394191059|Esekielsbrød skivet 450g Den Gode Baker
7072770008701|Estragon Fransk 650g Ravnsborg
8410793286123|Estrella Damm 0,5l boks
8410793246134|Estrella Damm Alk.Fri 0,33l boks
9788234726538|Et Hav Av Stjerner .
7388776212500|Eurowoman .
7388776212906|Eurowoman .
4030700202387|Eventyr Nr.3 Blanding 50g
6006507009618|Everything Krydderblanding 75g Cape Herb&Spice
5703147063499|Excellence Creme 3 Mørkebrun
5703147063178|Excellence Creme 4 Brun
5703147063451|Excellence Creme 5 Lysbrun
5703147063413|Excellence Creme 5,3 Lys Gyldenbrun
5703147063482|Excellence Creme 6 Mørkeblond
5703147063130|Excellence Creme 7 Blond
5703147063444|Excellence Creme 8 Lysblond
5710404902538|Extreme Sculpting Wax 50ml
7317851228815|Eye Liner Flex Tip 81 Matt Black Isadora
7317851228839|Eye Liner Flex Tip 83 Isadora
7317851137056|Eyebrow Pencil Precision0 5 Isadora
7317851228303|Eyeliner Hypo-Allerg 30 Black Isadora
7333352080028|Eyeliner Intense 61 Isadora
7333352080035|Eyeliner Intense 63 Isadora
7333352080059|Eyeliner Intense 68 Isadora
7333352085405|Eyeshadow Quartet 01 Muddy Nudes Isadora
7333352085412|Eyeshadow Quartet 02 Neo Mint Isadora
7333352085429|Eyeshadow Quartet 03 Smoky Eyes Isadora
7333352085436|Eyeshadow Quartet 04 Cappuccino Isadora
7333352085443|Eyeshadow Quartet 09 Pearls Allure Isadora
7333352085450|Eyeshadow Quartet 12 Crystal Mauve Isadora
7333352084408|Eyeshadow Stick 40 Isadora
7333352084415|Eyeshadow Stick 41 Isadora
7333352084507|Eyeshadow Stick 60 Isadora
7333352084514|Eyeshadow Stick 61 Isadora
7333352084521|Eyeshadow Stick 62 Isadora
7333352084538|Eyeshadow Stick 63 Isadora
7333352084545|Eyeshadow Stick 64 Isadora
7333352109125|Eyeshadow Stick Primer 00 Translucent Isadora
7333352084422|Eyeshadow Stick Shimmer 42 Isadora
7333352084439|Eyeshadow Stick Shimmer 43 Isadora
7333352084446|Eyeshadow Stick Shimmer 45 Isadora
7035620052453|Fakkelboks 2pk 4-5t Unik
7020712023121|Familiebriks Fine 6stk 360g Hatting
7044416017668|Familiebrød 1kg Regal
7022270854070|Familiebrød 600g Bramat
7035620027307|Familiebrød Grovt Halvstekt 750g Eldorado
7023065803792|Familien Bc
7023064803892|Familiens Feriekryss
7023064903899|Familiens Feriekryss
7035620054426|Familiepizza m/Kjøttdeig&Ost 1kg First Price
7023060325824|Familiequiz Sommer 2025
7310610021863|Family Fresh Shower Cream Grapefruit 500ml
7310614369053|Family Fresh Shower Cream Honey 500ml
7310614394055|Family Fresh Shower Cream Spring Rain 500ml
8076809580144|Farfalle 500g Barilla
8004690106600|Farfalle Rigate 500g La Molisana
7035620016479|Farfalle Tricolore 500g Eldorado
7035620061295|Fauna Aktiv Hund Tørrfor 4kg
7035620039232|Fauna Hund Våtfor Kylling&Grønnsaker 375g
7035620048418|Fauna Hund Våtfor Storfe&Bær 90g
7035620039768|Fauna Hund Våtfor Storfe&Laks 365g
7035620033391|Fauna Hund Våtfor Tunfisk&Laks 375g
7035620034404|Fauna Lakseolje m/Omega-3 til Hund&Katt 300ml
7035620059391|Fauna Liten Hund Tørrfor 4kg
7035620061677|Fauna Valp Tørrfor 2kg
7035620057830|Fauna Voksen Hund Tørrfor 4kg
6416453019409|Fazermint Bar 41g
7311490026191|Feiesett m/Langt Skaft Jordan
5010724526149|Femfresh Intim Servietter 25stk
5010724525937|Femfresh Intimvask Daily 250ml
7388044008903|Femina (Se) .
8000500003787|Ferrero Rocher 200g
4008400160429|Ferrero Rocher 50g
7090068100050|Fersk Pizzabunn La Classica 250g Scrocchia
6430061527170|Ferskere Bakst 50g Idun
7041013107112|Festmix Ass.Iskrem 14stk Hennig-Olsen
6410180049913|Fettfrøbar Energi 600g
6410180049920|Fettfrøbar Peanøtt 600g
8001250152336|Fettuccine 500g De Cecco
7300400127004|Fiber Balance 230g Wasa
7044416015428|Fiberbakst 1kg Regal
7041614006562|Fiberbrød Funkygine 700g Bakehuset
7311143450106|Fiberbrødmix glutenfri 1kg Finax
7039317004077|Fiberrik Solsikke 125g Prepack Sætre
7041614024870|Fiberstykke m/Brunost 105g Bakehuset
7041614008139|Fiberstykker Funkygine 3stk 225g Bakehuset
7331217011842|Filodeig Fersk 500g Sevan
7040913335632|Filterposer Nr.2 200stk Ali
7040913335649|Filterposer Nr.4 100stk Ali
7040913335618|Filterposer Nr.4 100stk Evergood
7040913335625|Filterposer Nr.4 200stk Ali
9770803951007|Finansavisen Helg
7035620054785|Fine Rundstykker Av Hvete m/Valmue Rustikk 420g
5714970006782|Finish All In One 90stk
5701092107527|Finish Glans Lemon 400ml
5701092114518|Finish In-Wash Maskinrens 3stk
5701092107510|Finish Maskinrens Lemon Single Pack 250ml
5714970002814|Finish Ultimate Oppvasktabletter 50stk
5714970000971|Finish Ultimate Regular 35stk
7310130011634|Finn Crisp Cheddar Cheese 150g
7310130013218|Finn Crisp Salt&Pepper 150g
7310130010354|Finn Crisp Snack Sourc&Onion 150g
7071848021505|Fint Landbrød 700g Håndlagd United Bakeries
2000254100004|Fint Landbrød Halvstekt 750g Håndlagd
2000224900009|Fint rundstykke Håndlagd 120g pr stykk
7622202257070|Firkløver 100g Freia
7040110571307|Firkløver 200g Freia
7310500191959|Fish&Crisp Burger 230g Findus
7310500186245|Fish&Crisp Fiskepinner 364g Findus
7035119999269|Fish&Crisp Gourmet 480g Findus
7310500186641|Fish&Crisp Nuggets 490g Findus
7310500188423|Fish&Fun Figurer 352g Findus
7035620017667|Fiskeboller i Kraft 500g Fiskemannen
8585002441409|Fiskebuljong Klar 80g Maggi
7035119999191|Fiskefileter Ovnsbakt Brokkoli 380g Findus
7310500173702|Fiskefileter Sprøbakte 500g Findus
7023539703047|Fiskegrateng 420g Frys Lofoten
7055330034570|Fiskegrateng 800g Fersk&Ferdig
7023539700688|Fiskegrateng 900g Lofoten
7310500141824|Fiskegrateng Bacon 530g Findus
7035110400146|Fiskegrateng Ekstra Fin Fransk 380g Findus
7033352695320|Fiskegrateng Ekte Norsk 540g Lerøy
7310500098968|Fiskegrateng Familiens 1kg Findus
7310500141794|Fiskegrateng God Gammeldags 540g Findus
7023539700671|Fiskegrateng Hjemmelaget 420g Lofoten
7310500142746|Fiskegrateng Kystens 390g Findus
7311041027677|Fiskegrateng m/Makaroni 450g First Price
7035110121607|Fiskepinner 450g Findus
7035620057137|Fiskepinner 450g First Price
7035110400894|Fiskepinner 750g Findus
7039010610674|Fiskesuppe Bergensk 85g Toro
7039010610605|Fiskesuppe Lofoten 90g Toro
2000990800008|Fiskewok Varm pr Kg
3387390339499|Fitness Frokost 375g Nestle
7070099816281|Flagg Gull&Sølv 12stk Cacas
7392855122208|Flaskesmokk Extra Soft Spout 2stk Nam
8710103985143|Flaskesmokk Natural Response 3mnd+ 2stk Avent
8710103985167|Flaskesmokk Natural Response 6mnd+ 2stk Avent
7392855122154|Flaskesmokk Str 2 2stk Mam
7392855122161|Flaskesmokk Teat Size3 Mam
7300400482943|Flatbrød 190g Ideal
7090011990035|Flatbrød 250g Skreppa
7045910003041|Flatbrød 275g Korni
7090003420038|Flatbrød 500g Valdres Bakst
7056831940018|Flatbrød Grovt & Sprøtt 400g Røros
7056831945013|Flatbrød m/Tyttebær 190g Røros
7039010020596|Flatbrød Mors Hjemmebakte 260g
7039010020602|Flatbrød Mors Hjemmebakte 520g
7056831970459|Flatbrød Spelt 190g Røros
7056831970015|Flatbrød Økologisk 190g Røros
7350089700012|Flekkfjerner Fast 100g Galltvål
7350089700029|Flekkfjerner Flytende 500ml Galltvål
7046110328644|Flekkfjernerpulver Hvitt 460g Omo
7046110328910|Flekkfjerningsspray 500ml Omo
7023061219467|Flere Lette Kryssord
7035620039102|Flerkornbriks Steinovnsbakte 4x75g Eldorado
7310100694683|Flerkornsgrøt Eple,Fersken,Aprikos 120g Semper
7310100694768|Flerkornsgrøt Eple,Jordb,Blåb 120g Semper
7317851228808|Flex Tip Eye Liner 80 Deep Black Isadora
4004148057076|Floradix Formula 250ml
7090039280613|Flow Kjølebind 2stk
7039010545808|Fløtesaus 300ml Toro
7037610013246|Fløtesaus Original Toro
2000512100005|Focaccia 375g
7044416006488|Focaccia 500g Regal
2000235000002|Focaccia 90g
2000244800006|Focaccia m/Oliven 500g Jacobs Utvalgte
2000788100006|Focaccia m/pastrami av norsk Angus
2000910500001|Focaccia m/roastbiff & tørrsaltet bacon
7071848021970|Focaccia Ost&Løk Håndlagd 260g United
5706911027123|Focaccia Rosmarin og Hvitløk 280g
7041614022951|Focaccia Sommervibber 350g Bakehuset
5410426090106|Fonduesauser 6gl Fondua
7310616022253|Foot Care Medium 6stk Salvequick
7033250276157|Forgrener m/Jord 3veis 1,5m 1stk Unik
7041614006265|Formkake Belgisk Sjokolade 270g Bakehuset
7041614009389|Formkake Lemon Poppyseed 270g Bakehuset
7041611018100|Formloff m/Valmue Så Godt 600g Bakehuset
7041614008122|Formloff Skåret 600g Bakehuset
7071012003658|Fotballlomper 300g Buer
5714156235722|Fotfil m/Treskaft Lotustre
7388261112902|Fotografi Tidskrift
7317851143712|Foundation No Comp 1n Isadora
7317851143729|Foundation No Comp 1w Isadora
7317851143736|Foundation No Comp 3c Isadora
7317851143743|Foundation No Comp 3n Isadora
7317851143750|Foundation No Comp 3w Isadora
7317851143767|Foundation No Comp 5c Isadora
7317851143774|Foundation No Comp 5n Isadora
7317851143781|Foundation No Comp 5w Isadora
7317851143804|Foundation No Comp 7n Isadora
7317851143835|Foundation No Comp 9n Isadora
642860300243|Founders All Day Ipa 35,5cl flaske
5010049000027|Fox's Cookies Melkesjokolade 180g Burton's
5010049000003|Fox's Cookies Triple Sjokolade 180g
2000297900005|Fransk Energibrød 600g Jacobs Utvalgte
2000256700004|Fransk Energibrød Halvstekt 630g Jacobs Utvalgte
2000257300005|Franske Makroner 12pk Fryst
2000249300006|Franske Makroner 12stk
5709364676337|Franske Vafler 160g Karen Volf
7030019502366|Fredrikstad Pils 0,5l boks
7030019531540|Fredrikstad Sommer Øl 0,33l boks
7030019531571|Fredrikstad Sommer Øl 0,33lx6 boks
7041015109114|Freia Non Stop 450ml Hennig-Olsen
5000204424171|Fresh Discs Hibiscus 36ml Duck
5000204338713|Fresh Discs Lavender 36ml Duck
5000204338652|Fresh Discs Marine 36ml Duck
5000204435467|Fresh Discs Marine Refill 2x36ml Duck
7310500191980|Fried Chicken Chicken Shop 180g Findus
7090044041513|Fripa 0,33l boks Klokk&Co
7090044041544|Fripa Mango 0,33l boks Klokk&Co
7090044042251|Fripa Radler Kirsebær 0,33l boks Klokk&Co
7090044041254|Fripa Radler Lime&Mango 0,33l boks Klokk&Co
7090044041711|Fripa Radler Trippel Sitrus 0,33l boks Klokk&Co
8445291714229|Friskies Adult Okse&Kylling&Grønnsaker 800g Purina
8445290068620|Friskies Laks/Grønnsaker 3,5kg Purina
7613287160737|Friskies Okse/Kylling/Lever 3.5kg Purina
7613033996986|Friskies Omega 3kg
8445291762664|Friskies Steril Laks&Grønnsaker 1.4kg Purina
8445290752352|Friskies Våt Hund 4pk 340g Purina
2000248700005|Frokostbaguette 160g
7035620040535|Frokostbriks Steinovnsbakt 4x75g Eldorado
7035620062636|Frokostringer Fruktsmak 350g Eldorado
5900951315336|Frolic Beef 1,5kg
3600542639101|Fructis Balsam Keratin Sleek 200ml Garnier
3600542021012|Fructis Balsam Strenght&Shine 200ml
3600542638913|Fructis Hårserum Keratin Sleek Leave 50ml Garnier
3600542020695|Fructis Shampo Strenght&Shine 250ml
3600542638838|Fructis Shampoo Keratin Sleek 200ml Garnin
7300400120715|Frukost Fullkorn 320g Wasa
7300400248204|Frukost Knekkebrød 240g Wasa
7311041013427|Frukt Müsli 1kg First Price
7035620040764|Frukt&Grøt Eple/Kirseb/Banan/Bjørneb 120g
7035620028014|Frukt&Grøt Jordb/Blåb Økol 6mnd 90g Lillego
7035620026379|Frukt&Grøt Pære/Mango Økol 6mnd 90g Lillego
7310100718945|Fruktmums Blåbær med Havre 110g Semper
7310100732620|Fruktmums Eple&Havre 6mnd 110g Semper
7622202278884|Fruktnøtt 100g Freia
7040110572304|Fruktnøtt 200g Freia
7041111137455|Fruktpastiller 145g Brynild
7044610063171|Frydenlund Bayer 0,5l boks
7044610766577|Frydenlund Bayer 0,5lx6 boks
7044610241289|Frydenlund Fatøl 0,33l boks
7044610241296|Frydenlund Fatøl 0,33lx10 boks
7044610047546|Frydenlund Fatøl 0,5l boks
7044610048543|Frydenlund Fatøl 0,5lx6 boks
7044610877211|Frydenlund Fatøl Alko.Fri 0,5l boks
7044611877210|Frydenlund Fatøl Alko.Fri 0,5lx6 boks
7044614877187|Frydenlund Fatøl Lite 0,33l boks
7044615877186|Frydenlund Fatøl Lite 0,33lx10 boks
7044614877217|Frydenlund Fatøl Lite 0,5l boks
7044615877216|Frydenlund Fatøl Lite 0,5lx6 boks
7044610876047|Frydenlund Juicy Ipa 0,33l boks
7044611876046|Frydenlund Juicy Ipa 0,33lx10 boks
7044610875583|Frydenlund Juicy Ipa 0,5l boks
7044611875582|Frydenlund Juicy Ipa 0,5lx6 boks
7044613877669|Frydenlund Juicy Ipa Lite 0,5l boks
7044614877668|Frydenlund Juicy Ipa Lite 0,5lx6 boks
7044610047720|Frydenlund Pilsner 0,5l boks
7044610048727|Frydenlund Pilsner 0,5lx6 boks
7044610877501|Frydenlund Pilsner Premium 0,5l boks
7044611877500|Frydenlund Pilsner Premium 0,5lx6 boks
7033250120177|Frysebeger 10dl 5stk Unik
7033250120153|Frysebeger 2,8dl 7stk Unik
7033250120160|Frysebeger 5,9dl 6stk Unik
7311041016053|Fryseposer 1l 60stk Unik
7311041016060|Fryseposer 2l 50stk Unik
4008871222794|Fryseposer 2l, 35st Toppits
7311041016077|Fryseposer 4l 40stk Unik
4008871222817|Fryseposer 4l, 25st Toppits
7311041016084|Fryseposer 6l 30stk Unik
7035620027475|Frysetape 19mmx25,4m Unik
4770179988961|Frysetørret Ananas m/Sjokolade 90g Picks
7312080004278|Frø & Havsalt 200g Leksands
7041614024504|Frøhorn Ost&Skinke 185g Bakehuset
7311041046357|Frøloff Lettstekt 670g Eldorado
7090041530096|Frøyaflak 100g Garnvik
7311041086131|Fuglenøtter 250g First Price
8445291061668|Fullkornslasagne 1-3år 220g Nestle
7035620060267|Fullkornsnudler 250g Eldorado
8445291065635|Fullkornspasta &Kylling 1-3år 220g Nestle
8076802085981|Fusilli 500g Barilla
8000139910227|Fusilli 500g Garofalo
8004690172803|Fusilli Corti 500g La Molisana
7044416010201|Fusilli Fullkorn 500g Sopps
7029121012351|Fusilli Spelt 500g Økologisk Helios
7702018851294|Fusion Blader 4stk Gillette
7702018852475|Fusion Blader Power 4stk Gillette
7702018263905|Fusion Blader Proglide Power 4stk Gillette
7702018458110|Fusion5 Høvel 2up 1stk Gillette
7048268989890|Fyrstekake 450g Holmstad Hjemmebakeri
7037421023939|Fyrstekake 460g Berthas
7310688002016|Fyrstikker 3pk Nitedals
7310684460001|Fyrstikker Brukseske 8pk Nitedals
7310688001019|Fyrstikker Ekstra Lange 48stk Nitedals
7310687001027|Fyrstikker Opptenning Små 20stk Nitedals
7023060513955|Fysikkens Største Gåter
7090036470345|Færder Belgisk Øl Lys 0,33l flaske
7311250083068|G3 No1 Ex Strong
7311250083983|G3 No10 Load Super Strong
7311250048555|G3 No13 Volt X Ultra Strong
7311250083686|G3 No2 White Ex Strong
7311250045721|G3 No58 Super White Volt Super Strong
7311250083518|G3 No6 Wink Super Slim Mint 3
7311250083327|G3 No7 Super Slim Strong
7311250083310|G3 No8 Volt Super Strong
7311250083761|G3 No9 Wire Super Strong
7023060133986|Gabby's Dollhouse .
7035620022555|Gafler Trebestikk 20stk Unik
2000202500009|Gammeldags Loff 720g
2000257700003|Gammeldags Loff Halvstekt 760g
3600541358508|Garnier Cleansing Water 400ml
3600542663229|Garnier Hyaluron Sorbet Cream 85g
3600542427548|Garnier Maske Skin Active Vitamin C Sheet 28g
3600541744417|Garnier Skin Active Micellar Water Oil In Water 400ml
3600542663038|Garnier Vitamin C Sorbet Cream 85g
7090012835878|Gaveeske MENY m/print
7316196424104|Gavepose P34
7316196424098|Gavepose P35
6416453017504|Geisha Crunchy Sjokoladebar 50g Fazer
8006040133625|Gelato Soya-Is Sandwich Melkefri 8stk Valsoia
5900102025602|Gelekonfekt Mieszanka 245g Wawel
7311250083525|General Classic No1 Løs
7311250013355|General Classic No2 Ex Strong
7311250083877|General Classic No3 Portion
7311250082795|General Classic No4 Portion Ex Strong
7311250083891|General Classic No5 White
7311250083785|General Classic No6 White Strong
6006570000079|Ghost Chilli 75g Cape Herb&Spice
7311070006209|Gifflar Kanel 300g Pågen
7311070006353|Gifflar Kardemomme 260g Pågen
7311070006278|Gifflar Vanilje 280g Pågen
7023060907495|Gigantkryss .
7702018465132|Gillette Barbergel Fusion Sensitiv Skin 200ml
7702018609741|Gillette Barbergel Labs 198ml
7702018980918|Gillette Barbergel Sensitive 200ml
8006530159050|Gillette Barberskum Original 250ml
7702018605378|Gillette Blader Labs 4stk
7702018263844|Gillette Blader Proglide 4stk
7702018980819|Gillette Gel Sensitive Skin 200ml
7072206301789|Gin Mule 0,33l boks Bareksten
8006013991467|Girasoli Pasta m/Pesto 250g Bertagni
8001020114182|Girasoli Pasta m/Tomat&Mozzarella 250g Bertagni
7350086840285|Gjenbruksnett 3stk Veggio
7039317006224|Gjende Original 220g Sætre
3664715038757|Gjødselpinner 30stk Trim
5000204771749|Glade Aerosol Relaxing Zen 300ml
50204649|Glade Duftblokk Lavender 150g
5000204539752|Glade Duftblokk Relaxing Zen 150g
5000204356892|Glade Duftlys Cherry&Peony 112g
5000204357134|Glade Duftlys Vanilla Blossom 112g
5000204370126|Glade Luftfrisker Aerosol&Lemon 300ml
5000204304091|Glade Luftfrisker Lavender&Eucalyptus 300ml
5000204077629|Glade Touch&Fresh Fresh Lemon Duo Refill 2x10ml
5000204077742|Glade Touch&Fresh Lavender Duo Refill 2x10ml
5000204081237|Glade Touch&Fresh Lemon Holder+Refill 2x10ml
5701098651215|Glasskeramisk Rens 250ml Sterling
7035620057397|Glassklut Mikrofiber 32x32cm 1stk Unik
7090001821653|Glassrens 500ml Glinz
7024110300143|Glassrens Peis 250ml Soteks
7333352109842|Gleam Eye Shadow 50 Rose Beige Isadora
7333352109859|Gleam Eye Shadow 51 Sandstone Isadora
7333352109866|Gleam Eye Shadow 52 Mauve Brown Isadora
7333352109873|Gleam Eye Shadow 52 Mauve Brown Isadora
7035620018664|Glidelåspose 1l 20stk Unik
7035620019371|Glidelåspose 3l 15stk Unik
7310571600015|Glidemiddel Natural 75ml Rfsu
7333352078919|Glossy Eyeliner 40 Isadora
7333352078926|Glossy Eyeliner 42 Isadora
7333352079183|Glossy Lip Treat 00 Isadora
7317851216508|Glossy Lip Treat 50 Clear Sorb Isadora
7333352098870|Glossy Lip Treat 52 Isadora
7317851216546|Glossy Lip Treat 54 Ginger Glaze Isadora
7317851216560|Glossy Lip Treat 56 Vintage Rose Isadora
7317851216614|Glossy Lip Treat 61 Pink Punch Isadora
7317851216638|Glossy Lip Treat 63 Rooibos Blush Isadora
7317851216645|Glossy Lip Treat 64 Raisin Isadora
7333352098887|Glossy Lip Treat 66 Isadora
7317852145012|Glow Face Primer Isadora
7333352117984|Glow Settingspray 00 Translucent 100ml Isadora
7333352079169|Glow Stick 24 Isadora
7333352079176|Glow Stick 25 Isadora
8006013016689|Gnocchi 500g Bertagni
8001250009999|Gnocchi 500g De Cecco
7035620059780|Gnocchi 500g Eldorado
8004690203002|Gnocchi 500g La Molisana
7038010068225|Go Morgen Yoghurt Banan/Mango 190g Tine
7038010068218|Go Morgen Yoghurt Jordbær 190g Tine
7038010068201|Go Morgen Yoghurt Melon/Pasjon 190g Tine
7038010068195|Go Morgen Yoghurt Skogsbær/Musli 190g Tine
7038010068249|Go Morgen Yoghurt Vanilje 190g Tine
7038010057571|Go Morgen Yoghurt Vanilje uten 190g Tine
7038010068256|Go Morgen Yoghurt Vanilje/Nøtter 190g Tine
8801005171472|Gochujang Paste 170g Sempio
5025820006778|Gochujang Sauce 295g Yogiyo
7622202281860|Gode Ønsker 410g Freia
7310350131020|Godt&Blandet Original 220g Malaco
7035620061493|Godteposer Party 8stk Unik
7050122200140|Goldfish 80g Maarud
7310960050179|Gorbys Pirog Kylling&Kebab 140g
7310960044079|Gorbys Pirog Original 140g
9310714230442|Got2b Farewell Flyaways 16ml
7332531124577|Got2b Glued Brows&Edges 16ml
7332531063418|Got2b Hårspray Glued Blasting 100ml
5012583105091|Got2b Hårspray Glued Blasting 300ml
7332531114387|Got2b Hårspray Volumania 300ml
5012583204398|Got2b Paste Phenomenal 100ml
5012583203797|Got2b Styling Wax Glued 75ml
7332531063739|Got2b Tørrshampoo Volume 200ml
8445291578722|Gourmet Gold Laks 85g Purina
7613033457272|Gourmet Gold Laks/Kylling 85g Purina
7613033457302|Gourmet Gold Lam&And 85g Purina
8445291577886|Gourmet Gold Lever 85g Purina
7042110081848|Gourmet Gold Tunfiskmousse 85g
7613034977045|Gourmet Mon Petit Chicken 300g Purina
7613034977014|Gourmet Mon Petit Fisk 300g Nestle
7613034976987|Gourmet Mon Petit Kjøtt 300g Nestle
7613032395377|Gourmet Mousse 12x85g Purina
7613036143004|Gourmet Perle 8pk 680g Purina
7613030473381|Gourmet Perle Kylling 85g Purina
3222270552745|Gourmet Perle Multipack 680g Purina
8445291955646|Gourmet Perle Ocean Flakes m/Flyndre 85g
8445291954908|Gourmet Perle Ocean Flakes m/Torsk 85g
7613287919519|Gourmet Revelation Beef 114g Purina
7613287919151|Gourmet Revelation Chicken 114g Purina
7613287919182|Gourmet Revelation Salmon 114g Purina
2000280100009|Gourmet Rundstykke m/Nøtter
2000213200004|Gourmetkorn Rundstykke
2000250300002|Gourmetrundstykke med Valmuefrø
7071848100811|Gourmetrundstykker m/Nøtter 6pk 480g United Bakeries
7071848100804|Gourmetrundstykker m/Valmuefrø 6pk 480g United Bak.
5701014074579|Gourmetstykker Hatting
8006013991047|Grandi Girasoli m/Aubergin&Tomat 250g Bertagni
7039010548687|Grandiosa Calzone Ost&Skinke 165g
7039010019767|Grandiosa Pizza 4 Oster 505g
7039010019804|Grandiosa Pizza 575g
7039010019705|Grandiosa Pizza Hj.Laget m/Kjøttdeig 1kg
7039010593502|Grandiosa Pizza Kjøttboller&Skinke 505g
7039010608732|Grandiosa Pizza Kjøttdeig&Løk 490g
7039010607957|Grandiosa Pizza Mozzarella 430g
7039010019828|Grandiosa Pizza Pepperoni 500g
7039010600675|Grandiosa Pizza Pepperoni Porsjon 2pk 690g
7039010599078|Grandiosa Pizzarull Skinke&Mozzarella 155g
7035620038525|Granola Eple&Bær 375g Jacobs Utvalgte
7039010585637|Granola Eple&Kanel 430g Bare Bra
7039010578530|Granola Hasselnøtt&Kokos 450g Bare Bra
7039010578547|Granola Kakao&Bringebær 430g Bare Bra
7039010578561|Granola Kakao,Kokos&Mandel 430g Bare Bra
7090043760026|Granola m/Banan & Peanøtter 340g Imres
7090043760057|Granola m/Cashew Crunch 340g Imres
7034280010582|Granola m/Jordbær 390g Synnøve
7090043760002|Granola m/Nøtter & Honning 340g Imres
7090043760033|Granola m/Tranebær & Kokos 340g Imres
7035620068614|Granola Naturell 390g Eldorado
7035620026911|Granola Nøtter 375g Jacobs Utvalgte
7034280005489|Granola Pekan Honningsristet 350g Synnøve
7035620046711|Granola Sjokolade &Nøtter 375g Jacobs Utvalgte
7090039280026|Graviditetstest 10stk Make Sure
5011321852990|Graviditetstest Digital Week 1stk Clearblue
7310572100286|Graviditetstest Early 1stk Rfsu
7340083461316|Gravlykt m/Lokk 2pk Fixa
6006507007454|Greek Lemon&Herb Rub 100g Cape Herb&Spice
7037610050531|Gresk Moussaka Kit 136g Toro
7030019543833|Grevens Cider Cherry 0,5l boks
7030019543840|Grevens Cider Cherry 0,5lx6 boks
7030019511733|Grevens Cider Pære 0,5l boks
7030019511740|Grevens Cider Pære 0,5lx6 boks
7030019544625|Grevens Cider Saftis 0,33lx4 boks
7030019540740|Grevens Cider Sitrus 0,5l boks
7030019540757|Grevens Cider Sitrus 0,5lx6 boks
7030019543796|Grevens Hard Seltzer Red Apple 0,5l boks
7030019543802|Grevens Hard Seltzer Red Apple 0,5lx6 boks
7030019544618|Grevens Sommercider Saftis 0,33l boks
7300400127455|Griljermel 400g Ideal
7090062490508|Grill&Burgersaus 280g Inderøy 64° Nord
5907716791893|Grillbriketter 2,5kg Gryfskand
7035620044946|Grillform Aluminium Liten 1,1l 5stk Unik
7035620045660|Grillform Aluminium Stor 2l 5stk Unik
5907716791886|Grillkull 2,5kg Gryfskand
5907716791961|Grillkull Premium Xl 5kg Gryfskand
5907716791978|Grillkull Premium Xl10kg Gryfskand
7035620038419|Grillpanne Aluminium 5stk Unik
7316191803607|Grillpinner 100stk
7035620037986|Grillpinner 30cm 100stk Unik
7035620037979|Grillpinner Bambus 25cm 50stk Unik
2000835300007|Grillribbe Benfri Krydret Jæren Smak pr Kg
7035620041211|Grillskrubb Wb12 M Håndtak Unik
7035620039485|Grilltang i Stål Unik
7090044040738|Gringo 0,33l flaske Klokk&Co
8000350007935|Grisbi Kjeks m/Sitronkrem 135g Vicenzi
8000350007911|Grisbi Kjeks m/Sjokolade 135g Vicenzi
7035620065934|Griseører til Hund 3stk Fauna
7035620061653|Grissinetti m/Trøffel 80g Jacobs Utvalgte
8003899182002|Grissini 125g Granforno
8028947010373|Grissini Fullkorn 200g Mario Fongo
8003899181463|Grissini Hvitløk 125g Granforno
7035620040757|Grissini m/Olivenolje 200g Jacobs Utvalgte
7035620052705|Grissini m/Rosmarin 200g Jacobs Utvalgte
8003899182033|Grissini Pizza 125g Granforno
8003899181531|Grissini Salt 125g Granforno
8003899181005|Grissini Sesam 125g Granforno
8003899182026|Grissini Torinesi 100g Granforno
2000790500009|Grov baguette m/pastrami av norsk Angus
7044410134125|Grovbakst 1kg Regal
7041614007941|Grovbrød 750g Våre Groveste
7311041038666|Grovbrød Lettstekt 750g Eldorado
7044416017637|Grove Briks i Langpanne 1kg Regal
7020712023558|Grove Familiebriks 420g Hatting
5701014067700|Grove Rundstykker 600g Hatting
2000962400007|Grovt Anniebrød 720g
2000955400007|Grovt Anniebrød Halvstekt 750g
2000266500007|Grovt Bondebrød 660g
2000254300008|Grovt Bondebrød Halvstekt 700g
2000243700000|Grovt Byggbrød 640g Jacobs Utvalgte
2000261800003|Grovt Byggbrød Halvstekt 675g Jacobs Utvalgte
31448|Grovt Havrebrød 700g
2000954400008|Grovt Kornbrød Halvstekt 660g Jacobs Utvalgte
2000288400002|Grovt Landbrød 790g Håndlagd
2000288700003|Grovt Solsikkebrød 790g Håndlagd
7071848021529|Grovt Solsikkebrød 790g Håndlagd United Bakeries
31446|Grovt Solsikkebrød Fransk 700g
2000261400005|Grovt Solsikkebrød Halvstekt 830g Håndlagd
2000910800002|Grovt Speltbrød 700g
2000254400005|Grovt Speltbrød 750g Halvstekt
7035620036804|Gråpapir Rull 57cmx8m Unik
7090025901102|Grønne Poser 40stk Matavfall
7029121012375|Grønnsaksbuljong 130g Økologisk Helios
8585002445650|Grønnsaksbuljong Klar 4l Maggi
7055330033948|Grønnsakslasagne 410g Fersk&Ferdig
7036110011165|Grønnsakspostei 175g Vita Hjertego
7037610093026|Grønnsaksuppe m/Pasta 21g Rett i Koppen
7311041085530|Grønnsåpe 750ml First Price
7310100690470|Grøt Eple&Fersken 6mnd 120g Semper
7310100690395|Grøt Frukt 6mnd 120g Semper
3444570201011|Grøt m/Havre Eple/Quinoa&Kanel Øko 100g
3444570201004|Grøt m/Havre Pastinakk/Jordbær&Eple
7033330089363|Grøt m/Vanilje &Topping 165g Fjordland
7310100690548|Grøt Pære&Aprikos 6mnd 120g Semper
7350013871009|Grøt u/Melk Eple 460g Enago
7035620057199|Gua Bao Kit 650g Jacobs Utvalgte
8410076421890|Guacamole Dip 320g Old El Paso
5000213101872|Guinness 0,44l boks
5000213010785|Guinness 0,44lx4 boks
7037710022056|Gullbrød 50g
7037210121228|Gullpinne 8stk Diplom-Is
7073627000060|Gullvafler Sjokolade 250g
7039317002608|Gullvafler Vanilje 250g Sætre
7035620034855|Gulpeklut 1stk Lillego
7041611019107|Gulrotbrød 750g Bakehuset
7041614022609|Gulrotkake 2pk 220g Bakehuset
7037421062358|Gulrotkake 360g Berthas
7041614024689|Gulrotkake 55g Porsjonskake Bakehuset
7035620067471|Gulrotkake Langpanne 1,025kg Eldorado
7039010542524|Gulrotkake Mix 396g Toro
2000802800004|Gulrotmuffins 100g
7035620056642|Gulvklut Mikrofiber 50x40cm 1stk Unik
7311041013991|Gulvklut Non-Wov 3stk First Price
7311041014295|Gummihansker L 2par First Price
7311041013984|Gummihansker M 2par First Price
7033250163044|Gummihansker Sensitiv M/L 1par Unik
7035620005473|Gummistrikk Unik
5410976140122|Guylian Seashells 250g
5410976080428|Guylian Seashells 65g
7035620046926|Gyoza m/Kylling 8stk 200g Jacobs Utvalgte
7041614023149|Gårdsbrød Våre Minste 450g Bakehuset
7311250083860|Göteborgs Rapé No1 Slim White
3415581152920|Haagen Dazs Cookies & Cream 460ml
3415581176025|Haagen Dazs Strawberry Cheesecake 0,46l
7072964100907|Haandbayer Tysk Lager 0,44l boks Haandbrygg.
5714156235623|Haircoils 6stk Ass. Rosa/Mørk
7311120236020|Halmstad Cocktail Aloha 0,5l boks
7311120236051|Halmstad Cocktail Crush Clody Raspberry 0,5l boks
7311120236112|Halmstad Cocktail Crush Cloudy 0,5l boks
7311120236150|Halmstad Cocktail Crush Tropical 0,5l boks
7311120236693|Halmstad Cocktail Mojito 0,5l boks
7311120236174|Halmstad Crush Cloudy Lemonade 0,5l boks
7311120236280|Halmstad Crush Kiwi&Strawberry 0,5l boks
7311120236075|Halmstad Crush Mango Passion 0,5l boks
7311120236242|Halmstad Crush Pineapple&Coco 0,5l boks
4008321977694|Halogenpære Haloline Eco 120w 114,2 Osram
4008321226327|Halopin Klar 33w G9
7316190209837|Halsbånd 40cm
2000210500008|Halvgrovt Landbrød 790g Håndlagd
2000263400003|Halvgrovt Landbrød Halvstekt 850g Håndlagd
7071848008124|Hamburgerbrød Brioche 300g United Bakeries
7071848022533|Hamburgerbrød Brioche m/Sesam 4stk 310g
7023860023159|Handverkcider Bær 0,33l flaske Balholm
7023860023036|Handverkcider Eple 0,33l flaske Balholm
7023860023043|Handverkcider Pære 0,33l Balholm
2000229500006|Hannas Kneipp Grov 700g
7041614005671|Hannas Kneipp Grov 700g Butikkstekt
2000254700006|Hannas Kneipp Grov Halvstekt ca 700g
7030019528793|Hansa Chili Blonde 0,5l boks
7030019528823|Hansa Chili Blonde 0,5lx6 boks
7030019531854|Hansa Fatøl 0,33l boks
7030019531861|Hansa Fatøl 0,33lx10 boks
7030019531885|Hansa Fatøl 0,5l boks
7030019531892|Hansa Fatøl 0,5lx6 boks
7030019544465|Hansa Hard Iced Tea Fersken 0,33l boks
7030019544519|Hansa Hard Iced Tea Skogsbær 0,33l boks
7030019542591|Hansa Hard Seltzer Bringebær 0,33l boks
7030019543734|Hansa Hard Seltzer Bringebær 0,33lx4 boks
7030019541211|Hansa Hard Seltzer Eple 0,33l boks
7030019542621|Hansa Hard Seltzer Eple 0,33lx4 boks
7030019537122|Hansa Hard Seltzer Mango 0,33l boks
7030019542652|Hansa Hard Seltzer Mango 0,33lx4 boks
7030019543765|Hansa Hard Seltzer Rød Appelsin 0,33l boks
7030019532493|Hansa Lettøl 0,5l boks
7030019532509|Hansa Lettøl 0,5lx6 boks
7030019540641|Hansa Lite Fatøl 0,5l boks
7030019540658|Hansa Lite Fatøl 0,5lx6 boks
7030019544748|Hansa Lite Radler Eple 0,33l boks
7030019544755|Hansa Lite Radler Eple 0,33lx6 boks
7030019535685|Hansa Mango Ipa 0,5l boks
7030019535692|Hansa Mango Ipa 0,5lx6 boks
7030019531946|Hansa Pilsner 0,33l boks
7030019531953|Hansa Pilsner 0,33lx10 boks
7030019532011|Hansa Pilsner 0,5l boks
7030019532028|Hansa Pilsner 0,5lx6 boks
7030019532653|Hansa Premium 0,5l boks
7030019532660|Hansa Premium 0,5lx6 boks
7030019536606|Hansa Radler Grapefrukt 0,5l boks
7030019536613|Hansa Radler Grapefrukt 0,5lx6 boks
7030019531809|Hansa Sommerøl 0,33l boks
7030019532899|Hansa Sommerøl 0,33lx10 boks
7030019532738|Hansa Spesial Ipa 0,5l boks
7030019532745|Hansa Spesial Ipa 0,5lx6 boks
7030019523538|Hansa Spesial Porter 0,5l boks
7030019523569|Hansa Spesial Porter 0,5lx6 boks
4001686004739|Happy Party Mix 425g Haribo
8435821600702|Harajuku Hits 360g Sushi Take
7090061360017|Hard Seltzer m/Fersken 0,33l boks Strjøna
5391537510793|Hard Seltzer Natural Lime 0,33l boks White Claw
5391537513862|Hard Seltzer Peach 0,33l boks White Claw
7090061360055|Hard Seltzer Pære 0,33l boks Strjøna
7035620063008|Hasselnøtter m/Sjokoladetrekk&Kakao 150g
7090041260078|Havmann Blonde 0,5l flaske Bryggeriet Frøya
7300400130288|Havre Knekkebrød 300g Wasa
7300400130295|Havre Knekkebrød Økonomi 600g Wasa
7044416017606|Havrebrød 1kg Regal
7090037972312|Havrecookies Bakemiks Den Sorte Havre
7394376620799|Havredrikk 1,5% Fett 1l Oatly
7394376618963|Havredrikk Barista 1l Oatly
7020656451141|Havredrikk Barista 1l Urkraft
7394376619939|Havredrikk Barista Edition 0.5l Oatly
7394376622816|Havredrikk Ikaffe Caramel 1l Oatly
7394376623912|Havredrikk Ikaffe Churros Flavour 1l Oatly
7394376622809|Havredrikk Ikaffe Vanilla 1l Oatly
7394376621666|Havredrikk Ikaffe Økologisk 1l Oatly
7394376622670|Havredrikk Iskaffe Latte 235ml Oatly
7394376623806|Havredrikk Matcha 250ml Oatly
7020656451110|Havredrikk Naturell 1l Urkraft
7394376619175|Havredrikk Sjokolade 1l Oatly
7394376614804|Havredrikk Sjokolade 250ml Oatly
7394376620300|Havredrikk Vaniljesmak 1l Oatly
7394376615665|Havredrikk Økologisk 1l Oatly
7394376621697|Havredrikke Ikaffe 1,5l Oatly
7037421054032|Havreflarn 300g Berthas
7311171008386|Havrefras 375g
7020656900144|Havregranola Jordbær&Bringebær 400g Urkraft
7020656900267|Havregranola Spelt&Kanel 340g Urkraft
7044416013141|Havregryn Lettkokte 1,1kg Bjørn
7020655841165|Havregryn Lettkokte 1,2kg Urkraft
7090037970035|Havregryn Lettkokte 500g Den Sorte Havre
7044416014841|Havregryn Lettkokte Økologisk 1kg Axa
7022270104083|Havregryn Små Økologisk 550g Stangeland Mølle
7029121011637|Havregryn Små Økologisk 600g Helios
7044416013172|Havregryn Store 1,1kg Bjørn
7020655841370|Havregryn Store 1,2kg Urkraft
7090037971506|Havregryn Store 500g Den Sorte Havre
7029121011644|Havregryn Store 600g Økologisk Helios
7033330080742|Havregrøt 370g Fjordland
7041614024641|Havregrøt Eple&Kanel 210g Bakehuset
7020655848492|Havregrøt Frø/Kardemomme 65g Urkraft
7044416011444|Havregrøt m/Melk 50g Axa
7038010045561|Havregrøt Mandel/Blåbær 170g Tine
7035620067181|Havregrøt med Melk 50g Eldorado
7035620065170|Havregrøt med Røde Bær & Kardemomme 50g Eldor
7020655681037|Havregrøt Original 65g Urkraft
7044416012199|Havregrøt Rosin&Vanilje 525g Axa
7020655849192|Havregrøt Skogsbær 65g Urkraft
7090037970059|Havregrøt Steel Cut 500g Den Sorte Havre
7394376619915|Havregurt Turkisk 400g Oatly
7035620041877|Havrekjeks 150g Eldorado
7035620012341|Havrekjeks m/Sjokolade 150g Eldorado
7044416004538|Havrekli 750g Regal
7071848109623|Havreknekkebrød 190g Sigdal
7300400482585|Havreknekkebrød Tynt 265g Wasa
7033330080780|Havrelunsj Eple&Kanel 150g Fjordland
7090037971551|Havreris Økologisk 500g Den Sorte Havre
7090037972152|Havrescones m/Tranebær Mix Økologisk 300g Dsh
7020712023954|Havrestykker Bjørn 6stk 420g Hatting
7071848109852|Hazelnut Almond Cup 187g
7090033936967|Hazyday Hero Ipa 0,44l boks Amundsen
8700216219976|Head&Shoulder 2in1 Classic Clean 400ml
8700216230735|Head&Shoulder Balsam Apple Fresh 220ml
8700216532259|Head&Shoulder Balsam Dermax Repair&Moist 220ml
8700216533096|Head&Shoulder Hårkur Dermax Scalp Moist 145ml
8700216219761|Head&Shoulder Shampoo Apple Fresh 400ml
8700216219860|Head&Shoulder Shampoo Classic Clean 400ml
8700216532303|Head&Shoulder Shampoo Dermax Repair&Moist 250ml
8712000057039|Heineken 0,0% 0,33l boks
8712000050092|Heineken 0,0% 0,33lx6 boks
7030019532073|Heineken 0,33l boks
8712000900663|Heineken 0,33l flaske
7030019532080|Heineken 0,33lx10 boks
7030019540221|Heineken 0,33lx4 flaske
7030019532103|Heineken 0,5l boks
7030019532110|Heineken 0,5lx6 boks
7030019542492|Heineken Lite 0,5l boks
7030019542508|Heineken Lite 0,5lx6 boks
5774540622538|Heksehyl 130g Toms Toms
57402017|Heksehyl Stang 27g Pingvin
7023060333553|Hello Kitty .
8051708028775|Hello Kitty 1-Pack-26
8412126655750|Hello Panda Kjeks m/Sjokolade 50g
7040110573004|Helnøtt 200g Freia
9788234191114|Hemmelig Usynlig Blekk-Aktivitetsbok
7023067407202|Her og Nå .
7028414011255|Herresokk Wool Black 41-45 Pierre-Robert
7023061213441|Hjemmetkryss Sudoku
7023064102018|Hobby Kryss .
7023060814328|Hobbykryss Sudoku .
8853662056289|Hoi Sin Sauce 455ml Flying Goose
5010338404246|Hoisin Sauce 190ml Blue Dragon
8850643064646|Hoisin Sauce Bbq 200ml Thai Delight
7028413004661|Hold-In 20 Den 36-40 Black pr
7028413004630|Hold-In 20 Den 36-40 Sand pr
7028413004678|Hold-In 20 Den 40-44 Black pr
7028413004647|Hold-In 20 Den 40-44 Sand pr
7028413004685|Hold-In 20 Den 44-48 Black pr
7028413004654|Hold-In 20 Den 44-48 Sand pr
7029340101256|Hold-In 50 Den Black 40-44 Pierre Robert
7029340101263|Hold-In 50 Den Black 44-48 Pierre Robert
7039010068970|Hold-It Ost&Skinke 4x110g Stabburet
8710604729062|Hollandaise Saus 3pk Knorr
7071592019438|Hoppy Joe Red Ale 4,7% 0,33l boks
7071592619430|Hoppy Joe Red Ale 4,7% 0,33lx6 boks
7090044041940|Hoppy Lager 0,5l boks Klokk&Co
8715700129396|Hp Sauce 285g Heinz
5029053527598|Huggies Drynites Large Boy 27/57 9stk
5029053527604|Huggies Drynites Large Girl 27/57 9stk
5029053527574|Huggies Drynites Medium Boy 17/30kg 10stk
5029053527581|Huggies Drynites Medium Girl 17/30kg 10stk
5029053532592|Huggies Drynites Underlaken 7stk
7023860027065|Humla Cider Eple 0,75l flaske Ciderhuset
7090012626759|Humlesus Citra Pale Ale 0,44l boks Haandbryggeriet
7034170002758|Hummer/Rekesalat 180g Bjerke
5740301200253|Hummersuppe 350g Royal Greenland
4007680103041|Hummersuppe Kremet 400ml Jurgen Langbein
5705833215267|Hunde Nuggets m/And 80g Treateaters
7311041088517|Hundeavfallsposer 30stk First Price
7090034924338|Hundebalsam Lavendel&Enebær 500ml C Soaps
7316190207031|Hundeleke Kaninplysj til Hund
7312137388405|Hundeposer 60stk Dogman
4008429046414|Hundepølse 500g Pedigree
7312134704024|Hundepølse Harmony Beef/Liver 800g Dogman
7090034920200|Hundesjampo Lavendel&Enebær 500ml C Soaps
5705833215168|Hundesnacks And 80g Treateaters
5705833215212|Hundesnacks Duck Jerky 80g Treateaters
5705833215175|Hundesnacks Lam 80g Treateaters
5705833214789|Hundesnacks m/And 70g Treateaters
7312133202217|Hundesnacks Tyggefletter m/Kylling 70g
97035620018605|Husets Dry Age Côte De Boeuf løsvekt
7300400118415|Husman Knekkebrød 260g Wasa
7300400118408|Husman Knekkebrød 520g Wasa
7090036562736|Hverdags Ipa 0,33l boks Grunerløkka Brygghus
7041614000867|Hverdagsgrovt 750g Bakehuset
2000814000003|Hvetebolle 100g stykk
2000814200007|Hveteboller 4pk
7037610231411|Hveteboller Mix 600g Toro
7035620064241|Hvetebriks Fine Mini Steinovnsbakte 6stk 300g
7090006042084|Hvetegrøpp 1kg Kvelde Mølle
7044416004507|Hvetekim 250g Regal
7044410124676|Hvetekorn Hele 1kg Regal
7044416015367|Hvetemel 1kg Regal
8014601999870|Hvetemel Durum Semola 1kg Caputo
7090006044088|Hvetemel Florsiktet 1kg Kvelde Mølle
7044416007898|Hvetemel Fullkorn 1kg Regal
7090006042077|Hvetemel Sammalt 1kg Kvelde Mølle
7090014696583|Hvetemel Sammalt Fin Purpurhv Øko 1kg Holli Mølle
7090014690222|Hvetemel Sammalt Fin Økologisk 1kg Holli Mølle
7044410124324|Hvetemel Sammalt Finmalt 1kg Regal
7044410124409|Hvetemel Sammalt Grov 1kg Regal
7044410110310|Hvetemel Siktet 2kg Regal
7090006040202|Hvetemel Siktet Kvelde Mølle
7350000750263|Hvetemel Special Typ 400 1kg Zlatni
8008458062009|Hvetemel Tipo 0 til Pizza 1kg
8014601028747|Hvetemel Tipo 00 1kg Caputo
8008458081000|Hvetemel Tipo 00 1kg Molini
8014601034168|Hvetemel Tipo 00 Manitoba 1kg
8014601012456|Hvetemel Tipo 00 Nuvola 1kg Caputo
8004690278314|Hvetemel Tipo 00 Soft 1kg La Molisana
8007803000024|Hvetemel Tipo-00 1kg Dallari
8014601026354|Hvetemel Tipo-00 Cuoco 1kg Caputo
7090014690215|Hvetemel Økologisk 1kg Holli Mølle
7044410094283|Hvetemel Økologisk 1kg Regal
2000687700000|Hvetestang m/Vaniljekrem og Kokos pr stykk
7090048420017|Hvetetortilla 6stk 300g Como Mexico
7055330013209|Hvit Saus m/Gressløk 2dl F&S
7037610016049|Hvit Saus Original 38g Toro
4771033022531|Hvitløksbaguetter 175gx2stk Hatting
7035620047480|Hvitløksbaguetter 2pk 350g Eldorado
7311041084212|Hvitløksbaguetter 2pk 350g First Price
4771033022647|Hvitløksbaguetter Grov 175gx2stk Hatting
7042961003334|Hvitløksbrød 205g Bread Of The World
7035620062797|Hvitløksbrød m/Grana Padano 270g
7392555006938|Hvitløksfedd Marinert 160g Ridderheims
7035620020018|Hvitløkspresse i Stål 1stk Unik
7023060709372|Hvor Er Ordet 1 2025 Vinter
2000182500006|Hyse/Kolje Filet Vill pr Kg
7033250452117|Hyssing Hvit Bomull 80m Unik
5704947004408|Håndkrem Working Hands 96g Okeeffes
7071848110193|Håndlagd Einkorn 640g United Bakeries
7311041025826|Håndoppvask 750ml First Price
7311041084922|Håndsåpe 500ml First Price
7311043000784|Håndsåpe Flower Shop 500ml Mevolution
7311043000777|Håndsåpe Loco About Coco 500ml Mevolution
8714789834252|Håndsåpe Luxury Raspb&Blackcurrant 250ml Palmolive
8718951197060|Håndsåpe Milk&Honey 300ml Palmolive
8718951685611|Håndsåpe Peony 500ml Pumpe Palmolive
8003520029157|Håndsåpe Refill Milk&Honey 500ml Palmolive
5714156235548|Hårbøyle /Håndleddsbånd Lys Rosa/Rosa
5714156235685|Hårklype 2pk Svart/Sølv
5714156235586|Hårklype Perler Sølv/Hvit
5714156235661|Hårklype Skjell 1pk Hvit
5714156235470|Hårkrøllesett Varmefri Rosa 4stk
5714156235456|Hårruller Rosa 2stk
5714156235562|Hårstrikker Elastiske 50stk Multi
5714156235579|Hårstrikker Elastiske 50stk Sort
5704699878395|Hårvoks Extreme Titanium 90ml
5704699878371|Hårvoks Hard Gold 90ml
7638900425741|Høreapparat Zinc Air 312 Energizer
7023060506056|I Form Magasin
7090000830540|Ice Cocktail Hoshizaki 1kg Mr.Iceman
5700666023775|Idoform Classic Pluss 20stk
7041018010103|Idyll Salt Karamell Plantebasert, 100ml Hennig-Olsen Is
7041015222110|Idyll Saltkaramell Plantebasert 500ml Hennig-Olsen
7023061005824|Illustrert Vitenskap
7023060013950|Illustrert Vitenskap Spesial
7394376615290|Imat Fraiche 200ml Oatly
7394376617768|Imat Visp Vegetabilsk Fløte 250ml Oatly
3574661671116|Imodium 2mg Mot Akutt Diaré 16stk
5701098682004|Imprægneringsspray 200ml Sterling
7090033938084|Ink & Dagger 0,44l boks Amundsen
7333352078889|Inliner Kajal 50 Isadora
7333352078896|Inliner Kajal 51 Isadora
7333352078902|Inliner Kajal 56 Isadora
7041111138025|Innbakte Peanøtter Sweet Chili&Ravioli 150g Dln
7333352080011|Intense Eyeliner 60 Isadora
7333352080042|Intense Eyeliner 67 Isadora
7023060324407|Interiørmagasinet .
7322540996111|Intimservietter 12stk Libresse
7022662500110|Is og Kakefakkel Cacas
7317851216553|Isadora Glossy Lip Treat 55 Silky Pink
7333352098191|Isadora Glossy Lip Treat Twist Up 02 Mocha Dream
7333352098207|Isadora Glossy Lip Treat Twist Up10 Coral Sunset
7037120034458|Isbjørn Hard Seltzer Bringebær&Sitron 0,33l boks
7090044313320|Iskaffe Caramel 250ml Oslo Cold Brew
7090044313207|Iskaffe Latte 250ml Oslo Cold Brew
7090044313238|Iskaffe Mocca 250ml Oslo Cold Brew
7041019860004|Iskjeks 10stk Hennig-Olsen
8014914002083|Iskrem Gul Vanilje 1l Tonitto
8006922077283|Iskrem Tiramisu 1l G7
8014914002014|Iskrem Tiramisu 1l Tonitto
8014914002182|Iskrem Vanilje &Pistasj 1l Tonitto
7035620022739|Isskje 1stk Unik
7070099512008|Isskje Scoopy Assortert Farge Cacas
7035620057731|Iste Sitron u/Sukker 0,33l boks Sommervibber
7035620057625|Iste Sitron u/Sukker 0,33lx6 boks Sommervibber
7311041000595|Isterningsposer 10stk Unik
7041614024962|Italiensk Brød Skinke&Mozzarella 245g Bakehuset
7039010562072|Italiensk Gryte 176g Toro
7310100976673|Italiensk Pasta 235g Semper
7071848107353|Jacobs Focaccia Oliven 500g United Bakeries
5710404901227|Jan Thomas Balsam Soft&Shine 200ml
5710404903221|Jan Thomas Balsam Volume Fine Hair 200ml
5710404924332|Jan Thomas Hairspray Volum 250ml
5710404901272|Jan Thomas Repair Hair Mask 150ml
5710404901128|Jan Thomas Shampoo Soft&Shine 200ml
5710404903122|Jan Thomas Shampoo Volume Fine Hair 200ml
7622202268472|Japp 60g Freia
7039010562041|Jeger Gryte 106g Toro
7037610204569|Jegersaus 42g Toro
7333352109927|Jelly Stick Lip&Cheek 10 Coral Rouge Isadora
7333352109934|Jelly Stick Lip&Cheek 12 Berry Pink Isadora
7046110325117|Jif Allrent Frisk Trekløver 750ml
7046110325643|Jif Allrent Krystal 750ml
7046110325612|Jif Allrent Sparkling Happiness 750ml
7046110307618|Jif Avløpsåpner Flytende 750ml
7046110323212|Jif Baderom Spray 500ml
7046110324011|Jif Baderom Spray Refill 250ml
7046110319512|Jif Bil-Wipes 24stk
7046110323601|Jif Eddikspray 500ml
7046110319215|Jif Engangsvåtmopp Allrent 10stk
7046110328514|Jif Engangsvåtmopp Fresh Floor 10stk
7046110319246|Jif Engangsvåtmopp Krystal Original 10stk
7046110319307|Jif Engangsvåtmopp Sparkling Happi 10stk
7046110323717|Jif Kjøkken Refill 250ml
7046110323274|Jif Kjøkkenspray 500ml
7046110323892|Jif Klorin 750ml
7046110323861|Jif Klorin Rengjøringspray 500ml
7046110324745|Jif Klorin Wc Blokk 40g
7046110323830|Jif Klorin Wc Gel 750ml
7046110327715|Jif Mikrofibermopp 1pcs
7046110010983|Jif Mopp Startpakke
7046110323540|Jif Naturlig Såpe Spray Krystal 500ml
7046110323403|Jif Ovn&Grill 500ml
7046110323984|Jif Salmi Rengjøringsmiddel 750ml
7046110320648|Jif Shiny Shower 500ml
7046110309711|Jif Skurekrem Original 500ml
7046110309742|Jif Skurekrem Sitron
7046110327944|Jif Skurepaste 200g
70120806|Jif Stank Stopp 50ml
7046110015902|Jif Tørrmopp 15stk
7046110323748|Jif Universal Refil 250ml
7046110323243|Jif Universal Spray 500ml
7046110318713|Jif Vindu Vask 300ml
7046110328576|Jif Wc Blokk Fresh 40g
7046110320815|Jif Wc Gel 750ml
7046110320679|Jif Wc Gel Fresh Gooseberry 750ml
7046110328545|Jif Wc Pop Gel 75ml
7046110320853|Jif Wipe Bathroom Floor 15stk
7046110321140|Jif Wipe Glass&Speil 30stk
7046110321119|Jif Wipe Kjøkken 30stk
7046110321171|Jif Wipe Toalett&Bad 30stk
7090003430099|Jo-Ni Møbelpuss 200ml
7072463203741|Johaug Deo Frisk 50ml
7070866038830|Jordan Flosser 3-In-1 m/Fluor 36stk
7046110073513|Jordan Flosser Easy Clean 20stk Refill
7070866041632|Jordan Flosser Easy Clean 6pk
7046110052594|Jordan Flosser Easyslide 25m
7046110052662|Jordan Flosser Everyday 30m
7046110052457|Jordan Flosser Expand 25m
7046110037195|Jordan Flosser Green Clean 1stk
7046110052532|Jordan Flosser Whitening 25m
7046110057643|Jordan Sticks Expert Regular 21stk
7038516220202|Jordan Tannbørste 3-5 År Soft
7038516220301|Jordan Tannbørste 6-9 År Soft
7046110058145|Jordan Tannbørste Change Refill Medium 2stk
7046110057988|Jordan Tannbørste Change Refill Soft 2stk
7070866041816|Jordan Tannbørste Change Soft W/2 Heads&Cap
7046110070079|Jordan Tannbørste Clean Between Flosser med
7046110070109|Jordan Tannbørste Clean Between Flosser Soft
7038516550422|Jordan Tannbørste Individual Clean Medium
7038516550408|Jordan Tannbørste Individual Clean Soft
7046110035054|Jordan Tannbørste Individual Precision Medium 1stk
7046110035085|Jordan Tannbørste Individual Precision Soft 1stk
7038513866304|Jordan Tannbørste Step 1 (0-2 År) Soft
7046110054420|Jordan Tannbørste Ultralite Medium
7046110054451|Jordan Tannbørste Ultralite Soft
7038513906505|Jordan Tannstikker 125stk Bordpakning
7038513907113|Jordan Tannstikker 2x125stk Refill
7038513909018|Jordan Tannstikker Dobbeltspisset 100stk
7070866039929|Jordan Tannstikker Ds Expert Cb Sticks Small 21stk
8683280708761|Jordbær Dragee m/Melkesjokolade Frysetørket 80g
4770179117002|Jordbær m/Sjokolade 90g Picks
4004311170854|Jordbær Ostekake 12bit 1100g
5700417990219|Jordbær Snøre 94g Malaco
57402369|Jordbærstang 27g Pingvin
2000210400001|Julekake Premium 600g Bakehuset
7041614008115|Julius Brød Skåret 750g Bakehuset
7041611018445|Julius Favoritt Brød 750g Bakehuset
7613034831736|Junior Fruktstang 25g Nestle
7613035497641|Junior Fruktstang Blåbær 25g Nestle
7090040910851|Jåla Pizza m/Trøffelsalami 375g Ask
7040913335892|Kaffefilter Presskanne 25stk Evergood
7071588000006|Kafferensemiddel 250ml Clean Drop
8435821601051|Kaiso Sjøgress-Salat 109g Sushi Take
5701073062364|Kakaoroser m/Blad 50g Dr.Oetker
7070099510684|Kakebrett Runde Sølv 2pk 25cm Cacas
7037421051314|Kakebunn 3-Delt 370g Berthas
5410471110217|Kakekjeks Thins Almond 100g Jules
5900779105850|Kakelys Birthday Gull 2,5cm 13dl Partydeco
5015462205721|Kakelys Enhjørning 1stk Partydeco
5900779105836|Kakelys Flamingo På Stick 3cm 5stk Prtydeco
5902230748149|Kakelys Gull med Holder 12,5cm 12stk Partydeco
7316191811121|Kakelys Happy Birthday 13stk
5904555030695|Kakelys Lastebiler 3-4,5cm 5stk Partydeco
7316191807919|Kakelys m/Holder 24stk
7033250450137|Kakelys m/Holdere 24stk Unik
5900779105805|Kakelys Romskip På Stick 2,5cm Partydeco
7316190205020|Kakelys Siffer 1 Konfetti
7316190205044|Kakelys Siffer 3 Konfetti
7316190205068|Kakelys Siffer 5 Konfetti
7316190205082|Kakelys Siffer 7 Konfetti
7316190205105|Kakelys Siffer 9 Konfetti
5902230748156|Kakelys Sølv med Holder 12,5cm 12stk
7316191600695|Kakenål 10stk Party
7039410004325|Kakeserviett 40x30cm 6stk
7070099421577|Kakestrø Eid Mubarak 85g Cacas
7070099420099|Kakestrø Enhjørning Unicorny 80g Cacas
7070099421591|Kakestrø Rosa Drøm 90g Cacas
7090001823220|Kalkfjerner Effektiv 500ml Mudin
7023062707321|Kamille .
31454|Kaneldrøm 120g pr stykk
17041614008754|Kanelknute 160g Bakehuset
2000850900008|Kanelsnegle pr stykk
2000601200005|Kanelsnurr pr stykk
7037610232043|Kantarell & Sjampinjong Saus 23g Toro
7039310001073|Kaptein Kjeks 200g Sætre
7035110400917|Kapteinens Fylte m/Kremet Hollandaise Saus 250g
7035110400511|Kapteinens Fylte m/Ost,Brok,Gulr Saus 250g Findus
7035110400764|Kapteinens Fylte m/Ostesaus 250g Findus
2000802300009|Karamellmuffins 100g
2000298100008|Kardemommesnurr stykk
5410426191704|Karrisaus 250g Fondua
7029121011224|Karry Mild 25g Økologisk Helios
8435821600313|Katsu Kyllingrull 225g Sushi Take
7316190207444|Katteleke Ball m/Bjelle 1stk
7311041078273|Kattemat Kjøtt 415g First Price
7311041001288|Kattesand 5kg First Price
7350055004809|Kattesand 6l Clever Cat
7312137185226|Kattesand Clean White Sensitive 5l Dogmann
7350055004786|Kattesand Lavender 6l Clever Cat
5705833215748|Kattesnacks m/ Kylling 60g
5705833215762|Kattesnacks m/Tunfisk 60g Cat Pillows
7300400482837|Kavringer 350g Wasa
7350090454157|Kebabrullelefse 510g Super Mønsj
711844115026|Kecap Asin Soyasauce Salty 600ml Abc
76124464|Kent Surround 100s 20pk
76124457|Kent Surround 20pk
76124471|Kent Surround Green 20pk
76124495|Kent White 20pk
7090010733459|Keramisk Fat til Camembert Gangstad
7311310036300|Ketjap Manis 125ml St.Maria
8710604790123|Ketjap Manis 250ml Conimex
8710605018691|Ketjap Manis 270ml Go-Tan
8711200382309|Ketjap Manis 500ml Conimex
7090024960162|Ketsjup 300g Superbra
7310350118342|Kex Sjokolade 60g Cloetta
7310350118359|Kexchoklad 8pk 480g Cloetta
7333352098238|Kickstarter Nail Serum&Primer 10 Isadora
3039820558269|Kikerter 500g Vivien Paille
7090062890056|Kimchi 250g
6416453047310|Kina Snacks Rød 150g Fazer
6416453047327|Kina Snacks Salty 140g Fazer
8000500050897|Kinder Bueno 3pk 129g Ferrero
4008400935225|Kinder Bueno 43g Ferrero
80761761|Kinder Bueno White 39g Ferrero
40084176|Kinder Country 24g Ferrero
8000500434123|Kinder Crispy 34g Ferrero
5056225900873|Kingfisher Beer 0,33l flaske
7090027910072|Kinn Dampen 0,75l flaske
7090027919884|Kinn Dreng Belgisk Blond 0,44l boks
7090027918238|Kinn Globetrottar Ipa 0,75l flaske
7090027919853|Kinn Helgen Ipa India Pale Ale 0,44l boks
7090027918948|Kinn Humlepils 0,75l flaske
7090027917538|Kinn Murar Lyst Lagerøl 0,75l flaske
7090027919792|Kinn Pilegrim Engelsk Pale Ale 0,44l boks
7090027919822|Kinn Pils Lys Lager 0,44l boks
7073569000166|Kinn Solglimt 0,44l boks
8000300434231|Kitkat Ball White 140g
3800020401248|Kitkat Chunky Peanut Butter 42g
3800020491409|Kitkat Hazelnut 99g
3800020491423|Kitkat Salted Caramel 99g
3800020423677|Kitkat Sjokolade Chunky Milk 40g
3571379021233|Kjeks m/Aprikos 120g Biscuit Provence
5907678889133|Kjeks Slomka 100g Box
7035620056222|Kjøkkenhåndkle Mikrofiber 60x40cm 1stk Unik
7035620056765|Kjøkkenklut Mikrofiber 2pk Unik
7035620059674|Kjøkkenspray 500ml First Price
8712566319251|Kjøtt&Grillkrydder 90g boks Knorr
7037203640392|Kjøttboller Italiensk 400g Gilde
7037203640422|Kjøttboller Picante 400g Gilde
7037203640361|Kjøttboller Sopp&Løk 400g Gilde
8585002441485|Kjøttbuljong Klar 150g Maggi
7033330085587|Kjøttkaker Liten Gulrøtter&Potet 355g Fjordland
7035620053399|Kjøttkaker M Ertestuing 530g Fersk & Ferdig
7055330024779|Kjøttkaker m/Brun Saus 560g
7033330086638|Kjøttkaker m/Ertestuing 605g Fjordland
7311041027042|Kjøttkakesaus 4pk First Price
7039010547864|Kjøttkakesaus 4pk Toro
7037610015141|Kjøttkakesaus Toro
7023064700771|Kk .
7072217001487|Klar Alk.Fri 0,33l flaske Arendals
7072217005164|Klar Ipa Alk.Fri 0,33l flaske Arendals
7046110313312|Klar Oppvaskmiddel Hand 500ml
7046110065341|Klar Roll-On Antiperspirant Friluft 45ml
7046110065259|Klar Roll-On Antiperspirant Livlig 45ml
7046110065464|Klar Roll-On Antiperspirant Sval 45ml
7046110074947|Klar Roll-On Beholder Turquise 1stk
7046110074978|Klar Roll-On Beholder Violet 1stk
7046110311110|Klar Tøyvask Påfyll 750ml
7059530000021|Klassekampen Helg Dagsavis
5029053573717|Kleenex Ansiktserviett Allergy 56stk
5029053002033|Kleenex Balsam Lommetørkle 72stk
5029053579504|Kleenex Balsam Serviett 64stk
5029053038759|Kleenex Collection Serviett Kube 48stk
5029053581316|Kleenex Lommetørkle Allergy Comf.8x9stk
5029053573205|Kleenex Lommetørkle Collection 6pk 54stk
5029053579160|Kleenex Serviett Original 72stk
5029053578309|Kleenex Serviett Ultra Soft 48stk
7035620029752|Klemmeposeskjeer 2pk Lillego
7037421027333|Klenning 260g Vestlandslefsa
7037421027265|Klenning m/Kanelkrem 260g Berthas
7037421027166|Klenning u/Sukker 160g Berthas
7035620066610|Klesklyper Plast 20stk Unik
7035620033339|Klesrulle 8m/60ark Unik
7090038380963|Klippfiskboller 300g Halvors
7311041085516|Klor 750ml First Price
4023103208506|Klut Wettex Color 3stk Vileda
5000262137006|Kløver Vaselin 40g
7029340123364|Knee High Support Black 36-41 Pierre Robert
7029340123371|Knee High Support Sand 36-41 Pierre Robert
7035620062445|Knee Highs 40den Onesize Black 2pk
7028413001981|Knee Highs Black 2pk La Mote
7028413001998|Knee Highs Soft Black La Mote
7041610031117|Kneippbrød 750g First Price
7300400482165|Knekkebrød 100 Frø&Havsalt 245g Wasa
7071848003921|Knekkebrød 220g Sigdal
7300400482073|Knekkebrød Din Stund Chia&Havsalt 260g Wasa
7300400482691|Knekkebrød Din Stund Chia&Havsalt 270g Wasa
7300400482578|Knekkebrød Falu Chia&Havsalt 235g Wasa
7071848024124|Knekkebrød Godt for Deg 235g Sigdal
7071848108169|Knekkebrød Godt for Deg Ost 190g Sigdal
7300400115636|Knekkebrød Runda Kanel 330g Wasa
7300400129459|Knekkebrød Runda Sesam&Havsalt 290g Wasa
7023051001478|Knekkebrød Spelt&Frø 200g Økologisk Helios
7023051001461|Knekkebrød Spelt&Ost 200g Økologisk Helios
7300400482950|Knekkebrød Sport+ 210g Wasa
7300400128926|Knekkebrød Surdeig Flerkorn 275g Wasa
7071848004492|Knekkebrød Urter&Havsalt 220g Sigdal
7056831970305|Knekks Kjeks Havre 190g Røros
7056831970121|Knekks Kjeks m/Spelt&Havsalt 190g Røros
7056831970480|Knekks Kjeks Mandler&Honning 190g Røros
7056831970039|Knekks Kjeks Original 190g Røros
7035620041037|Kniver Trebestikk 20stk Unik
5701098000501|Kobber&Messing Polish 150ml Sterling
57310824|Kobber&Messingkrem 150ml Bistro
7090051690445|Kofte Vebab 200g Grønn Lykke
7622400984235|Kokesjokolade 70% 100g Freia
7035620022975|Kokesjokolade Lys 100g Eldorado
7622400646225|Kokesjokolade Lys 100g Freia
7035620022357|Kokesjokolade Mørk 100g Eldorado
7071848000432|Kokosboller Mini 135g United Bakeries
7040512880038|Kokosflak Tørket 80g Grønn&Frisk
7033330088939|Komler/Raspeballer 570g Fjordland
4058075557994|Kompaktlysrør Led Dulux S9 4w G23 Osram
796030414961|Kona Big Wave Golden Ale 35,5cl boks
7310573000127|Kondom Beyond Thin 10stk Rfsu
7310573000172|Kondom Profil 10stk Rfsu
7310573000219|Kondom Sensual 10 stykk Rfsu
7310573000165|Kondom Thin 10stk Rfsu
7037421040868|Konfektkake 850g Delicato
7035620041150|Konvolutt C6 Selvklebende 25stk Unik
7392855125117|Kopp Trainer 220ml Mam
7311310034467|Korean Bbq Bulgogi 35g Asian Spices
5025820004958|Korean Sauce Bbq 185g Yogiyo
634158669354|Korean Sauce Chistirfry 100g Yogiyo
634158669330|Korean Sauce Hot Chilli Stir-Fry 100g Yogiyo
634158669378|Korean Sauce Sesame Soy Stir-Fry 100g Yogiyo
7072770002303|Koriander 650g Ravnsborg
7044416017729|Kornbrød 1kg Regal
7071848103102|Kornbrød Grovt 660g Jacobs Utvalgte
7041614007835|Kornbrød Grovt 750g Våre Groveste
7311041035764|Kornbrød Lettstekt 750g Eldorado
7035620048432|Kornbrød m/Lynghonning 680g Jacobs
7039317007184|Kornmo Knekkebrød Havre&Solsikke 200g
7039317005920|Kornmo Original 225g Sætre
4020400697446|Kremdrops m/Kaffesmak Sukkerfri Vivil
7033330089530|Kremet Pastaform til Familien m/Bacon&Grønnsaker 1kg
7090033150677|Kremost 250g Lega
7028630004468|Krisp-Hval 150g
7311070020854|Krisprolls Fullkorn 240g Pågen
7040110655403|Krokanrull 71g Freia
7037710024166|Krokantrøffel 42g Nidar
7041018008704|Krone-Is Jordbær 10stk Fløteis Hennig-Olsen Is
7041011278111|Krone-Is Jordbær 125ml Hennig-Olsen
7035620045370|Krone-Is Jordbær 6stk First Price
7041013406116|Krone-Is Jordbær 6stk Hennig-Olsen
7041011280114|Krone-Is Nonstop 125ml Hennig-Olsen
7041012570009|Krone-Is Nonstop 6stk Hennig-Olsen
7041018008803|Krone-Is Sjokolade 10stk Fløteis Hennig-Olsen Is
7041011279118|Krone-Is Sjokolade 125ml Hennig-Olsen
7035620046940|Krone-Is Sjokolade 6stk First Price
7041013407113|Krone-Is Sjokolade 6stk Hennig-Olsen
7035620070303|Kronelys 24cm Rillet Hvit 4pk Unik
7035620038136|Kronelys Elfenben 24cm 10stk Unik
7035620058806|Kronelys Grå Rillet 4stk Unik
7035620057335|Kronelys Grønn Rillet 4stk Unik
7035620037078|Kronelys Hvit 100% Stearin 24cm 30stk Unik
7035620037917|Kronelys Hvit 24cm 10stk Unik
7035620053702|Kronelys Led m/Riller 2stk Unik
7035620035050|Kronelys Lys Grå 24cm 10stk Unik
7035620060748|Kronelys Oker Rillet 4stk Unik
7035620051593|Kronelys Sort 24cm 10stk Unik
4600682765332|Kronenbourg 1664 Blanc 0,33l flaske
4600682765066|Kronenbourg 1664 Blanc 0,33lx6 flaske
4600682008439|Kronenbourg 1664 Blanc 0,5l boks
4600682023890|Kronenbourg 1664 Blanc 0,5lx6 boks
3080216060491|Kronenbourg 1664 Blanc Alk.Fri 0,33l flaske
3080216060507|Kronenbourg 1664 Blanc Alk.Fri 0,33lx6 flaske
7044416004569|Kruskakli 400g Regal
7350137710017|Krustader Mini 24stk 50g Rahms
7350137710031|Krustader Tubes 16stk 54g Rahms
98304100250|Krutonger Caesar 142g Chatham
7039281551195|Krutonger m/Hvitløk 60g Grønn&Frisk
98304100465|Krutonger m/Ost&Hvitløk 142g Chatham
98304100106|Krutonger m/Smør&Hvitløk 142g Chatham
98304100502|Krutonger m/Urter 142g Chatham
7045416199507|Krydderblanding 175g boks Natvigs
7020350010903|Krydderfilet 720g Norrøna
5708869334643|Krysantemum 12cm
7058020019444|Krysanthemum Bukett 3pk
9788284477756|Kryss Jorda Rundt .
9788284478074|Kryssmax 4/26
9788284477992|Kryssord for Alle 3/26
7023061414398|Kryssord for Nybegynnere
7023060332136|Kryssord Nybegynnere Spesial
7046110325544|Krystal Grønnsåpe Original 750ml Jif
7024110300075|Krystall Soda 450g Stabil
7041111158375|Krønsj 130g Minde
7035620038884|Kubbelys Aqua Grønn 12cm 1stk Unik
7035620056871|Kubbelys Aqua Grønn 16cm Unik
7035620056734|Kubbelys Beige Gyllen 12cm Unik
7035620055645|Kubbelys Beige Gyllen 16cm Unik
7035620038457|Kubbelys Elfenben 12cm 1stk Unik
7035620035661|Kubbelys Elfenben 16cm 1stk Unik
7035620054235|Kubbelys Grå 12cm Unik
7035620039706|Kubbelys Grå 16cm 1stk Unik
7035620060236|Kubbelys Grå Rillet 12cm Unik
7035620044434|Kubbelys Grønn 100% Stearin 10cm Unik
7035620044106|Kubbelys Grønn 100% Stearin 15cm Unik
7035620058165|Kubbelys Grønn Rillet 12cm Unik
7035620043925|Kubbelys Hvit 100% Stearin 10cm Unik
7035620044076|Kubbelys Hvit 100% Stearin 15cm Unik
7035620048470|Kubbelys Hvit 11cm 4stk Unik
7035620017094|Kubbelys Hvit 12cm Unik
7035620014970|Kubbelys Hvit 15cm 1stk Unik
7035620016950|Kubbelys Hvit 16cm 1stk Unik
7035620039522|Kubbelys Hvit 30cm Unik
7035620069031|Kubbelys Hvit Rillet 12cm Unik
7035620044687|Kubbelys Led 10cm Unik
7035620035746|Kubbelys Mørk Blå 12cm 1stk Unik
7035620054723|Kubbelys Mørk Blå 16cm Unik
7035620058875|Kubbelys Oker Rillet 12cm Unik
7035620059117|Kubbelys Plomme 16cm Unik
7035620043284|Kubbelys Rosa 100% Stearin 10cm Unik
7035620044359|Kubbelys Rosa 100% Stearin 15cm Unik
7035620037320|Kubbelys Rosa Drøm 12cm Unik
7035620054792|Kubbelys Rosa Drøm 16cm Unik
7035620042249|Kubbelys Sand 100% Stearin 10cm Unik
7035620043086|Kubbelys Sand 100% Stearin 15cm Unik
7035620051456|Kubbelys Sort 12x6,8cm 1stk Unik
7035620056093|Kubbelys Sort 16cm Unik
7033250200428|Kulepenn 2stk Unik
7090008304128|Kulinaris Iskrem Dubai 0,5l
7090008302834|Kulinaris Iskrem Salt Karamel&Cookies 0,5l
7311041025413|Kuvertbrød 15pk First Price
7622210410337|Kvikk Lunsj 3x47g Freia
7622400974434|Kvikk Lunsj 47g Freia
7622202246173|Kvikk Lunsj Biter 130g Freia
7090042235273|Kwas 1,5l Baltika
7039010502566|Kylling & Pasta Kremet 385g Toro
8435821601105|Kylling Gyoza 146g Sushi Take
8435821601129|Kylling Yakitori 103g Sushi Take
7310500186337|Kylling&Pasta Fullkorn 600g Findus
8585002445612|Kyllingbuljong Klar 4l Maggi
8445291322745|Kyllingfond 160g Maggi
4007680475339|Kyllingfond 500ml Jurgen Langbein
7037610230322|Kyllinggryte 80g Tandoori Toro
7037610114011|Kyllinggryte Tandoori 400g Velbekomme
7039010011129|Kyllingpostei 100g Stabburet
7023026063302|Kyllingsalat 225g Grønn&Frisk
7041614024979|Kyllingsalat Asianstyle 240g Bakehuset
7041614025006|Kyllingsalat Bacon 330g Bakehuset
7037610021326|Kyllingsaus Kremet Basilikum&Sjalottløk Toro
7039010610650|Kyllingsuppe 68g Toro
7037610092968|Kyllingsuppe Kremet 24g Rett i Koppen
7037610041430|Kålstuing Toro
7622100870913|L&M Blue 20pk
7090018950964|L&M Red 40pk
7073231001002|L'Avenir Håndsåpe Bois De Boulogne 500ml
7073231001019|L'Avenir Håndsåpe Jardins De Salagon 500ml
7073231001316|L'Avenir Wipes Sheets 15stk
4001724048381|La Mia Familia 4 Cheese 480g Dr.Oetker
4001724048350|La Mia Familia Tomato&Pepper 480g Dr.Oetker
4001724031031|La Mia Margherita 360g Dr.Oetker
4001724034186|La Mia Pizza Prosciutto E Formaggi 400g
4005900978363|Labello Hydro Care 4,8g
4005900978264|Labello Original 4,8g
4005900982544|Labello Peach Shine 4,8g
8000350000585|Ladyfingers 200g Vicenzi
7041111145986|Lakris 170g Minde
5700417990233|Lakris Snøre 94g Malaco
7310350115495|Lakrispiper 8stk Skippers
8712514092342|Lakrisstang Søt i Biter 225g Meenk
7033330086348|Laks & Pasta i Urtesaus 350g Fjordland
8435821600832|Laks Aburi Deluxe 390g Sushi Take
8435821600030|Laks Maki 127g Sushi Take
8435821600542|Laks Nigiri 186g Sushi Take
8435821600559|Laks Nigiri Deluxe 366g Sushi Take
8435821600252|Laks og Avokado Rull 205g Sushi Take
8435821601013|Laks Sashimi 96g Sushi Take
8435821600573|Laks Teriyaki Aburi 210g Sushi Take
8435821600665|Lakse-Elskeren 292g Sushi Take
8435821600894|Laksetartar Donburi 399g Sushi Take
6414301064908|Lambi Home Towel 120 Ark Lambi
7071012003214|Langlomper 8stk 290g Buer
7310617311868|Lano Dusjsåpe 250ml
7310617311882|Lano Dusjsåpe Refill 250ml
7310617311851|Lano Håndsåpe 300ml
7310617311936|Lano Håndsåpe Duftverden Mix 300ml
7310617311875|Lano Håndsåpe Refill 300ml
7046110049303|Lano Såpe 2x125g
7311070008494|Lantgoda Brød 650g Pågen
7388091509903|Lantliv .
2000502800007|Lapp m/Sjokolade pr stykk
2000223800003|Lapp pr stykk
7039010581455|Lapper/Sveler Mix 220g Toro
7035620045127|Lapskaus Brun 500g First Price
7045810000416|Lapskaus Brun 800g Trondhjems
7310100976758|Lasagne 235g Semper
7035620052521|Lasagne 300g Fersk & Ferdig
7055330034013|Lasagne 360g
7035620019661|Lasagne 400g Folkets
7310100974693|Lasagne 6mnd 120g Semper
7055330034600|Lasagne 800g Fersk&Ferdig
7037610050326|Lasagne Familiepakke 320g Toro
7039010607988|Lasagne Fullkorn Familiepkn 284g Toro
8076809523738|Lasagne Gul 500g Barilla
2000548400001|Lasagne Homestyle m/Salat pr stykk
7037610232081|Lasagne Italiensk 342g Toro
2000763200004|Lasagne Klar til å varmes
8445291414181|Lasagne m/Kylling 190g 8m Nestle
7037610050333|Lasagne Ovnsrett 200g Toro
7035620041624|Lasagneplater 500g Eldorado
7035620065767|Lasagneplater Ferske 200g Eldorado
8445290599131|Latz Agail Junior i Gele 1020g Purina
7613039758403|Latz Agail Kjøtt 1020g 12pk Purina
8445290599025|Latz Agail Mixed Selection 1020g Purina
8445290599094|Latz Agail Senior Mix i Gele 1020g Purina
7613039847558|Latz Doubly Delicious 12pk 1,02kg Purina
7613036354127|Latz Party Mix 60g Purina
7613036354288|Latz Party Mix Mixed Grill 60g Purina
7613036354370|Latz Party Mix Picnic 60g Purina
7613036354318|Latz Party Mix Seaside Mix 60g Purina
7613039847657|Latz Sensations 1020g Purina
7613036632355|Latz Soup Farm Selection 288g Purina
7613036632379|Latz Soup Fish Selection 288g Purina
8445291082861|Latz Tasty Nuggets Chicken&Duck 50g Purina
8445291082892|Latz Tasty Nuggets Salmon&Trout 50g Purina
7613037529203|Latz Tasty Shreds Fisk 960g Purina
73210191|Ld No2 Super White Icy Blue Mint S5
4099854247279|Led Lyspære T26 25 Klar E14 Dim Osram
4099854457012|Led Spot Mr16 35 Dim 927 Gu5.3 Osram
4099854457036|Led Spot Par16 35 Dim 927 Gu10 Osram
4099854457074|Led Spot Par16 35 Dim Gu5.3 2pk
4099854457487|Led Spot Par16 50 Dim 927 Gu10 Osram
4099854456930|Led Spot Par16 80 Dim 927 Gu10 Osram
7090007560136|Lefsekling 400g Leveld
7071012003559|Lefser 6stk 240g Buer
7046054452276|Lefser 6stk Aulie
7055450000011|Lefserull 5stk 420g Ola-Lompa
7055450010119|Lefserull Fjellmandel 5stk 420g Ola-Lompa
7023060523404|Lekende Lette X-Ord
7312080004025|Leksands Knekke Godt Stekt 200g
7312080004193|Leksands Knekke Havre 200g
7312080004018|Leksands Knekke Normalt Stekt 200g
7312080005756|Leksands Knekke Rutbit 200g
7035620063862|Lemon Bites 200g Eldorado
5712514012404|Leppepomade Bær 5,5g Beauty Made Easy
5712514012442|Leppepomade Lemonade 5,5g Beauty Made Easy
7072712001203|Lervig No Worries 0,33l boks
7023060916558|Lev Landlig .
7039010132435|Leverpostei 100g Stabburet
7090040560087|Leverpostei 160g Metervare
7039010133678|Leverpostei 200g Stabburet
2000921900005|Leverpostei 22g
7036110008707|Leverpostei Dansk Grov 190g Stryhns
7090040560407|Leverpostei Grov 160g Metervare
7034170004691|Leverpostei Grov 200g Bjerke
7090023900107|Leverpostei Grov 220g Jens Eide
7034170002352|Leverpostei Grov Ovnsbakt 400g Bjerke
7039010010467|Leverpostei Grovere 6x22g Stabburet
7036110007724|Leverpostei Ovnsbakt 185g Mills
7039010010269|Leverpostei Porsjon 6x22g Stabburet
7393145093604|Liba Original 330g My Bakery As
7035620062339|Libanesisk Brød Original 4stk 341g Eldorado
7322542454701|Libero Babyolje 150ml
7322542455548|Libero Babywash 200ml
7310361148871|Libero Comfort Str.1 24stk
7310361149120|Libero Comfort Str.2 34stk
7322541116648|Libero Comfort Str.3 30stk
7322541116822|Libero Comfort Str.4 26stk
7322541116914|Libero Comfort Str.5 24stk
7322541117065|Libero Comfort Str.6 22stk
7322541117140|Libero Comfort Str.7 21stk
7322541962689|Libero Fuktig Toalettpapir 42stk
7322542156179|Libero Stellematte 6stk
7322541187754|Libero Touch Pant Str.4 20stk
7322541091914|Libero Touch Pant Str.5 18stk
7322541092102|Libero Touch Pant Str.6 16stk
7322541092294|Libero Touch Pant Str.7 14stk
7322541069999|Libero Touch Premature 24stk
7322541070230|Libero Touch Str.1 22stk
7322541070315|Libero Touch Str.2 32stk
7322541070391|Libero Touch Str.3 28stk
7322541070476|Libero Touch Str.4 24stk
7322541070544|Libero Touch Str.5 22stk
7322541070612|Libero Touch Str.6 21stk
7322541070667|Libero Touch Str.7 20stk
7322541084886|Libero Up&Go Str.4 22stk
7322541089591|Libero Up&Go Str.5 20stk
7322541090238|Libero Up&Go Str.6 18stk
7322541090931|Libero Up&Go Str.7 16stk
7322541091563|Libero Up&Go Str.8 14stk
7322541164724|Libero Våtserviett 64stk
7310794282005|Libresse Classic Normal Truseinnlegg 50stk
7322540802801|Libresse Ex-Long Truseinnlegg 20stk
7322540576474|Libresse Goodnight Maxi Wing Bind 10stk
7322541968742|Libresse Goodnight Maxi Wing Bind 18stk
7322542411285|Libresse Goodnight Ultra Wing Bind 26stk
7310791180663|Libresse Goodnight Wing Bind 10stk
7322541237749|Libresse Long Ex Protection 22stk
7322541989679|Libresse Menstruse Hipster Svart L 1stk
7322541989617|Libresse Menstruse Hipster Svart M 1stk
7322541989556|Libresse Menstruse Hipster Svart S 1stk
7322541989495|Libresse Menstruse Hipster Svart Xs 1stk
7310790088311|Libresse Normal Bind 16stk
7322540595918|Libresse Normal Maxi Wing 14stk
7322540803211|Libresse Normal Truseinnlegg 30stk
7322541472065|Libresse Normal Truseinnlegg 80stk
7322540919516|Libresse Normal Truseinnlegg Svart 30stk
7310790088212|Libresse Normal Wing Bind 14stk
7322541968414|Libresse Normal Wing Bind 26stk
7322540802955|Libresse So Slim Truseinnlegg 30stk
7310791193892|Libresse String Truseinnlegg 30stk
7322540918267|Libresse Ultra Natt X-Large 9 stykk
7322541968490|Libresse Ultra Normal Bigpack 30stk
7322541471853|Libresse Xtra Long Truseinnlegg 54stk
9418315126598|Licorice Natural Soft 300g Rjs
5411686700118|Liefmans Fruitesse 0,25l flaske
7020712024111|Lier Surdeigstykke 5stk 450g Hatting
3377711000283|Lighter Gs 1 Ordinær
7090025901164|Lilla Poser 20stk Plastemballasje
7090012626469|Lille Lørdag Ipa 0,44l boks Haandbryggeriet
7310036650005|Lim Karlssons Klister Uhu
4026700363555|Lim Max Repair Uhu
4026700501827|Limstift 8,2g Uhu
8003340098005|Lindor Milk 137g pose Lindt
4000539363108|Lindor Stick Melkesjokolade 38g Lindt
4000539280160|Lindor Stick Salted Caramel 38g Lindt
7035620060281|Linfrø Økologisk 350g Vilje
8028947080475|Lingue Flatbrød 100g Mario Fongo
8028947088068|Lingue Flatbrød m/Salt 200g Mario Fongo
8076809585231|Linguine Al Bronzo 500g Barilla
7310500188300|Linguini Chicken Zucchini 350g Findus
8588009438106|Linsechips m/ Havsalt Proteinrik 55g
7029121011873|Linser Beluga Tørre Økologisk 500g Helios
7613034917041|Lion 2pk 60g
7613036857895|Lion White 60g
7317851102016|Lipliner 01 Bare Beige Isadora
7317851102023|Lipliner 02 Praline Isadora
7317851102030|Lipliner 03 Creamy Brown Isadora
7317851102047|Lipliner 04 Bare Pink Isadora
7317851102054|Lipliner 05 Dusty Rose Isadora
7317851102061|Lipliner 06 Cinnabar Isadora
7317851102078|Lipliner 07 Mauve Rose Isadora
7317851102085|Lipliner 08 Rosewood Isadora
7317851102092|Lipliner 09 Mocha Mauve Isadora
7317851102108|Lipliner 10 Cranberry Isadora
7317851102115|Lipliner 11 Cherry Red Isadora
7317851102122|Lipliner 12 True Red Isadora
7333352084606|Lipstick Longwear 01 Isadora
7333352084613|Lipstick Longwear 04 Isadora
7333352084620|Lipstick Longwear 07 Isadora
7333352084637|Lipstick Longwear 10 Isadora
7333352084644|Lipstick Longwear 13 Isadora
7333352084651|Lipstick Longwear 16 Isadora
7333352084668|Lipstick Longwear 19 Isadora
7333352084675|Lipstick Longwear 22 Isadora
7317852250129|Lipstick Perf Mois 012 Velvet Nude Isadora
7333352110343|Lipstick Perf Mois 05 Coral Peach Isadora
7317852250549|Lipstick Perf Mois 054 Dusty Rose Isadora
7317852250600|Lipstick Perf Mois 060 Cranberry Isadora
7317852250785|Lipstick Perf Mois 078 Vivid Pink Isadora
7317852250099|Lipstick Perf Mois 09 Flourish Pink Isadora
7317852250150|Lipstick Perf Mois 15 Heather Isadora
7317852251515|Lipstick Perf Mois 151 Precious Rose Isadora
7317852251522|Lipstick Perf Mois 152 Marvelous Mauve Isadora
7317852250211|Lipstick Perf Mois 21 Burnished Pink Isadora
7317852252109|Lipstick Perf Mois 210 Ultimate Red Isadora
7333352110350|Lipstick Perf Mois 212 Berry Red Isadora
7317852252154|Lipstick Perf Mois 215 Classic Red Isadora
7317852252185|Lipstick Perf Mois 218 Mocha Mauve Isadora
7317852252192|Lipstick Perf Mois 219 Bare Blush Isadora
7317852252222|Lipstick Perf Mois 222 Light Cocoa Isadora
7317852252253|Lipstick Perf Mois 225 Rose Beige Isadora
7317852252260|Lipstick Perf Mois 226 Angelic Nude Isadora
7317852252277|Lipstick Perf Mois 227 Pink Pompas Isadora
7317852252284|Lipstick Perf Mois 228 Cinnabar Isadora
7333352110367|Lipstick Perf Mois 230 Blackberry Mood Isadora
7317852250563|Lipstick Perf Mois 56 Rosewood Isadora
7317852250686|Lipstick Perf Mois 68 Crystal Rosemauve Isadora
7317852250778|Lipstick Perf Mois 77 Satin Pink Isadora
7333352110374|Lipstick Perf Mois Refill 05 Coral Peach Isadora
7333352110381|Lipstick Perf Mois Refill 212 Berry Red Isadora
7333352110398|Lipstick Perf Mois Refill 230 Blackberry Isadora
7317852260128|Lipstick Refill 012 Velvet Nude Isadora
7317852260548|Lipstick Refill 054 Dusty Rose Isadora
7317852260609|Lipstick Refill 060 Cranberry Isadora
7317852260784|Lipstick Refill 078 Vivid Pink Isadora
7317852260098|Lipstick Refill 09 Flourish Pink Isadora
7317852260159|Lipstick Refill 15 Heather Isadora
7317852261514|Lipstick Refill 151 Precious Rose Isadora
7317852261521|Lipstick Refill 152 Marvelous Mauve Isadora
7317852260210|Lipstick Refill 21 Burnished Pink Isadora
7317852262108|Lipstick Refill 210 Ultimate Red Isadora
7317852262153|Lipstick Refill 215 Classic Red Isadora
7317852262184|Lipstick Refill 218 Mocha Mauve Isadora
7317852262191|Lipstick Refill 219 Bare Blush Isadora
7317852262221|Lipstick Refill 222 Light Cocoa Isadora
7317852262252|Lipstick Refill 225 Rose Beige Isadora
7317852262269|Lipstick Refill 226 Angelic Nude Isadora
7317852262276|Lipstick Refill 227 Pink Pompas Isadora
7317852262283|Lipstick Refill 228 Cinnabar Isadora
7317852260562|Lipstick Refill 56 Rosewood Isadora
7317852260685|Lipstick Refill 68 Crystal Rosemauve Isadora
7317852260777|Lipstick Refill 77 Satin Pink Isadora
7333352110442|Lipstick True Impact 02 True Isadora
7333352110459|Lipstick True Impact 04 Fierce Isadora
7333352110466|Lipstick True Impact 06 Confident Isadora
7333352110473|Lipstick True Impact 08 Powerful Isadora
7333352110411|Lipstick True Impact 14 Honest Isadora
7333352079916|Lipstick Twist Up 00 Isadora
7333352079923|Lipstick Twist Up 03 Isadora
7333352079930|Lipstick Twist Up 06 Isadora
7333352079954|Lipstick Twist Up 12 Isadora
7333352079190|Lipstick Twist Up 15 Isadora
7333352079206|Lipstick Twist Up 18 Isadora
7333352079213|Lipstick Twist Up 21 Isadora
7333352110404|Lipstick Vinyl True Impact 12 Sincere Isadora
7333352110428|Lipstick Vinyl True Impact 16 Unapologetic
7333352110435|Lipstick Vinyl True Impact 18 Brave Isadora
5010511471652|Liquorice Allsorts 165g
3574661903293|Listerne Total Care Intense Alkoholfri Munnskyll
3574661903286|Listerne Total Care Munnskyll Ekstra Mild 500ml
7035620023392|Litermål i Plast 1stk Unik
36000183399|Little Swimmers Nr 3-4 12stk Huggies
5029053538426|Little Swimmers Nr.5-6 11stk Huggies
7023060134860|Livsarven 2 .
7035620064982|Lobster Roll 295g Jacobs Utvalgte
7041610031124|Loff 500g First Price
7037610232005|Lofoten Fiskesaus 34g Toro
7398818390004|Lohilo Iskrem Chocolate Brownie 350ml
7049671001261|Lokk for Brunost 1stk Unik
7037070000619|Lokk Leverpostei Liten 2stk Unik
7037070000602|Lokk Leverpostei Stor 2stk Unik
7037070000626|Lokk Makrellboks 2stk Unik
7033250467005|Lokkåpner 1stk Unik
7023061320217|Lol 3 .
7070099990912|Lollipopinner 13,5cm, 50pk Cacas
7311041043356|Lomper 10stk 260g First Price
7071012003276|Lomper 10stk 290g Buer
7046053445224|Lomper 10stk Aulie
7055450010171|Lomper Spelt 8stk 270g Ola-Lompa
7055450010287|Lomper Store 10stk 280g Ola-Lompa
7020560956138|Lomper Store 8stk Aulie
5011885003647|London Pride 0,5l Fullers
7035620064791|Long Madeleines Marble 250g Eldorado
7035620064098|Long Madeleines Plain 250g Eldorado
7350159280017|Loop No1 Jalapeno Lime Extra Strong S4 24p
7350159280055|Loop No12 Red Chili Melon Hyper Strong S8
7350114319868|Loop No7 Habanero Mint Hyper Strong S8 Aw
7090033937018|Lorita 0,44l boks Amundsen
7072712000121|Lucky Jack 0,33l boks Lervig
7072712000138|Lucky Jack 0,33lx6 boks Lervig
57080666|Lucky Strike Crisp Flow Filter 20pk
6413800121204|Lucky Strike Original Red 20pk
42221920|Lucky Strike True Red 20pk
6430061527200|Luftigere Bakst 65g Idun
7046110317914|Luktfjerningsspray Aktiv&Sport 150ml Omo
9788284422213|Lunch Sommerhefte 2026
4026700360158|Lynlim 1stk Uhu
7046110049525|Lypsyl Aloe Vera 4,2g
7046110049556|Lypsyl Original 4,2g
7046110048504|Lypsyl Repair+ 4,2g
7070334735407|Lysholm Nordic Mule 0,33l boks
8711711980001|Lysmansjetter 30stk Bolsius
4008321844910|Lyspære Classic Bw 11w E14 Osram
4008321844194|Lyspære Classic P 11w E14 Osram
4099854443749|Lyspære Led Cl A 25 Klar Dim 827 E27 Osram
4099854443787|Lyspære Led Cl A 25 Matt Dim 827 E27 Osram
4099854464959|Lyspære Led Cl A 40 Klar Dim 827 E27 Osram
4099854464973|Lyspære Led Cl A 40 Matt Dim 827 E27 Osram
4099854094248|Lyspære Led Cl A 40 Matt E27 2pk Osram
4058075428300|Lyspære Led Cl A 40 Matt E27 Ds Osram
4099854465055|Lyspære Led Cl A 60 Klar Dim 827 E27 Osram
4058075819290|Lyspære Led Cl A 60 Klar E27 3 pakke Osram
4099854465079|Lyspære Led Cl A 60 Matt Dim 827 E27 Osram
4099854445040|Lyspære Led Cl B 25 Klar Dim 827 E14 Osram
4099854445347|Lyspære Led Cl B 25 Matt E14 827 Dim Osram
4099854445712|Lyspære Led Cl B 40 Klar Dim 827 E14 Osram
4099854445736|Lyspære Led Cl B 40 Matt Dim 827 E14 Osram
4099854445750|Lyspære Led Cl Bw 25 Klar Dim 827 E14 Osram
4099854455360|Lyspære Led Cl P 25 Klar Dim 827 E14 Osram
4099854443886|Lyspære Led Cl P 25 Klar Dim 827 E27 Osram
4099854443855|Lyspære Led Cl P 25 Matt E27 827 Dim Osram
4099854444814|Lyspære Led Cl P 40 Klar Dim 827 E14 Osram
4099854443947|Lyspære Led Cl P 40 Klar Dim 827 E27 Osram
4099854444906|Lyspære Led Cl P 40 Matt E14 827 Dim Osram
4099854443978|Lyspære Led Cl P 40 Matt E27 827 Dim Osram
4099854090226|Lyspære Led Clb 40 Klar E14 2pk Osram
4058075803978|Lyspære Led Clp40 Matt E14 2pk Osram
4058075761957|Lyspære Led Dagslys Sensor Cl A 40 E27 Osram
4058075761971|Lyspære Led Dagslys Sensor Cl A 60 E27
4099854235726|Lyspære Led Dagslys Sensor Cla 60 E27 Osram
7035620037498|Lyspære Led Mignon 2w 2stk First Price
4058075523098|Lyspære Led Pin 10 Micro Klar G4 Osram
4058075607286|Lyspære Led Pin 30 Klar Dim G9 Osram
4058075431997|Lyspære Led Pin 30 Klar G4 Osram
4058075432338|Lyspære Led Pin 30 Klar G9 Osram
4058075125940|Lyspære Led R50 60 Klar Dim E14 Osram
4058075126008|Lyspære Led R63 60 Dim E27 Osram
4058075818392|Lyspære Led Spot 50 Gu10 3 pakke Osram
7035620037894|Lyspære Led Spot Gu10 4w 2stk First Price
7035620039300|Lyspære Led Spot Gu5.3 5w First Price
4058075433083|Lyspære Led Spot Mr11 20 Dim Gu4 Osram
4099854045721|Lyspære Led Spot Par16 50 Gu10 2pk Osram
7035620033872|Lyspære Led Standard 8w 2pk First Price
4058075059153|Lyspære Led Stick Ice 53 Matt E27 Osram
4058075432758|Lyspære Led T26 20 Matt E14 Osram
7039210610825|Lyspære Mini Klar 15w 2pk Osram
7039210610832|Lyspære Mini Klar 25w 2pk Osram
4099854491665|Lyspære Stekeovn 10w 12v G4 2pk Osram
7039210610818|Lyspære Stekeovn 15w Klar 2pk Osram
4099854491733|Lyspære Stekeovn 20w 12v G4 2pk Osram
4099854491818|Lyspære Stekeovn 25w G9 230v 2pk Osram
4099854038501|Lysrør Led T8 5,4w/830 Osram
7311041019832|Løk Sprøstekt 100g First Price
7041710920007|Løk Sprøstekt 100g Ps
7035620049330|Løk Sprøstekt Bbq 100g Eldorado
7090036562705|Løkka Pils 0,33l boks Grunerløkka Brygghus
7044710300169|Løkringer 300g Hoff
7622202264788|M 150g Freia
2000763500005|Mac' N Cheese Kald pr Kg
7055330026032|Mac'n Cheese m/Røkt Skinke 350g Matbørsen
7041111155725|Macadamia Nøtter Havsalt 50g Dln
613668024709|Macaroni & Cheese Dinner 206g Missisippi Belle
8004690053744|Maccheroni No37 500g La Molisana
7702018462872|Mach3 Blader Turbo 6stk Gillette
7037120000002|Mack 1877 0,5l boks
7037120001191|Mack 1877 0,5lx6 boks
7037120115379|Mack Bayer 0,5l boks
7037120001160|Mack Bayerøl 0,50lx6bx
7037120014733|Mack Haakon Øl 0,5l boks
7037120001078|Mack Haakonøl 0,5lx6 boks
7037120030832|Mack Isbjørn 0,33lx10 boks
7037120015389|Mack Isbjørn 0,5l boks
7037120015419|Mack Isbjørn 0,5lx6 boks
7037120018892|Mack Pilsnerøl 0,5lx6 boks
7030660372745|Mad Fish Hard Seltzer Bali 0,5l boks
7613034954862|Maggi Juicychicken Provencal 28g
8445291886292|Maggi Ramen Noodles Chicken 62g
8445291886230|Maggi Ramen Noodles Hot Chili 62g
7072712011479|Magic Clouds 0,5l boks Lervig
7072712013053|Magic Clouds 0,5lx6 boks Lervig
3600523192960|Magic Retouch 2 Brun 75ml
3600523192977|Magic Retouch 3 Lys Brun 75ml
3600523192939|Magic Retouch 4 Mørk Blond 75ml
3600523192946|Magic Retouch 6 Blond 75ml
5391516871402|Magners Cider Original 0,5l boks
7023060231224|Magnolia Böcker
5060107338296|Maismums Jordbær&Banan 20g Ellas
5900862213554|Majones Hvitløksaus 250g Winiary
7311041013526|Makaroni 1kg First Price
8005121000931|Makaroni Englehår 500g Divella
7044416010232|Makaroni Fullkorn 500g Sopps
7035620047176|Makaroni Snarkokt 650g Eldorado
7044416009687|Makaroni Snarkokt 650g Sopps
5714156236767|Make Up Håndkle 4stk 100% Polyester
7029121001577|Makeup Pads Økologisk 50stk Sano
7027110215530|Makrellfilet i Tomat 110g King Oscar
7035620049477|Makroner Franske 12stk 144g Jacobs Utvalgte
7071848106226|Makroner Franske 158g United Bakeries
7033165006290|Maltekstrakt 450g Moss
5000159555692|Maltesers 135g
7055450010362|Mandelpotet Lomper Store 10stk 290g Ola Lompa
7040110603107|Mandelstang 43g Freia
7035620062964|Mandler m/Cappuccinosjokolade 150g
7090046313472|Mango m/Sjokolade 100g Fruit Dips
7039317008914|Marie Kjeks 200g Sætre
7311041013670|Mariekjeks 2x200g First Price
7310401055947|Mariestads Export 0,5l boks
7310402055946|Mariestads Export 0,5lx6 boks
2000212900004|Markaspelt 710g Håndlagd
2000261600009|Markaspelt Halvstekt 750g Håndlagd
7090018951923|Marlboro Double Burst 20pk
7090018952180|Marlboro Fuse Beyond 20pk
7090018952586|Marlboro Gold 100s 20pk
7090018952623|Marlboro Gold 20pk
7622100570103|Marlboro Gold Maxi 31pk
7090018950872|Marlboro Gold Soft Pack 20pk
7090018952463|Marlboro Red 100s 20pk
7090018952661|Marlboro Red 20pk
7090018950315|Marlboro Red Soft 20pk
7090018952548|Marlboro Silver Blue 20pk
8436042344246|Marrupe Tapas 120g Ridderheims
5000159560313|Mars 10 pakke 450g
5900951311215|Mars 2pk 70g
7041611059110|Marsipankake 2pk 310g Bakehuset
7041614010279|Marsipankake 8bit 900g Bakehuset
7041614021312|Marsipankake 8bit Bakt uten Gluten & Laktose
7041611059905|Marsipankake m/Syltetøy 8 Biter 1kg Bakehuset
72417180644|Maryland Cookies Chocolate&Hazelnut 136g
5010035002103|Maryland S'Wich 150g
7333352078667|Mascara 10 Sec High Imp Wp 01 Isadora
7333352078681|Mascara 10sec High Imp L&C 01 Isadora
7333352078698|Mascara 10sec High Imp L&C 02 Isadora
7333352078650|Mascara 10sec High Imp L&L 01 Isadora
7333352078674|Mascara 10sec High Imp Vol 01 Isadora
7333352078735|Mascara Build Up Ex Vol Wp 01 Isadora
7333352078704|Mascara Build Up Extra Vol 01 Isadora
7333352078711|Mascara Build Up Extra Vol 02 Isadora
7333352078728|Mascara Build Up Extra Vol 03 Isadora
7333352084392|Mascara High 02 Isadora
7333352098092|Mascara Hypo Allergenic 01 Isadora
7333352098108|Mascara Hypo Allergenic 02 Isadora
7317851230504|Mascara Lash Style Curl 50 Black Isadora
7317851230405|Mascara Lash Style Vol 40 Black Isadora
7333352098160|Mascara Length&Volume 01 Isadora
7333352098177|Mascara Length&Volume 02 Isadora
7333352117946|Mascara New Dimension 01 Black Isadora
7333352117960|Mascara New Dimension Wp 01 Black 11ml
7311041086988|Maskinoppvask Tabletter 60stk First Price
7035620059278|Maskinoppvask Tabletter 60stk Vilje
7035620056987|Matboks i glass 1000ml Unik
7035620056666|Matboks i glass 370ml Unik
7035620052934|Matboks i glass 600ml Unik
7394376624094|Matcha Havredrikk Strawberry 1l Oatly
7394376624100|Matcha Havredrikk Strawberry 250ml Oatly
5060941970027|Matcha Powder Original 30g Perfectted
5060941970379|Matcha Powder Vanilla 75g Perfectted
7394376044335|Matlag Havrebasert 250ml Oatly
7090050350012|Matmerkingskort for Allergener 10stk Merk Maten
7035620059735|Matpakkepapir 50m Vilje
7316190207239|Matskål Silikon Sammenleggbar
7333352084897|Matte Powder No Comp 60 Isadora
7333352084903|Matte Powder No Comp 61 Isadora
7333352084910|Matte Powder No Comp 65 Isadora
7333352084934|Matte Powder No Comp 67 Isadora
7333352084941|Matte Powder No Comp 68 Isadora
7333352084958|Matte Powder No Comp 70 Isadora
7333352084965|Matte Powder No Comp 72 Isadora
7333352118011|Matte Settingspray 00 Translucent 100ml Isadora
5704190111700|Maxim Energy Gel Citrus 100g
5704190111724|Maxim Energy Gel Orange 100g
5704190111748|Maxim Energy Gel Orange 33g
7070866040000|Maxim Energybar Chocolate Caramel 56g
7070866042318|Maxim Proteinbar Chocolate Brownie 55g
7070866039806|Maxim Proteinbar Cookie Dough 55g
7070866039868|Maxim Proteinbar Peanut Caramel 55g
7070866039899|Maxim Proteinbar Salty Caramel 55g
7037421062266|Mazariner 4pk 220g Berthas
7312133104405|Meaty Kuber Hjort 80g Dogman
7033330088106|Medisterkaker m/Surkål 540g Fjordland
7311041085257|Meiseboller 6x90g First Price
7039010562034|Meksikansk Gryte 189g Toro
7037610234092|Meksikansk Gryte 400g Toro
7039010562096|Meksikansk Gryte Familiepakning 284g Toro
8710649120909|Melba Toast Firkantet 100g Meulen
8710649120497|Melbatoast Rund 110g Meulen
5413623700076|Melkenøtt Stevia 85g Cavalier
7040110648207|Melkerull 74g Freia
7622300591052|Melkesjoko Kjeks 184g Freia
7622202257346|Melkesjokolade 100g Freia
7311041034712|Melkesjokolade 200g First Price
7040110569908|Melkesjokolade 200g Freia
3395328348437|Melkesjokolade 40% 250g Valrhona
7622201746148|Melkesjokolade Boble 150g Freia
7040110069200|Melkesjokolade Eventyr 24g Freia
7622202258336|Melkesjokolade Kvikk Lunsj 100g Freia
7622300414399|Melkesjokolade Kvikk Lunsj 200g Freia
7622300249021|Melkesjokolade m/Daim 200g Freia
7622202381195|Melkesjokolade m/Toppris 190g
7035620028649|Mellombar Chia,Quinoa&Nøtter 138g Eldorado
7035620046247|Mellombar Jordbær Hvit Sjokolade 138g Eldorado
7035620067747|Mellombar Kokos&Sjokolade 138g Eldorado
7035620052897|Mellombar Popcorn&Sjokolade 126g Eldorado
7035620066733|Mellombar Salt Karamell 138g Eldorado
7035620060625|Mellombar Sjokolade&Krisp 138g Eldorado
7035620052774|Mellombar Sukkerfri m/Sjoko 138g
7035620059148|Mellomleggspapir 500ark Vilje
7317400015088|Mellomromsbørste Blå 0,6mm 6stk Tepe
7317400015125|Mellomromsbørste Gul 0,7mm 6stk Tepe
7317400015040|Mellomromsbørste Rød 0,5mm 6stk Tepe
3600524125950|Men Expert Face Moisturiser 50ml Loreal
3600524076757|Men Expert Roll-On Barber Club 48h 50ml
3600522632641|Men Expert Roll-On Ceramic 50ml
3600522203049|Men Expert Roll-On Protect Intensive Ice 50ml
3600523968060|Men Expert Shower Barber Club 300ml Loreal
3600523232680|Men Expert Shower Hydra Energetic 300ml Loreal
3600523232697|Men Expert Shower Total Clean 5i1 300ml Loreal
5709319201423|Mentholatum Lipbalm 4,5g
2000937200007|Meny Gavetine Liten 1stk
2000937300004|Meny Gavetine Stor 1stk
7028414014232|Merino Wool Sock Black 37-40 Pierre Robert
7340083489136|Mevolution Shower Gel 2in1 300ml
8006013988122|Mezzelune Pasta m/Skinke&Ost 250g Bertagni
7029340010237|Micro Bra Black L Pierre-Robert
7029340010206|Micro Bra Black M Pierre-Robert
7029340010220|Micro Bra Black S Pierre-Robert
7033330087192|Middagskaker 565g Fjordland
9788253554310|Midtøstens Historie
7023063705937|Mikke Mus Kryss .
7035620056802|Mikrofiber Klut Mix 3pk Unik
7035620056901|Mikrofibermopp Unik
8717677336593|Milk Chocolate 180g Tony's
8717677337514|Milk Chocolate 50g Tony's
8717677336654|Milk Chocolate Karamell 180g Tony's
8717677336630|Milk Chocolate Nougat 180g Tony's
8717677337316|Milk Chocolate Salt Karamell 47g Tony's
5000159604994|Milky Way Twin 43g Milky Way Twin 43g
8593868004690|Miller Genuine Draft 0,33l flaske
8593868004713|Miller Genuine Draft 0,33lx6 flaske
8593868007875|Miller Lime 0,33l flaske
7046110320617|Milo Tøymykner 750ml
7046110320518|Milo Tøyvask 750ml
7046110320549|Milo Tøyvask Parfymefri 750ml
7046110310724|Milo Ullvask Refill 490ml
8445290553065|Min Fruktgrøt Eple&Banan 6mnd 110g Nestle
8445291245471|Min Fruktgrøt Jordbær 110g fra 6m Nestle
8445290553911|Min Fruktgrøt Pære&Banan 6mnd 110g Nestle
8445290805140|Min Fullkornsgrøt Eksotiske Frukter 1-3 År 450g
8445292085564|Min Fullkornsgrøt God Natt 6m 410g
8445292085083|Min Fullkornsgrøt God Natt 8m 410g
8445290805041|Min Fullkornsgrøt Jordbær&Banan 1-3 År 450g Nestle
8445292061704|Min Fullkornsgrøt m/Eple&Gulrot 410g 8m Nestlé
8445292084987|Min Fullkornsgrøt Mango Banan 410g
8445290804792|Min Fullkornsgrøt Rugflak God Natt 1-3 År 450g
8445292062381|Min Fullkornsgrøt Sviske 410g
8445290805317|Min Grøt Havre Quinoa&Banan 1-3 År Nestle
8445291280656|Min Grøt Sovetid 6m 110g
5012427142602|Minestronesuppe 400g Baxters
2000820200008|Mini Berliner Sjokolade 5pk
4062300448087|Mini Dinos 1-3 År 300g Hipp
5714156236132|Mini Hårstrikker 100stk i Krukke m/Farger
2000819900001|Mini Muffins Blåbær 5pk
7034280010780|Mini Muslibar Salt Karamel 150g Synnøve
7044710019405|Mini Røsti Opphøgde 500g Hoff
7035620060632|Minibaguett Grove Fullkorn m/Linfrø 300g Eldorado
7035620018541|Minibakkels 250g Eldorado
7039281551270|Minigrissini Hvitløk 60g Grønn & Frisk
7090042235167|Minipiroger m/Kjøtt 500g Baltika
5010029231168|Minis Caramelised Biscuit 500g Weetabix
7042961001866|Minivårruller Grønnsak 480g Food Court
5060194792285|Miso Suppemix 88g Saitaku
27035620061701|Mochi Ice Cream 10stk
27035620061121|Mochi Ice Cream 3stk
27035620062241|Mochi Ice Cream 5stk
7388036012901|Mojo .
7037710026306|Mokkabønner 110g Nidar
7037710024647|Mokkatrøffel 42g Nidar
7041011014115|Monaka Fløteis m/Kjeks 135ml Hennig-Olsen
7035620058400|Moneybag m/Reke 8stk 260g Jacobs Utvalgte6
7040110650408|Monolit 60g Freia
7070232256202|Monstera Strelitsia Mix 13cm
6411401085260|Moomin Biscuit 175g Fazer
6416453085251|Moomin Biscuit Chocolate 175g Fazer
7037421051321|Mor Monsen 300g Berthas
7023060126162|Morgan Kane Böcker
7070717000016|Morgenbladet Ny Utgave Hver Fredag
8410700005526|Moritz Original 0,33l boks
7041614023132|Mors Grovbrød Våre Minste 500g Bakehuset
7023060603489|Motorveteran Norsk
7044711300786|Mozzarella Sticks 250g Hoff
7071864018558|Muffins Blueberry 95g Aunt Mabels
7071864022463|Muffins Choco&Banan 95g Aunt Mabels
7071864018619|Muffins Double Chocolate 95g Aunt Mabels
2000233700003|Muffins Halloween 120g pr stykk
7071864018589|Muffins Milk Chocolate 95g Aunt Mabels
7035620060939|Muffinsform 24stk Vilje
7070099415934|Muffinsform Hvit Jumbo 30stk Cacas
7311043003419|Muffinsformer 36stk Blomst Fixa
5701073062814|Muffinsformer Deko 50stk Dr. Oetker
7070099817509|Muffinsformer Nut Cup 5cm 24stk Cacas
7070099415347|Muffinsformer Polkadott Blå&Rød 50stk Cacas
7070099411585|Muffinsformer Polkadott Sort 30stk Cacas
7070099415866|Muffinsformer Prinsesse 50stk Cacas
7070099416726|Muffinsformer Rosa Prikker 100stk Cacas
7311041089125|Muffinsformer Små 100stk First Price
7070099416702|Muffinsformer Sorte Prikker 50stk Cacas
7039410004349|Muffinsformer Store 40stk
5412533421514|Multirengjøring All Purpose 1l Ecover
7044610874487|Munkholm 0,33l boks
7044611874486|Munkholm 0,33lx6 boks
7044610874500|Munkholm Bayer 0,33l boks
7044610874517|Munkholm Fatøl 0,33l boks
7044611874516|Munkholm Fatøl 0,33lx6 boks
7044610876092|Munkholm Radler Br.Bær/Sitron 0,33l boks
7044611876091|Munkholm Radler Br.Bær/Sitron 0,33lx6 boks
6415600598217|Munkholm Radler Lite Mandarin 0,33l boks
6415600598224|Munkholm Radler Lite Mandarin 6x0,33l boks
7044610876832|Munkholm Radler Mango/Pasjon 0,33l boks
7044611876831|Munkholm Radler Mango/Pasjon 0,33lx6 boks
7044610876283|Munkholm Radler Sitron 0,33l boks
7044611876282|Munkholm Radler Sitron 0,33lx6 boks
3663555002096|Munnsårplaster 15stk Compeed
4001724042563|My Pizza Slice Beef&Pepperoni 140g Dr.Oetker
4001724042471|My Pizza Slice Ham&Cheese 140g Dr.Oetker
4001724042501|My Pizza Slice Mozzarella&Pesto 140g Dr.Oetker
7027852000067|Mygg&Flått Spray 50ml Myggolf
7027852000104|Myggspiral 10stk Myggolf
7041614007378|Myk&Rund Fullkorn 12stk 450g Bakehuset
7041614007361|Myk&Rund Havre 12stk 450g Bakehuset
7041614007385|Myk&Rund Hvete 12stk 450g Bakehuset
7041614022128|Myk&Rund Julius 12stk 350g Bakehuset
7071319027357|Mylk Barista 1l Berit
7071319020136|Mylk Havre&Mandel 1l Berit
7023060234997|Mysteriet Mysteriet i Mercy Close
5201309132088|Mythos Ice 0,33l flaske
31498|Måneskinnsbolle pr stykk
5701098020035|Møbelpolish 210ml Sterling
5701098020301|Møbelpolish 250ml Sterling
7046054452269|Møljebrød 500g Aulie
5701014077877|Møllehjul Fullkorn 420g Hatting
5701014072285|Møllehjul Sesamfrø 7stk 420g Hatting
7044416017453|Müsli Blåbær 630g Axa
7044416017545|Müsli Energi 650g Axa
7044416016258|Müsli Hasselnøtt 600g Axa
7044416016869|Müsli Ristet Havre&Tranebær 700g Axa
7311312007629|Naan Brød Garlic 260g St.Maria
7311312007612|Naan Brød Original 260g St.Maria
7071992001118|Naan Håndlagde 260g Masalamagic
7071992001552|Naan Håndlagde m/Hvitløk 260g Nirus
7090044041575|Nada 0,33l boks Klokk&Co
7333352081674|Nail Polish Nail+ 3-In-1 01 Clear Isadora
7317851126722|Nail Polish Remove 0 Acetone Fre Isadora
8435821600726|Nami Signaturutvalg 386g Sushi Take
7035620014949|Nan Brød 2x130g Eldorado
7090053790679|Nanbrød Hvitløk&Koriander 200g Saritas
7090053790648|Nanbrød Original 200g Saritas
7041611059103|Napoleonskake 2pk 350g Bakehuset
8435821600825|Nara Nigiri og Rull 344g Sushi Take
7331340400537|Narr Lakki Salty 100g
7090015990024|Narr Lakritsstubbe Chocolate 100g
7392855115835|Narresmokk Air 0-6m Silk 2stk Mam
7392855151376|Narresmokk Air 16m+ Latex 2stk Mam
7392855151345|Narresmokk Air 6-16m Silk 2stk Mam
7392855152465|Narresmokk Air Night 16-36m 2stk Blister
7392855151369|Narresmokk Air Night 6-16m Silk 2stk Mam
7392855151338|Narresmokk Orig 16-36m Silk 2stk Blister Mam
7392855151291|Narresmokk Orig 6-16m Silk 2stk Blister Mam
7392855151222|Narresmokk Perfect 16-36m 2stk Mam
8720689017473|Narresmokk Ultra Air Night 18mnd+ 2stk
9788234725326|Narrespill .
7035620055256|Nattbind m/Vinger Ultra 12stk First Price
5029053583662|Nattbleie Gutt 13+ 9stk Drynites
5029053560137|Nattbleie Gutt 3-4 16stk Huggies
5029053583679|Nattbleie Jente 13+ 9stk Huggies
5029053560144|Nattbleie Jente 3-4 16stk Huggies
7332531094771|Natural & Easy 542 Opal Askblond
7332531095990|Natural & Easy 550 Mørkblond
7332531095174|Natural & Easy 560 Kashmirbrun
7332531095013|Natural & Easy 564 Lysbrun
7332531094856|Natural & Easy 570 Mellombrun
7332531094931|Natural & Easy 580 Mørkbrun
7332531095518|Natural & Easy 584 Sjokoladebrun
7332531096157|Natural & Easy 590 Ebenholt Svart
5701977550912|Naturli' Iskrem Salt Karamell&Mandler 480ml
7041111139053|Naturmix Nøtter u/Salt 160g Dln
3574661516417|Natusan Babyoil 300ml
3574661516424|Natusan Babyoil Aloe Vera 300ml
3574661504810|Natusan Sinksalve Nappy Cream 110g
3574661895574|Natusan Vask Top To Toe 300ml
7090040912114|Nduja Pizza 375g Ask
7046110047859|Neglelakkfjerner 125ml Dr.Greve
5714156234626|Neglelakkfjerner Dypp og Snu u/Aceton 70ml
9120085630204|Neoh Crisp N Cream 22g
9120085630235|Neoh Crisp N Cream 3x22g
9120085630723|Neoh Crunch Bites 29g
9120085631201|Neoh Drageelinos 40g
9120085630815|Neoh Hazelnut Crunch 21g
5011476103053|Nesquik Frokostblanding 375g Nestle
8720181766213|Neutral Balsam u/ Parfyme 250ml
8712561090872|Neutral Bodylotion u/Parfyme 250ml
8720181548000|Neutral Colour Pulver Parfymefri 1,04kg
8712561306225|Neutral Cream Intensiv Repair 100ml
5740500007172|Neutral Facecream 50ml
8710908689222|Neutral Facewash 150ml
8710522447130|Neutral Flytende Colour 700ml
8720181531545|Neutral Håndsåpe Flytende u/Parfyme 250ml
8720181532467|Neutral Håndsåpe Refill Flytende u/Parfyme 500ml
8720181537868|Neutral Kids Bath, Wash Gel & Shampoo 250ml
8710522804285|Neutral Oppvask u/Parfyme 500ml
59096894|Neutral Roll-On Antiperspirant 50ml
8720181754647|Neutral Shampoo u/ Parfyme 400ml
8720181537844|Neutral Showergel u/Paryme 250ml
8720181206344|Neutral Tøymykner Parfymefri 1l
8710522447161|Neutral Ull&Silke Parfymefri 750ml
8720181548017|Neutral White Pulver Parfymefri 1,04kg
7037710024333|New Energy 45g Nidar
7311250019876|Nick&Johnny No1 Crushed Ice Ex Strong
7311250019869|Nick&Johnny No2 Crushed Ice White Ex Strong
7311250019883|Nick&Johnny No3 Red Hot Ex Strong
7311250019913|Nick&Johnny No4 Americana Ex Strong
7311250083563|Nick&Johnny No5 Green Ice Slim White
7350104404130|Nick's Iskrem Brownie Cookie Dough 473ml
7350104401726|Nick's Iskrem Peanut Butter Choco 473ml
7350104400514|Nick's Iskrem Sea Salt Caramel 473ml
7350104400569|Nick's Iskrem Strawberry White Choc. 473ml
7350104400545|Nick's Iskrem Triple Chocolate Brownie 473ml
7046260173804|Nicorette Freshmint 2mg 105stk
7046260327153|Nicorette Fruitmint 2mg 105stk
7046260502642|Nicorette Icemint 2mg 105stk
3574661034638|Nicorette Mint Munnspray 150dos.
3574661777528|Nicorette Sugetablett Mint 2mg 80stk
5054563012449|Nicotinell Icemint Tyggegummi 2mg 96stk
5054563012432|Nicotinell Icemint Tyggegummi 4mg 96stk
7046260082878|Nicotinell Mint Sugetablett 1mg 96stk
7046265995791|Nicotinell Tropisk Frukt 2mg 96stk
7037710023008|Nidar Favoritter Smash! 200g
7037710023022|Nidar Favoritter Stratos 200g
7037711023014|Nidar Favoritter Troika 200g
8435821600566|Nigiri Duo 186g Sushi Take
8711406063484|Nillis La Trappe Alkoholfri 0,33l flaske
4005808221929|Nivea After Shave Balm Sensitive 100ml
4006000229188|Nivea After Sun Face&Body Serum Lotion 100ml
4005808479719|Nivea After Sun Lotion 200ml
4005900623577|Nivea Ansiktsmaske Q10 Plus Sheet 1stk
4006000193816|Nivea Body Lotion Repair&Care 400ml
4006000089423|Nivea Body Lotion Rich Nourishing Milk 250ml
4006000089584|Nivea Body Lotion Smooth Caring 250ml
4005900100115|Nivea Cleansing Double Effect Eye Make-Up Remover
4005900283252|Nivea Cleansing Wipes Sensitive 25stk
4005900967459|Nivea Cream Body&Face 200ml
7319470801035|Nivea Creme 75ml
4006000195964|Nivea Dagkrem Cellular Spf30 50ml
4006000089812|Nivea Dagkrem Q10 Anti-Wrinkle 50ml
4005900737984|Nivea Dagkrem Spf15 Caring Dry&Sensitive Skin
4006000104898|Nivea Deospray Dry Fresh 150ml
4005900100054|Nivea Gentel Eye Makeup Remover 125ml
4006000172903|Nivea Men Hydrocare Shaving Gel 200ml
4005900333933|Nivea Micellar Water Sensitive 400ml
4005900134271|Nivea Nattkrem Cellular Antirynke 50ml
4006000089843|Nivea Nattkrem Q10 Anti-Wrinkle 50ml
4005900777263|Nivea Nattkrem Q10 Energy 50ml
4005808185580|Nivea Refining Clear-Up Strips 6stk
42449041|Nivea Roll-On Dry Comfort 50ml
42449034|Nivea Roll-On Men Dry Impact 50ml
4005900786975|Nivea Serum Anti Dark-Spot 30ml
4006000069043|Nivea Serum Q10 Anti-Wrinkle 30ml
4005900934772|Nivea Shower Creme Care&Relax 650ml
7319470058385|Nivea Shower Gel Fresh Mix 250ml
4006000132303|Nivea Sun Kids Spf50+ Sensitive Trigger 250ml
4005900370716|Nivea Sun Lotion Protect&Moisture Spf30 200ml
4005900602114|Nivea Sun Lotion Protect&Sensit Sooth. Spf30 200ml
4005900370655|Nivea Sun Protect&Moisture Spf15 200ml
42467045|Nivea Sun Roll-On Kids Sensitive Spf50+
4005900462060|Nivea Sun Spf20 Protect&Bronze Oil Spray 200ml
4006000217079|Nivea Sun Spf50+ Face Sensitive Cream 40ml
4005900702661|Nivea Sun Spray Protect&Dry Touch Spf30 200ml
4006000132242|Nivea Sun Spray Protect&Play Kids Spf50+ 200ml
4005808668427|Nivea Wash Gel Refreshing 150ml
7333352084927|No Comp Matte Powder 66 Isadora
7072712005317|No Worries Pale Ale 0,33lx6 boks Lervig
7072712013947|No Worries Pilsner 0,33l boks Lervig
7072712013954|No Worries Pilsner 0,33lx6 boks Lervig
7622202265082|Non Stop 150g Freia
7622202264634|Non Stop Melkesjokolade 150g Freia
8435495829515|Noora Tøymykner Peony Blossom 496ml
8435495819981|Noora Tøymykner Roayl Orchid 496ml
8435495820079|Noora Tøymykner Spring Dawn 496ml
2000284400006|Noras Grovbrød 750g
7090040940391|Nordic Pilsner 0,5l boks Oslo Brewing
7090040941398|Nordic Pilsner 0,5lx6 boks Oslo Brewing
7071848109678|Nordic Sourdough Crisp Jalapeno 130g United Bakeries
7071848108015|Nordic Sourdough Crisp Sea Salt 130g Sigdal
7044610047614|Nordlands Pils 0,5l boks
7044610048611|Nordlands Pils 0,5lx6 boks
7090068440156|Norges Dummeste Spinn Quiz
7310401055909|Norrlands Djup Fatøl 0,5l boks
7310402055908|Norrlands Djup Fatøl 0,5lx6 boks
7310401051031|Norrlands Guld 0,5l boks
7310402051764|Norrlands Guld 0,5lx6 boks
7310401055893|Norrlands Guld Lite 0,5l boks
7310402055892|Norrlands Guld Lite 0,5lx6 boks
7310401018874|Norrlands Ljus 0,33l flaske
7041611018124|Norsk Fjellbrød 750g Bakehuset
7041614008085|Norsk Fjellbrød Skåret 750g Bakehuset
2000912700003|Norsk Grovbrød 650g
7035620036132|Notatlapper Selvklebende 127x76mm 100ark Unik
7035620036392|Notatlapper Selvklebende 76x76mm 100ark Unik
8995899590249|Nudler 5x105g Bonchili
8850987149986|Nudler Biff m/Risolje 5x55g Mama
7090035688536|Nudler Biffsmak 300g Yum Yum
8445291886056|Nudler Biffsmak 62g Maggi
8850987123429|Nudler i Kopp Biff 70g Mama
7035620056178|Nudler i Kopp Biffsmak 65g First Price
7039010597326|Nudler i Kopp Kjøttsmak 65g Mr.Lee
8850987123412|Nudler i Kopp Kylling 70g Mama
5997523312008|Nudler i Kopp Kyllingsmak 63g Nissin
7035620058554|Nudler i Kopp Kyllingsmak 65g First Price
7039010597319|Nudler i Kopp Kyllingsmak 65g Mr.Lee
7613287295309|Nudler i Kopp Kyllingsmak 75g Maggi
5997523312114|Nudler i Kopp m/Biffsmak 64g Nissin
5997523313739|Nudler i Kopp Soba Protein Chili 93g Nissin
7613287295347|Nudler i Kopp Teriyaki 75g Maggi
7311041020630|Nudler Kjøttsmak 5x85g First Price
7090035688529|Nudler Kyllingsmak 300g Yum Yum
7311041084441|Nudler Kyllingsmak 5x85g First Price
7039010597357|Nudler m/Kjøttsmak 85g Mr.Lee
8992388133642|Nudler m/Kylling&Løk 5x65g Abc
8850987149962|Nudler m/Kyllingsmak 5x55g Mama
7039010597340|Nudler m/Kyllingsmak 85g Mr.Lee
7070099281201|Nummerlys Gull Nr 0 Kakelys 7,5cm Cacas
7070099281225|Nummerlys Gull Nr 2 Kakelys 7,5cm Cacas
7070099281249|Nummerlys Gull Nr 4 Kakelys 7,5cm Cacas
7070099281256|Nummerlys Gull Nr 5 Kakelys 7,5cm Cacas
7035620068959|Nutbar Eple 30g Eldorado
7035620069703|Nutbar Røde Bær 30g Eldorado
8000500359358|Nutella Biscuits 3pk 41g
8000500413654|Nutella Croissant 4pk 340g
8000500425183|Nutella Iskrem 470ml
80050100|Nutella&Go 52g
7070866031732|Nutrilett Bar Smooth Caramel 2x57g
7070866035280|Nutrilett Shake Rich Chocolate 10x35g
3600542130691|Nutrisse 1 Sort
3600542130349|Nutrisse 3 Mørkebrun
3600542130592|Nutrisse 4 Brun
3600542130745|Nutrisse 4.3 Gyldenbrun
3600542131148|Nutrisse 5 Lysebrun
3600542131193|Nutrisse 5.3 Lys Gylden Brun
3600542131292|Nutrisse 6 Mørkeblond
3600542131346|Nutrisse 7 Blond
3600542447126|Nutrisse Blond Bleach Ultra Light Garnier
7023063403789|Nybegynnerkryss .
7023060717445|Nye Hjemmet Kryss .
7033165013205|Nylonvask for Vinduer 100g
7072674001792|Nøgne Ø Blonde Ale 0,5l boks
7072674010657|Nøgne Ø Fatøl 0,5l boks
7072674010671|Nøgne Ø Fatøl 0,5lx6 boks
7072674001822|Nøgne Ø Global Pale Ale 0,5l boks
7072674008708|Nøgne Ø Low Five Tropical Ipa 0,33l flaske
7072674001372|Nøgne Ø Stripped Craft 0,33l flaske
7090034395213|Nøisom Birdie Num Num 0,44l boks
7090034395725|Nøisom Birra Autentica 0,44l boks
7090034395275|Nøisom Blanc 0,44l boks
7090034395183|Nøisom Bonfire Blonde 0,44l boks
7090034395367|Nøisom Pils Lys Lager 0,44l boks
7090034396951|Nøisom Sommerøl Lite 0,33l boks
7090034395152|Nøisom Sporty Ipa Lite 0,44l boks
7035620061134|Nøttepålegg 400g First Price
7035620048326|Nøtter Søt&Salt 160g Eldorado
7041111124882|Nøtti Frutti 350g Dln
7041111155688|Nøtti Frutti 50g Dln
7041111157347|Nøtti Frutti Chococrunch 160g Dln
7041111135802|Nøtti Frutti Yoghurt 170g Dln
7394376623769|Oat Drink Matcha 1l Oatly
3574660101812|Ob Fleur Mini 16stk
3574660245615|Ob Procomfort Normal 16stk
3574660245646|Ob Procomfort Super 16stk
3574660529920|Ob Procomfort Super Plus 16stk
8435821600658|Ocean's 12 320g Sushi Take
5709521038183|Odense Mini Perler 75g
22796970060|Ogx Balsam Coconut Milk 385ml
22796977526|Ogx Balsam Keratin Oil 385ml
22796976123|Ogx Balsam Morocco Argain Oil 385ml
22796970053|Ogx Shampoo Coconut Milk 385ml
22796977519|Ogx Shampoo Keratin Oil 385ml
22796976116|Ogx Shampoo Morocco Argain Oil 385ml
8445291322714|Oksefond 160g Maggi
7033330085808|Oksekjøtt i Saus m/Ertestuing 580g Fjordland
8410113004260|Olivenolje Arbequina 500ml Torres
57509914|Oliver Twist Original 7g
7340083461323|Oljelys 9,5cm 2pk
7046110320884|Omo Aktiv&Sport Tøyvask 750ml
7046110319116|Omo Cotton Miracle 100ml
7046110318614|Omo Expert Color Flytende 1,5l
7046110317549|Omo Expert Color Flytende 750ml
7046110321423|Omo Expert Color Pulver 1kg
7046110321744|Omo Expert Color Vaskekapsler 5i1 14stk
7046110313732|Omo Maskinrens 3stk
7046110320044|Omo Ultra Hvitt Flytende 1,5l
7046110317617|Omo Ultra Hvitt Flytende 750ml
7046110321331|Omo Ultra Hvitt Pulver 1kg
7046110321713|Omo Ultra Hvitt Vaskekapsler 5i1 14stk
7311250082146|Onico Pepparmint White Portion
7311250083259|Onico Pure White Slim Mint
7318144212467|Oppbevaringsboks Rektangulær 1,2l Unik
7318144216243|Oppbevaringsboks Rektangulær 1,6l Unik
7035620010507|Oppbevaringsboks Rund Ass.Farger 0,5l Unik
7035620053610|Oppvaskbørste 1stk First Price
7035620055799|Oppvaskbørste Hode Refill i Tre Vilje
7035620058042|Oppvaskbørste i Tre Vilje
7035620058578|Oppvasksåpe 500ml Vilje
8700216456869|Oral-B Børstehode Io Ultimate Clean 2stk
8006540893104|Oral-B Børstehoder Pro Cross Action 3stk
8006540892367|Oral-B Børstehoder Pro Sensitive Clean 5stk
8006540892480|Oral-B Børstehoder Pro Sensitive Clean&Care 3stk
8006540805954|Oral-B Børstehoder Refill Kids Spidermann&Frozen
8700216088169|Oral-B Tannkrem Pro-3dw Clinical Int White 75ml
7035620062483|Orange Cakes 270g First Price
5708869115570|Orchidee Phalaenopsis 2-Grenet
7312930006735|Oreo Cake 400g Almondy
7041011013118|Oreo Fløteis 100ml Hennig-Olsen Is
7041015105116|Oreo Fløteis 450ml Hennig-Olsen
7041013203111|Oreo Fløteis 6stk Hennig-Olsen Is
7622210137258|Oreo Kjeks Double 157g
7622210477439|Oreo Kjeks Golden 154g
7622300336738|Oreo Kjeks Original 154g
7622300489434|Oreo Kjeks Sjokoladetrukket 246g
7622201501143|Oreo Kjeks Vanilje&Bringebær Dobbel 157g
7622202031663|Oreo Smakfull 300g Freia
7041614010255|Oreokake 8bit 635g Bakehuset
7039010562119|Orientalsk Gryte 127g Toro
8435821600771|Osaka Bento 385g Sushi Take
7023026061308|Ost og Skinkesalat 255g Grønn&Frisk
7041614024993|Ost, Skinke & Pastas 320g Bakehuset
7041614008818|Ostebaguette 130g Bakehuset
7026599090096|Ostebrett Fransk m/Kjeks 399g
7035620019463|Ostehøvel 1stk Unik
7041614010538|Ostekake 8bit 890g Bakehuset
7035620067150|Ostekake Baskisk 750g Jacobs Utvalgte
7041611054894|Ostekake m/Pasjon 15 Biter 1,7kg Bakehuset
7041611059127|Ostekake m/Pasjonsfr.2pk 380g Bakehuset
7035620068072|Ostekake Porsjon m/Bringebær 200g Jacobs Utvalgte
7035620068270|Ostekake Porsjon m/Pasjonsfrukt og Mango 200g Jacobs
7039010058667|Ostepai 220g Stabburet
7037203636333|Ostepanetter 400g Gilde
2000247400005|Osterundstykke stykk
2000126000005|Ostestick stykk
5701098005131|Ovn&Grillrens Spray 300ml Sterling
7050122305562|Ovnsbakt Chips Sour Cream&Onion 100g
7058782330344|Oxalis Urter m/Spiselige Blomster Ravnsborg
5010338404505|Oyster Sauce 150ml Blue Dragon
8850643036414|Oyster Sauce 200ml Thai Delight
7311312005298|Oystersauce 200ml St.Maria
8853662040127|Pad Thai Sauce 250ml Exotic
7039010058995|Pai Bacon&Broccoli 220g Stabburet
7039010058988|Pai Ost&Skinke 220g Stabburet
7039010058964|Pai Ost&Skinke 650g Stabburet
7035620071140|Paideig 250g Eldorado
7071848105762|Pain Au Chocolat Mini 10stk 230g United Bakeries
2000566200003|Pain Au Chocolat Trippel Premium
7035620034527|Pakketape Brun 48mmx25m Unik
7090012626766|Pale Ale 0,44l boks Haandbryggeriet
5715345037141|Pall Mall Red 100s 20pk
5715345037134|Pall Mall Red 40pk
8718951424180|Palmolive Dusjsåpe Alluring Love 250ml
8718951128118|Palmolive Roll-On Orkide 50ml
8700216664899|Pampers Bleier New Baby Prem Pot S1 2-5kg 44stk
8700216664615|Pampers Bleier New Baby Prem Pot S2 4-8kg 56stk
8700216664332|Pampers Bleier Prem Prot Pants S4 9-15kg 31stk
8700216679091|Pampers Bleier Prem Prot Pants S5 11-17kg 29stk
8700216679183|Pampers Bleier Prem Prot Pants S6 13-19kg 27stk
8700216665100|Pampers Bleier Prem Prot S4 9-14kg 39stk
8700216664905|Pampers Bleier Prem Prot S5 11-16kg 34stk
8700216664684|Pampers Bleier Prem Prot S6 13-18kg 30stk
6412500078757|Panda Lakris 200g
6412500032704|Panda Lakriskuler Choco&Salmiac 120g
7350000158359|Pandy Proteinbar Caramel Seasalt 35g
7350000158366|Pandy Proteinbar Chocolate&Creamy Milk 35g
7350000153019|Pandy Proteinbar Salty Fudge Brownie 35g
5060194790939|Paneringsmel Panko 150g Saitaku
5010338014902|Panko Breadcrumb 120g Blue Dragon
613668024129|Pannekakemiks 454g Mississippi Belle
7090024961008|Pannekakemiks Amerikanske Økol 400g Superbra
7035620070358|Pannekaker 12pk 720g Eldorado
7071848108435|Pannekaker 280g United Bakeries
7035620071171|Pannekaker 6pk 360g Eldorado
7035620055829|Pannekaker Amerikanske 240g Eldorado
7090000698027|Pannekaker Grove Stekte 480g Åmli
7071848108442|Pannekaker m/Sjokolade 280g
7039010603065|Pannekaker Mix 203g Toro
7039010603058|Pannekaker pakke Familiepakning 541g Toro
7090000698010|Pannekaker Stekte 600g Åmli
7090000450724|Pantesekk 50l 5stk
6414301066865|Paper Holder Clear
7035620056727|Papirlommetørkle 10stk First Price
7311043012329|Papirlommetørkle 4lag 10pk Mevolution
7316190205570|Papirsugerør Multifarget 25stk
8001250152015|Pappardelle 500g De Cecco
7035620057588|Pappardelle Fersk 300g Jacobs Utvalgte
8000139910272|Pappardelle Nido 500g Garofalo
7035620021855|Pappbeger 17,5cl 30stk First Price
7035620046438|Pappbeger 35cl 15stk Unik
7035620042737|Pappbeger Caffe Latte 25cl 25stk Unik
7035620063794|Papptallerken 18cm 25stk First Price
7311041086124|Papptallerken 50stk First Price
7035620045189|Papptallerken Dekor 22cm 15stk Unik
7035620042669|Papptallerken Dekor 26cm 10stk Unik
7311041035566|Papptallerken Dyp 19,5cm 25stk First Price
42068099|Paramount Gold 20pk
4030600050538|Paramount Gold Maxi 30pk
42068037|Paramount Red 20pk
4030600050507|Paramount Red Maxi 30pk
2000272500008|Pariserbaguette stykk
5054563118240|Parodontax Complete Protect Whitening 75ml
5054563110855|Parodontax Tannkrem Ekstra Fresh 75ml
4001686004005|Party Mix 200g Haribo
7316190204962|Partyhatt Mini 8stk
7311041019726|Partymix Paprika 200g First Price
7316191807704|Partyparaplyer Ass.Farger 10stk
4770179989128|Pasjonsfrukt m/Sjokolade 90g Picks
2000765400006|Pasta Arrabbiata Kald pr Kg
2000508400003|Pasta Arrabbiata Varm pr Kg
7055330035300|Pasta Bolognese 350g Matbørsen
7055330034150|Pasta Bolognese 435g
7310500119519|Pasta Bolognese 600g Findus
2000690300006|Pasta Bolognese Varm pr Kg
3444570200762|Pasta Bolognese Øko 6mnd 185g
8004690051207|Pasta Bucatini 500g La Molisana
7039010552264|Pasta Carbonara 295g Toro
7310500119571|Pasta Carbonara 600g Findus
7035620030239|Pasta Casarecce 500g Jacobs Utvalgte
8004690052815|Pasta Casarecce 500g La Molisana
8001250120878|Pasta Cavatappi 500g De Cecco
7035620007323|Pasta Conchiglie 500g Jacobs Utvalgte
7039010552219|Pasta Di Parma 147g Toro
7039010552257|Pasta Di Parma 294g Familiepakke Toro
7037610059930|Pasta Di Parma 61g Rett i Koppen
7311041019757|Pasta Formaggio 148g First Price
7035620016967|Pasta Fusilli 1kg First Price
7035620019050|Pasta Fusilli Fullkorn 500g Eldorado
7311041052570|Pasta Fusilloni 500g Jacobs Utvalgte
8076809585217|Pasta Fusilloni Al Bronzo 500g Barilla
7035620017940|Pasta Linguine 500g Eldorado
7311041052594|Pasta Linguine 500g Jacobs Utvalgte
7311041052563|Pasta Lumaconi 500g Jacobs Utvalgte
7033330088304|Pasta m/Kjøttsaus 350g Fjordland
7055330034914|Pasta m/Kylling 350g Matbørsen
7033330085822|Pasta m/Ost&Skinkesaus 350g Fjordland
5902020572022|Pasta Nitka 250g Czaniecki
7035620018930|Pasta Penne 500g Eldorado
7035620058257|Pasta Pennette Økologisk 500g Vilje
8076809579100|Pasta Risoni 500g Barilla
7035620060328|Pasta Tubetti Økologisk 500g Vilje
7029121011576|Pastakrydder Økologisk 65g Helios
7023026068291|Pastasalat m/Sesamvinaigrette 300g G&F
7035620058738|Pastasalat Tomat/Pinjekjerner 250g
7055330013117|Pastasaus Kremet m/Bacon 1,5dl Meny
4026700434859|Patafix 80 B Uhu
4066600219514|Paulaner Lemon Radler 0,5l boks
4066600941910|Paulaner Weissbier Alkoholfri 0,5l flaske
2000297700001|Pavé m/Nøtter 570g
2000256600007|Pavé m/Nøtter Halvstekt 600g
7023060033583|Paw Patrol Ekstra
7035620035678|Peanøtter 275g Eldorado
7039281551225|Peanøtter Ristet u/Salt 150g Grønn&Frisk
7041111136076|Peanøtter Salt 175g St.Michael
7041111158450|Pecannøtter uten Salt 50g Dln
4008429314414|Pedigree Classics Kalkun/Kylling 300g
4008429714320|Pedigree Classics Okse/Lever 300g
4008429171673|Pedigree Cubes Chicken 70g
5998749145838|Pedigree Dentastix Medium 5pk
5010394006804|Pedigree Dentastix Medium 720g
5998749145722|Pedigree Dentastix Small 7pk
5010394996471|Pedigree Markies Hundekjeks 500g
8410136001574|Pedigree Pouch Kylling&Biff&Grønnsaker
5010394996419|Pedigree Rodeo 70g
5010394003476|Pedigree Schmackos 36g
5998749127087|Pedigree Tasty Minis Cheesy Bites 140g
7035620002663|Peiskubbe 1kg Unik
7033250022044|Peiskubbe 4kg
3086126788388|Peislighter Mega Bic
7040512880113|Pekannøtter 45g Grønn&Frisk
78895124095|Peking Duck Sauce 383g Lee Kum Kee
8888003150814|Peking Duck Wrapper 140g 10pk Happy Belly
7090042230025|Pelmeni Klassiske 1kg Baltika
7090042235105|Pelmeni Luxus 1kg Baltika
7090042230018|Pelmeni m/Kylling 1kg Baltika
7090042235099|Pelmeni Sibir 1lg Baltika
7316190209783|Pelshandske Katt/Hund
7316190207284|Pelstrimmer Hund/Katt
7044416013257|Penne Fullkorn 525g Sopps
8076802085738|Penne Rigate 500g Barilla
3574661380124|Pepcidduo Mint 12stk
6412500070003|Pepe Lakrisstang Big 32g Panda
7039317008877|Pepita Kjeks 190g Sætre
7035620013553|Pepper Sort hel Refill 70g Eldorado
7036110007779|Pepperbaconpostei 185g Mills
5908310282992|Pepperkaker Jordbærfyll 160g Tago
5908310282794|Pepperkaker m/Fruktfyll 160g
7035620004711|Pepperkoker i Stål Unik
7039410004653|Pepperkoker til Fårikålen
7039010545822|Peppersaus 300ml Toro
7039010547901|Peppersaus 4pk Toro
7037610013345|Peppersaus Toro
7034280010285|Peppes Pizza Biff&Pepperoni m/Cheddarsaus 555g
7034280009579|Peppes Pizza Farmers Meat 550g
7034280009920|Peppes Pizza Nduja 500g
7034280110480|Peppes Pizza Philly Cheese Steak 565g
7034280010261|Peppes Pizza Pinsa Spicy Salami 430g
7034280009562|Peppes Pizza Triple Meat 570g
7034280110510|Peppes Snackpizza Hot Kebab 140g
7034280004864|Peppes Snackpizza Pepperoni 140g
5900951307744|Perfect Fit Katt Adult Kylling 750g
7072712010991|Perler for Svin Ipa 0,33l boks Lervig
7072712011004|Perler for Svin Ipa 0,33lx6 boks Lervig
7072712014814|Perler for Svin Mango Passion 0,33l boks
7072712014821|Perler for Svin Mango Passion 0,33l boks 6pk
8008440214065|Peroni Nastra Azzurro 0,0% 0,33l flaske
8008440514028|Peroni Nastro Azzurro 0,0% 0,33lx6 flaske
8008440212160|Peroni Nastro Azzurro 0,33l flaske
8008440512383|Peroni Nastro Azzurro 0,33lx6 flaske
7090018950841|Petterøe's Hvit 3
7090018952784|Petterøe's Lys Blå 20pk
7090018950834|Petterøe's Lys Blå 3
7090018952821|Petterøe's Orginal 20pk
7090018950827|Petterøe's Original 3
8854404005664|Phad Thai Kit 300g Blue Elephant
7622201733681|Philadelphia Naturell Plantebasert 145g
8710103980414|Philips Avent Ammeinnlegg 24stk
7035620063473|Piadina 4stk 220g Eldorado
8016765004483|Piadina Classica 600g Piada D'Oro
5060336505025|Pickle Original 360g Branston
5905704103574|Pierogi m/Kjøtt 500g Anita
5905704103598|Pierogi m/Surkål og Sopp 500g Anita
5905704103604|Pierogi Russiske 500g Anita
8594404115115|Pilsner Urquell 0,5l boks
8594404000268|Pilsner Urquell 0,5lx4 boks
7340213302274|Pimple Guard 24stk Salvequick
7040512880182|Pinjekjerner Naturell 35g Grønn&Frisk
7035620041716|Pinnekjøttpinner 20stk Unik
7035620060243|Pinsa 230g Eldorado
7035620056383|Pinsa 2x230g Eldorado
7035620067365|Pinsa Cacio E Pepe 390g Eldorado
7035620065644|Pinsa Carbonara 400g Eldorado
7035620067372|Pinsa Diavola 410g Eldorado
7035620067976|Pinsa Margherita 370g Eldorado
7041111158467|Pistasjkjerner u/Salt 60g Dln
7042961003129|Pitabrød 420g Bread Of The World
5701014063658|Pitabrød Fine 6stk Hatting
7035620066658|Pitabrød Fullkorn 400g Eldorado
5701014063009|Pitabrød Grove 400g Hatting
7035620019548|Pitabrød Halvstekte 400g Eldorado
7035620065385|Pitabrød Hvete 480g Eldorado
5060198644849|Pizza Imperia Sourdough 419g Crosta Mollica
4001724031079|Pizza La Mia Salame Piccante 380g Dr. Oetker
8052080434796|Pizza Margherita 2x350g Aumma
7035620050794|Pizza Margherita 360g First Price
7035620032332|Pizza Pepperoni 390g First Price
7035620027963|Pizza Skinke & Ost 400g First Price
2000274600003|Pizza Skinke 220g
5060198644856|Pizza Stromboli Sourdough 447g Crosta Mollica
7090033150011|Pizzabotn 4stk 400g Lega
7037610049832|Pizzabunn Familiepakke 370g Toro
7035620062834|Pizzabunn Fullkorn 4stk 280g Eldorado
7090068100067|Pizzabunn Fullkorn L'Integrale 250g Scrocchia
7034280010896|Pizzabunn Halvstekt 2pk 460g Peppes
7035620022883|Pizzabunn Hvete Stenovn 2x180g Eldorado
7039010569767|Pizzabunn Italiensk 400g Toro
7090068100234|Pizzabunn La Romana Scrocchia 80 2x200g
7035620063800|Pizzabunn Langpanne 550g Eldorado
7035620069437|Pizzabunn Langpanne Fullkorn 550g Eldorado
7020655050147|Pizzabunn Mix Tipo 0&Surdeig 400g Møllerns
7034280002440|Pizzabunn Original 550g Peppes
7035620016028|Pizzabunn Porsjon Steinovn 280g Eldorado
8056039883406|Pizzabunn Prime Rund 2pk Quelli Della
8056039881099|Pizzabunn Romana 2stk Quelli Della
8056039880832|Pizzabunn Romana 30x25cm 230g 2pk Quelli Della
7054940006007|Pizzadeig Italiensk Premium 460g Westend
2000618000001|Pizzadeig Italiensk Type Meny
7035620024078|Pizzakutter 1stk Unik
7035620062544|Pizzalomme Grove Ost&Tomatsaus 320g Eldorado
7035620066719|Pizzalomme Grove Taco 320g Eldorado
7044416015336|Pizzamel 1kg Regal
8004690278246|Pizzamel Durum Hvete 1kg La Molisana
7090006048086|Pizzamel Norsk Steinmalt Tipo 00 1kg Kvelde
8014601036100|Pizzamel Tipo 00 1kg Caputo
7044416016319|Pizzamel Tipo 00 1kg Regal
8007803000086|Pizzamel Tipo-0 1kg Dallari
2000271200008|Pizzarull stykk
7039010569804|Pizzasaus Hvit 28g Toro
7090051690766|Plante Pålegg A La Bresaola 100g Grønnlykke
7090051690742|Plante Pålegg m/Pepper 100g Grønn Lykke
7035620053092|Plantebasert Deig 250g Folkets
7310610014032|Plaster Aqua Block 16stk Salvequick
7310616071244|Plaster Aquaresist 22stk Salvequick
7310610012281|Plaster Big 5stk Salvequick
7340213302434|Plaster Dora 20stk Salvequick
3663555006520|Plaster Gnagsår Medium 5stk Compeed
3663555006544|Plaster Gnagsår Small 6stk Compeed
7310616342269|Plaster Sensitive Aloe Vera 20stk Salvequick
4008871204967|Plastfolie 2in1 15m Toppits
4008871210838|Plastfolie 32,5comx50m Toppits
7311041089170|Plastfolie Pe 100m First Price
7024110030507|Plumbo Bad&Dusj Rens 500ml
7024110030224|Plumbo Fettløser 500ml
7024110030613|Plumbo Heavy Gel 550g
7024110031641|Plumbo Håroppløser til Avløp&Sluk 1l
7024110030514|Plumbo Pulver 630g
7024110030439|Plumbo Rørvask 1l
7024110030262|Plumbo Stålglans 500ml
7024110030521|Plumbo Wc&Vask &Speil 500ml
8715035450301|Poke Sauce 250ml Kikkoman
7023060821104|Pokémon Klistre-Moro
7311800000033|Polar Levain Hvete 440g Polarbrød
7311800978707|Polarbröd Sommerlykke 400g
7311800361707|Polarbrød Fullkorn 12stk 450g
7311800389701|Polarbrød Havre 12stk 450g
7311800376701|Polarbrød Hvete 12stk 450g
7050122113167|Pombear Paprika 90g Maarud
7044710020593|Pommes Noisettes 600g Hoff
7023060417819|Pondus .
9788284422206|Pondus Sommerhefte 2026
7023061217814|Pondus Tidskrift
8715035690202|Ponzu Yuzu 150ml Kikkoman
4014400935455|Popcorn Caramel Classic 100g Werther's
7071688129058|Poppa Muslibar Karamell 25g
7071688005413|Poppa Muslibar Peanøtt&Sjokolade 25g
7071688005420|Poppa Muslibar Salt Karamell 25g
7035620062070|Poseklemmer 20stk Unik
7036110007809|Postei Ovnsbakt 185g Vita Hjertego
7071848108411|Potato Burger Buns 180g United Bakeries
7037204724732|Potetball/Komle Kokt 785g Gilde
5905704203717|Potetboller Pyzy m/Kjøtt 500g Anita
7035380002613|Potetflatbrød Tørt 210g Holmen Crisp
7055330021778|Potetgrateng Vegansk 300g Meny
7059930000010|Potetkaker 8 stykk 350g
7071012003269|Potetkaker 8stk 300g Buer
7071012003290|Potetkaker 8stk 375g Birgers
7055450000066|Potetkaker 8stk 420g Ola-Lompa
7090021960011|Potetlefse 440g Bakstfjøla
7090019510068|Potetsalat 400g Olivias
7035620018725|Potetskreller 1stk Unik
7333352085139|Powder Blush 01 Isadora
7333352085146|Powder Blush 03 Isadora
7333352085153|Powder Blush 05 Isadora
7333352085160|Powder Blush 07 Isadora
7333352085177|Powder Blush 09 Isadora
7333352085184|Powder Blush 11 Isadora
7041015303116|Premium Fløteis Sjokolade 0,8l Hennig-Olsen
7041111156272|Pretzel 100g Minde
2000251900003|pretzelkringle pr stykk
6430062460889|Primadog Pølse Biff 800g
8007945000999|Primo Pane m/Olivenolje 140g Pan Dei Massi
8007945001019|Primo Pane m/Rosmarin 140g Pan Dei Massi
57077567|Prince Cold Plus Double Filter 20pk
57100319|Prince Fine Green Plus 20pk
70114782|Prince Golden 100s 20pk
42770015|Prince Golden Double Filter 20pk
70114720|Prince Red 100s 20pk
70114706|Prince Red 20pk
5700520001635|Prince Red 28pk
5700520001611|Prince Red Soft 20pk
70114751|Prince White 100s 20pk
70114737|Prince White 20pk
5700520001642|Prince White 28pk
5700520001628|Prince White Soft 20pk
5053990127641|Pringles Cheese&Onion 165g
5053990182862|Pringles Cream Cheese&Herbs 165g
5053990182947|Pringles Flamegrilled Steak 165g
5053990127665|Pringles Hot&Spicy 165g
5053990127726|Pringles Original 165g
5053990161669|Pringles Paprika 165g
5053990127740|Pringles Sour Cream&Onion 165g
7072611006378|Prinsessememo .
7090042235112|Prjaniki Honning 400g Baltika
7090042235044|Prjaniki Vanilje 400g Baltika
7350068295577|Propud Proteinbar Delicatoboll 55g
7350068295591|Propud Proteinbar Kanelbolle 55g
4005900370525|Protect&Moisture Spf20 200ml Nivea Sun
4005900605498|Protect&Sensitive Sun Spray Spf30 200ml Nivea Sun
7340001804751|Proteinbar Autumn 55g Barebells
7340001804942|Proteinbar Banana Dream 55g Barebells
7340001806045|Proteinbar Chocolate Ball 55g Barebells
7340001804447|Proteinbar Marshmallow 55g Barebells
7340001804546|Proteinbar Soft Caramel 55g Barebells
7033330089615|Proteinbowl Kylling&Pasta 400g Fjordland
4000446051372|Proteinbrød 250g Mestemacher
7034280110015|Proteingranola 250g Synnøve
7033330089431|Proteingrøt 350g Fjordland
7034280009975|Proteinpannekaker Original 400g Synnøve
7090000698058|Proteinpannekaker Stekte 240g Åmli
7041614023262|Proteinstykker 3stk Funkygine
7311041027547|Puffet Havre 340g First Price
7033330089592|Pulled Pork m/Potet&Maispure&Coleslaw
79344000540|Pumpernickel skivet 250g Schlunder
7315361106838|Punchrull 6pk 210g Delicato
8002205356632|Purina One Adult 800g
8445290750389|Purina One Bifensis Steril 1,5kg
8445290023070|Purina One Junior Bifensis 750g
8002205356656|Purina One Laks 800g
8445290023018|Purina One Senior 750g
7613287482884|Purina One Small Dog Senior 1,5kg Purina
8445291082687|Purina One Steril 340g
8445290011886|Purina One Steril 750g
7070099501651|Pynteflagg 10stk Cacas
7040884423925|Pyrisept Oppløsning 1mg 100ml
7394376616327|Påmackan Naturell 150g Oatly
7071848008131|Pølsebrød Brioche 270g United Bakeries
7071848023912|Pølsebrød Brioche Pretzel 6stk 400g United Bakeries
7041614010200|Pølsebrød Grove 8pk 410g Reale
7041614007231|Pølsebrød Hurra 8stk 320g Bakehuset
7041614010194|Pølsebrød Sesam 8stk 400g Reale
7035620053825|Pølsebrød Surdeig 520g 8stk Jacobs Utvalgte
7033330088779|Pølsegrateng Makaroni&Ostesaus 350g Fjordland
7048840005208|Q Mix Yoghurt Banan 135g
7048840005437|Q Mix Yoghurt Bringebær 135g
2000789600000|Quiche Lorraine m/Røkt Skinke 190g
2000797500002|Quiche m/Grønnsaker pr stykk
7317851126333|Quick Dip Nail Polish Remover Isadora
7311312000576|Ramen Noodles 200g St.Maria
8801073116467|Ramen Nudler Carbonara 130g Buldak
8801073116474|Ramen Nudler Cheese Flavor 140g Buldak
8801073211667|Ramen Nudler Cup Carbonara 80g Buldak
8801073211254|Ramen Nudler Cup Cheese 70g Buldak
7035620048333|Ramensuppe Shoyu 500ml Jacobs Utvalgte
7035620048173|Ramensuppe Spicy Miso 500ml Jacobs Utvalgte
7022270902610|Raspeballer 1kg Stangeland Mølle
7037610060035|Raspeballer Toro
7035620063374|Ravioli 4 Oster 250g Eldorado
8001020110016|Ravioli m/Ricotta&Spinat 250g Bertagni
7041111155756|Ravioli Nøtter Sweet Chili 60g Dln
7035620063596|Ravioli Ricotta&Sopp 250g Eldorado
7035620058998|Reginelle Spinaci Fersk 300g Jacobs Utvalgte
97035620023784|Regnbuetomater pr Kg
7023063204768|Reisekryss .
7023063304765|Reisekryss .
5714156236224|Reisestrømper One Size
7035620042003|Rekecabaret 300g Fiskemannen
8710605046007|Rekechips Gourmet 50g Go-Tan
8710734580014|Reklamelighter Meny
850835000030|Relax Te 20pos Pukka
711381023105|Relish Mais 454g Stonewall
3600522287339|Revitalift Dagkrem 50ml Loreal
3600522287346|Revitalift Natt 50ml Loreal
3600522287360|Revitalift Øyekrem 15ml Loreal
7023860037088|Rha Rose Cider 0,75l flaske Ciderhuset
7072206301819|Rhubarb Fizz 0,33l boks Bareksten
2000158900007|Ribbesandwich Asian Coleslaw pr stykk
2000149800002|Ribbesandwich m/Brokkolisalat
8076809585224|Rigatoni Al Bronzo 500g Barilla
7035620059544|Rigatoni Fersk 300g Jacobs Utvalgte
8001250121240|Rigatoni Napolitani 500g De Cecco
7044610875477|Ringnes Lettøl 0,5l boks
7044615877209|Ringnes Lettøl 0,5lx6 boks
7044610874951|Ringnes Pilsner 0,5l boks
7044611874950|Ringnes Pilsner 0,5lx6 boks
7044610874937|Ringnes Vørterøl 0,33l boks
7044611874936|Ringnes Vørterøl 0,33lx6 boks
7311041027530|Ris Puffet 260g First Price
7041111157590|Risbrød 240g Minde
8001250206749|Risi 250g De Cecco
7035620021985|Risottoris Arborio 500g Eldorado
4001724054658|Ristorante Piadina Diavola 2pk 280g Dr.Oetker
4001724054689|Ristorante Piadina Quattro Formaggi 2pk 280g Dr.Oetker
4001724039235|Ristorante Pizza Bolognese 375g Dr. Oetker
4001724039594|Ristorante Pizza Diavola 350g Dr. Oetker
4001724039082|Ristorante Pizza Hawaii 355g Dr. Oetker
4001724039112|Ristorante Pizza Mozzarella 355g Dr. Oetker
4001724039204|Ristorante Pizza Pepperoni-Salame 320g Dr. Oetker
4001724048886|Ristorante Pizza Picco. Prosciutto 288g Dr.Oetker
4001724039174|Ristorante Pizza Pollo 355g Dr. Oetker
4001724038962|Ristorante Pizza Prosciutto 340g Dr. Oetker
4001724039297|Ristorante Pizza Salame Mozz Pesto 360g Dr. Oetker
4001724039051|Ristorante Pizza Speciale 345g Dr. Oetker
4001724039020|Ristorante Pizza Spinaci 390g Dr. Oetker
4001724039655|Ristorante Pizza Vegan Margherita 340g Dr.Oetker
4000417670915|Ritter Sport Pistachio 100g
4000417106100|Ritter Sport Vegan Roasted Peanut 100g
7622202050176|Ritz Kjeks Original 150g
54012882|Rizla Blå Enkel 50bl
54012820|Rizla Enkel 50bl
7333352081704|Rock Base Nail Hardener&Ridge Filler 07 Isadora
7023060620172|Rolf Hansens Utvalgte Kryssord
7311041089118|Roll-On Deo 50ml First Price
7035620067457|Roll-On Lotusblomst 50ml Vilje
8718951128279|Roll-On Pure Artic 50ml Palmolive
8413178004084|Rolla Belta Strawberry 20g Vidal
7023062111661|Rom 1-2-3 .
7090040240897|Rosecider 750ml flaske Edel
7070232701603|Roser 10pk 45cm Ass. Farger
7316196002609|Rosetter Prisgruppe 88
2000814100000|Rosinbolle 100g stykk
2000814300004|Rosinboller 4pk
7072770008749|Rosmarin Abraxmaxx 650g Ravnsborg
8004690057100|Rotelle Pastahjul 500g La Molisana
4770697196855|Rug- og Hvetebrød m/Karve 700g Frostprom
7035620046292|Rugbrød skivet 500g Eldorado
7070622011046|Rugbrød skivet Økologisk 500g Helios
5701155228350|Rugkjeks 175g Bornholmske
7039317003780|Rugkjeks Fin 100g Sætres Beste
7041614023606|Rugkjernebrød 690g Jacobs Utvalgte
2000271100001|Rugkjernebrød Halvstekt Jacobs Utvalgte
2000223100004|Rugkjernebrød Jacobs Utvalgte
7044410144193|Rugmel 1kg Regal
7090014690314|Rugmel Sammalt Fin Økologisk 1kg Holli Mølle
7044410154314|Rugmel Sammalt Grov 1kg Regal
7300400101332|Rugsprø 200g Wasa
7300400126533|Rugsprø Havre 180g Wasa
7037421062044|Rullekake Jordbær 300g Berthas
7041611059530|Rullekake Ministang 4 Biter 340g Bakehuset
7041614021930|Rundstykke Fint 3stk 180g Bakehuset
2000994600000|Rundstykke Flerkorn
7041614021947|Rundstykke Kneipp 3stk 180g Bakehuset
2000220800006|Rundstykke m/frø Håndlagd 120g pr stykk
2000271400002|Rundstykke m/Valmue 100g pr stykk
2000280000002|Rundstykke m/Valmuefrø
2000224800002|Rundstykke Rustikk Håndlagd 120g Per stykk
7071848002764|Rundstykker Fine Valmuefrø 8stk United Bakeries
7071848100842|Rundstykker Flerkorn 6pk 420g United Bakeries
7035620023217|Rundstykker Fullkorn 10stk 600g Eldorado
7035620058776|Rundstykker Grove Fullkorn m/Frø Rustikk 6stk 420g
7035620055744|Rundstykker m/Surdeig Av Rug 420g
4001724055150|Rustica Cheeseburger 433g Dr.Oetker
4001724010784|Rustica Pizza 4-Cheeses 555g Dr.Oetker
4001724029526|Rustica Pizza Double Pepperoni 565g Dr.Oetker
4001724030638|Rustica Pizza Ham&Cheese 545g Dr.Oetker
4001724035046|Rustica Pizza Meat Supreme 565g Dr.Oetker
7023060629670|Rydd Opp Hjemme På 28 Dager
7038010030765|Ryfylkegomme 300g Tine
5010265000405|Ryvita Knekkebrød Rug 400g
5010265000382|Ryvita Knekkebrød Sesam 250g
7090042171670|Rødbetburger 180g Grønne Folk
5902256005530|Rødbeter Stekt 830g Waldiben
7090040947192|Rødt Hvitt&Blått 0,33l boks Oslo Brewing
7070439008468|Rødvingele 425g Lisa
7037610012638|Rødvinsaus Original 31g Toro
7035380000954|Rømmebrød 150g Holmen Crisp
7033330080605|Rømmegrøt 350g Fjordland
7033330087765|Rømmegrøt 800g Fjordland
7090000400088|Rømmegrøt Fryst 1l Heidal
7037610058537|Rømmegrøt Toro
7090019510358|Rømmesild 225g Olivias
7035620021381|Røreskje i Silikon 1stk Unik
7090006473710|Røros Rømmegrøt Økologisk 680g Rørosmeieriet
7035450045144|Røros Vaffelrøre 1l Galåvolden Gård
7044710300374|Røstipoteter 600g Hoff
7350039457553|S-Marke Supersure 80g Jamtgott
7039317005449|Safari Kjeks Original 200g
7090036240726|Sagene Kjørepils 0,33l flaske
7090036240603|Sagene Lys 0,33l flaske
7090036242720|Sagene Pils 0,5l boks
7090036242751|Sagene Pils 0,5lx6 boks
7090036244717|Sagene Radler Lite Grapefrukt 0,33l
7090036244656|Sagene Radler Lite Sitron&Lime 0,33l
2000447000005|Salatbar Plukk&Miks
7039281551256|Salattopping 100g Grønn & Frisk
76149443|Salem Menthol Classic 20pk
7039317003766|Salinas Kjeks 200g Sætres Beste
7311041085523|Salmiakk 750ml First Price
7090040912145|Salsicccia Pizza 375g Ask
7035620069451|Salt Kjeks 200g First Price
9000159161400|Saltstenger 230g Soletti
7311041080993|Saltstenger 250g First Price
5701090073510|Salty Sea 170g Haribo
7023060319229|Samler og Antikkbørsen
7044414114727|Sammalt Speltmel Grovt 1kg Regal
8410655007019|San Miguel 0,5l boks
8410655001932|San Miguel Fresca 0,33l flaske
8410655006364|San Miguel Pils 1l flaske
7300400126168|Sandwich Brunost 36g Wasa
7300400122689|Sandwich Cheese Gressløk 37g Wasa
7300400127394|Sandwich Cheese Herbs 30g Wasa
7300400127363|Sandwich Cheese Tomat&Basilikum 40g Wasa
7041614024535|Sandwich Egg&Bacon 180g Bakehuset
7035620055072|Sandwich Is 6stk First Price
7041018008407|Sandwich m/Toffesmak 15stk Hennig-Olsen Is
7300400483025|Sandwich Pesto 37g Wasa
7300400482752|Sandwich Pizza 37g Wasa
7300400482295|Sandwich Sour Cream&Onion 33g Wasa
7041011360007|Sandwich Toffee 110ml Hennig-Olsen
7041013161114|Sandwich Toffesmak 6stk Hennig-Olsen
7035620053849|Sandwichbaguett Fullkorn 16pk First Price
7311041083260|Sandwichbaguetter Fine 16x75g First Price
7090042235075|Sardiner i Tomatsaus m/Grønnsaker 240g Baltika
8714100056707|Sate Marinademix 38g Conimex
7026598206771|Satesticks Bambus 20cm 100stk
7037610231978|Saus til Stek 37g Toro
8002720003103|Savoiardi Kjeks 200g Forno Bonomi
7035620070945|Scampi Asc Tempura Chilimajo 130g
7042961016488|Scampi Crispy 200g Sea Line
8435821601112|Scampi Gyoza 146g Sushi Take
8435821600054|Scampi Maki 125g Sushi Take
7023060225537|Schives Kryssord .
7044610877877|Schous Hard Seltzer Fersken 0,33l boks
7044610877884|Schous Hard Seltzer Lime 0,33l boks
7044610875989|Schous Pilsner 0,33l boks
7044611875988|Schous Pilsner 0,33lx10 boks
7044610875996|Schous Pilsner 0,5l boks
7044611875995|Schous Pilsner 0,5lx6 boks
7044610877860|Schous Sommerøl 0,33l boks
7044611877869|Schous Sommerøl 0,33lx10 boks
7332531093644|Schwarzkopf Blonde L101
7332531093569|Schwarzkopf Blonde M1
7332531093965|Schwarzkopf Blonde S1 Spray 125ml
7042961014255|Scones 280g Bread Of The World
7035620060946|Scrocchi Sesam 80g Jacobs Utvalgte
7035620061516|Scrocchi Tomat&Urter 80g Jacobs Utvalgte
7317851137803|Sculpting Brow Pen 80 Dark Brown Isadora
7317851137827|Sculpting Brow Pen 82 Medium Bro Isadora
7317851137841|Sculpting Brown Pen 84 Light Bro Isadora
7023060814700|Se og Hør .
7023063007154|Se og Hør Extra
7023061705762|Se og Hør Kryss & Quiz
7023061805769|Se og Hør Kryss& Quiz
7333352081681|Second Nail Hardener&Shield 03 Pink Isadora
7035620008870|Seidel Pils 0,5l boks
7035620034244|Seidel Pils 0,5lx6 boks
7090051690131|Seitan Special 180g Grønn Lykke
7090042171700|Sellerirotburger 180g Grønne Folk
7622400646089|Selskaps Sjokolade 100g Freia
7033250131876|Selskapsduk Hvit 120x180cm 1stk Unik
7020655210022|Semulegryn 1kg Norgesmøllene
96107775|Sennep 150g Colman's
7039010081047|Sennep Grov 275g glass Idun
7090050730036|Sennep Sterk 275g Gyllensten
4006000027043|Sens. Facecream Spf15 75ml Nivea Men
4005808224845|Sensitive Face Wash 100ml Nivea Men
5054563039989|Sensodyne Tannkrem Gentle Whitening 75ml
8710464116446|Sensodyne Tannkrem Original 75ml
5054563094803|Sensodyne Tannkrem Pro-Emalj Whiten 75ml
5054563219572|Sensodyne Tannkrem Proemalj Kids 50ml
5054563032119|Sensodyne Tannkrem Rapid Relief 75ml
5054563097545|Sensodyne Tannkrem Repair&Protect Whitening 75ml
7316191812661|Serpentin Gull 2stk
7316191812432|Serpentin Taco 2stk
5702244482134|Serpentiner Metallic 2x18stk Unik
7035620033575|Serviett Blå 50stk Unik
7311041014011|Serviett Buffet Hvit 75stk First Price
7035620019128|Serviett Elfenben 50pk Unik
7035620039867|Serviett Grå 50stk Unik
7035620048739|Serviett Grønn 50stk Unik
7035620037238|Serviett Hvit 100stk Unik
7035620001017|Serviett Hvit 50pk Unik
7035620069604|Serviett Lunsj Annicken 20stk Unik
7035620071256|Serviett Lunsj Caroline 20stk Unik
7035620071508|Serviett Lunsj Happy Birthday 20stk Unik
7035620068966|Serviett Lunsj Livet Er Best På Hytta 20stk Unik
7035620068836|Serviett Lunsj Sitron 20stk Unik
7035620069833|Serviett Lunsj Skål 20stk Unik
7035620070044|Serviett Lunsj Velbekomme 20stk Unik
7035620070334|Serviett Middag Bon Appetit 20stk Unik
7035620070341|Serviett Middag Celebrate 20stk Unik
7035620032189|Serviett Middag Elfenben 50stk Unik
7035620010712|Serviett Middag Hvit 50pk Unik
7035620067525|Serviett Middag Interlace 20stk Unik
7035620062018|Serviett Middag Natur 50stk Unik
7035620065699|Serviett Middag Rosa 50stk Unik
7035620051692|Serviett Middag Sort 50stk Unik
7035620069895|Serviett Rektangulær Celine 15stk Unik
7035620071331|Serviett Rektangulær Merete 15stk Unik
7035620070860|Serviett Silje Rektangulær 15stk Unik
7035620070778|Serviett Velkommen Rektangulær 15stk Unik
7316190206232|Servietter Cool Dino 20stk
7316190210758|Servietter Unicorn 20stk
7041614024511|Sesamstykke m/Karbonade&Løk 240g Bakehuset
7041614021848|Sesamstykker Halvgrove 160g 2pk
7023060033712|Sesongkryss .
7041614000669|Seterbrød 500g Bakehuset
7070646000019|Shaker Rød 0,7l Pf
7311041084977|Shampoo 500ml First Price
7035620064876|Shaping Tights 20den Black M/L 1pk Under
7035620064517|Shaping Tights 20den L/XL Black Under
7035620065842|Shaping Tights 20den S/M Black Under
7035620066276|Shaping Tights 40den Black L/XL 1pk Under
7035620064524|Shaping Tights 40den Black M/L 1pk Under
7035620060694|Shaping Tights 40den Black S/M 1pk Under
7035620064319|Shaping Tights 80den Black L/XL Under
7035620066177|Shaping Tights 80den M/L Black Under
7035620065361|Shaping Tights 80den S/M Black Under
7317851138909|Sharpener Pencil Isadora
7073231002092|Shaving Kit Comfort Glide Beauty Rebels
7073231002108|Shaving Kit Smooth Flow Beauty Rebels
4008429134753|Sheba Filet Chicken,Shrimp&Oceanfish 60g
4008429134777|Sheba Filet Kylling&Tunfisk 60g
4770608265861|Sheba Fresh&Fine Fjærkre i Gele 300g
4770608266073|Sheba Fresh&Fine Miks i Saus 300g
4770608266028|Sheba Fresh&Fine Tunfisk&Laks&Hvit Fisk 300g
4008429142420|Sheba Nature's Laks m/Erter 85g
4008429098499|Sheba Sauce Lover Tunfisk 85g
3065890122468|Sheba Selection Fjærkre 85g
3065890122499|Sheba Selection Kalv&Kalkun 85g
4770608261351|Sheba Selection Poultry Cig 12x85g
8853301003650|Sheba Soup Tunfisk 160g
7073231001378|Sheet Mask Moisturising 3stk Nova Studio
39047001152|Shortbread Pure Butter 150g Walkers
7071848000425|Shortcake Caramel Mini 320g United Bakeries
7041810005703|Sibas Havrekjeks 290g Kavli
7340212607417|Siberia Rød Slim Mint 15g
7090035961585|Sider Eple/Br.Bær 0,75l flaske Gardsbrenneriet
7090035961608|Sider Eple/Jordb. 0,75l flaske Gardsbrenneriet
7090035961561|Sider Gardseple 0,75l flaske Gardsbrenneriet
7037189774104|Sikringer 10a 4stk Osram
7037189774166|Sikringer 16a 4stk Osram
7090014690307|Siktet Rugmel 1 Kg Holli Mølle
5011451103870|Simple Ansiktsrens Foaming 150ml
5011451103979|Simple Wipes Facial Cleansing 25stk
5011451602045|Simple Wipes Facial Cleansing 2x25stk
7035620063114|Sinksalve Parfymefri 100ml Vilje
7071848106219|Sitron&Marengs Terte 2x97g United Bakeries
7041614024702|Sitronfromasj 80g Bakehuset
7037421053622|Sitronkake m/Glasur 360g Berthas
7037421053875|Sitronkjeks 250g Berthas
2000264300005|Sitronterte med Marengs 97g Fryst
7035620063350|Sjampo&Badesåpe 2i1 Parfymefri 250ml Vilje
7035620042522|Sjoko Krønsj 200g Snop
7035620059032|Sjoko-Lakris m/Lakrispulver 120g Snop
7035620061752|Sjoko-Lakris m/Salt Karamell 120g Snop
7035620069116|Sjokobit m/Bringebær 100g Snop
7035620071706|Sjokobit m/Jordbær 100g Snop
7035620056864|Sjokoflak Frokostblanding 375g Eldorado
7041111155749|Sjokohassel 70g Dln
7041111138087|Sjokohassel Nøtter 210g Dln
7037421053868|Sjokokjeks 125g Berthas
7622300750114|Sjokoklem 180g Freia
7041111137448|Sjokolade Mørk 150g Minde
7035620055553|Sjokolade Mørk 70% Appelsin 100g Jacobs Utvalgte
7035620054570|Sjokolade Mørk 70% Havsalt 100g Jacobs Utvalgte
7035620057144|Sjokolade Mørk 70% Karamell/Mandel/Havsalt 100g Ja
8717677336616|Sjokolade Mørk Mandel Havsalt 180g Tony's
2000542100006|Sjokoladebolle stykk
2000814400001|Sjokoladeboller 4pk
7035620041532|Sjokoladefondant 180g Jacobs Utvalgte
7037210119454|Sjokoladeiskake 1l Diplom-Is
7041611054788|Sjokoladekake 15 Biter 1,64kg Bakehuset
7041611059134|Sjokoladekake 2pk 320g Bakehuset
7037421062365|Sjokoladekake 360g Berthas
7041614024696|Sjokoladekake 80g Porsjonskake Bakehuset
7041614010521|Sjokoladekake 8bit 1,22kg Bakehuset
7035620067518|Sjokoladekake Langpanne 1,025kg Eldorado
7037421062204|Sjokoladekake Tutti Frutti 6pk 150g Berthas
7090041980709|Sjokoladekake Vegansk 220g Baker Brun
7041614024719|Sjokolademousse 80g Bakehuset
7622300418151|Sjokolademousse Sjokobiter 100g Freia
7041614024122|Sjokolademoussekake Glasert 12 Biter 1,1kg
2000802500003|Sjokolademuffins 100g
7037710050226|Sjokoladepose 140g Stratos
4009700021571|Sjokoladepudding 115g Danette
2000820700003|Sjokoladesnurr 160g
2000584900008|Sjokoladeterte 80g
7622201721787|Sjokonøtt 350g Freia
7037610015448|Sjysaus Original Toro
5012427334601|Sjømat Saus 180g Baxters
7035620062087|Skagensalat 180g Eldorado
7035620036972|Skalldyr Kabaret 870g Fiskemannen
3600522412595|Skin Care Eye&Lip Make-Up Remover 125ml Loreal
7035620042041|Skjeer 4pk Lillego
7051290000020|Skjenning 300g Røra Bakeri
7031071110360|Skjåkgryn Av Bygg 1kg Skjåkmjøl
7090036470017|Skjærgård Øl 0,33l flaske Færder
7044610875330|Skjærgårdspils 0,5l boks Ringnes
7044611875339|Skjærgårdspils 0,5lx6 boks Ringnes
7044611877326|Skjærgårdspils Lite 0,33l boks Ringnes
7044612877325|Skjærgårdspils Lite 0,33lx10 boks Ringnes
7311041071717|Skjøteledning m/Jord 5m 1stk Unik
7037610055918|Skogsoppsuppe 29g Rett i Koppen
8690757006794|Skokrem Brun 50ml boks Silver
8690757001072|Skokrem Nøytral Instant Shine Nr316
8690757006787|Skokrem Sort 50ml boks Silver
8690757001058|Skokrem Sort Instant Shine Nr 315
2000581100005|Skolebolle Vår Egen pr stykk
9788284422220|Skolefri Sommerhefte 2026
8690757001980|Skosvamp Express Neutral 6ml Silver
8690757001959|Skosvamp Express Sort 6ml Silver
7035620007514|Skriveblokk A5 Linjert 100ark Unik
7340229802515|Skruf Intense No105 Spearmint S5
7330196001080|Skruf No10 Fresh Superslim S2
7330196000960|Skruf No2 Fresh S2
7330196000762|Skruf No22 White S2
7330196000809|Skruf No23 White S3
7330196000847|Skruf No24 White S4
7330196000885|Skruf No25 Slim White S2
7330196000922|Skruf No26 Slim White S3
7330196000649|Skruf No27 Portion S2
7330196000687|Skruf No28 Portion S3
7330196000724|Skruf No29 Portion S4
7330196001042|Skruf No4 Fresh S4
7330196000342|Skruf No5 Fresh Ultra S5
7330196001127|Skruf No8 Nordic S2
7330196000403|Skruf Sw No52 Fresh S2
7330196002339|Skruf Sw No54 Fresh S4
7330196004715|Skruf Sw No55 Fresh S5
7330196004319|Skruf Sw No62 Bjørnbær S2
7330196005156|Skruf Sw No63 Solbær S3
7350139648677|Skruf Sw No64 Fresh Apple S4
7350139643733|Skruf Sw No65 Fresh Freeze S6
7035620014604|Skurekrem Sitron 500ml First Price
7311041014004|Skuresvamper 10stk First Price
7316191810995|Slangeblåse Striper 4stk
7090040910844|Slegge Pizza m/Chili Salami 375g Ask
7071848023929|Sliders Mini Brioche 12stk 480g United B.
7035620021794|Slikkepott i Silikon 1stk Unik
7090024050085|Slogen Alpe Ipa 4,7% 0,5l flaske
7090024050016|Slogen Pale Ale 4,7% 0,5l flaske
7090024050399|Slogen Pilsner 4,7% 0,5l flaske
7090024050405|Slogen Weizen 4,7% 0,5l flaske
5053827202732|Smacks 330g Kellogg's
40345123|Smarties Hexatube 38g
42420965|Smarties White Hexatube 34g
7037710051506|Smash! 150g Nidar
7037710020069|Smash! Bar Salt Karamell 40g
7037710050240|Smash! Mellomplate 62g Nidar
6006507009854|Smashed Avo Shaker 75g Cape Herb&Spice
7090059340007|Smellkyss Lakris 70g Fru Nelik
7040110648504|Smil Rull 78g Freia
5714156234312|Sminkesvamper 15stk Rosa
5410316997980|Smirnoff Ice 250ml boks
5410316999021|Smirnoff Ice 250mlx4 boks
5410316970686|Smirnoff Ice Green Apple 275ml flaske
5410316983693|Smirnoff Ice Original 275ml flaske
5410316983563|Smirnoff Ice Original 275mlx4 flaske
5410316965583|Smirnoff Ice Raspberry 275ml flaske
6006507007805|Smokehouse Bbq Rub 100g Cape Herb&Spice
2000265800009|Smultring 5pk
2000206900003|Smultring stykk
2000290000009|Smultring Sukker og Kanel 5pk
7037421027074|Smultringer 12stk 440g Berthas
2000900900002|Smågodt pr Kg
7035620059537|Småis Miks 15stk Ass First Price
2000213800006|Smør Croissant Premium
7090051690841|Smørepålegg Fiskesmak 125g Grønn Lykke
7090051690872|Smørepålegg m/Solsikkefrø 125g Grønn Lykke
3535800300328|Smørkjeks Fransk 130g Gavottes
2000256000005|Smørloff Jacobs Utvalgte 670g
2000267000001|Smørloff Jacobs Utvalgte Halvstekt
8711327416239|Snack Pot Pasta Bolognese 60g Knorr
8711327416215|Snack Pot Pasta Carbonara 63g Knorr
8711327416192|Snack Pot Potato Bacon&Løk 51g Knorr
7039317007009|Snackers Kjeks Salt 120g Sætre
7041011350008|Snackis 150ml Hennig-Olsen
7041011311115|Snackis Sjokokaramell 151ml Hennig-Olsen
2000126300006|Snacksbrød Cheddar&Jalapeno
7035620042492|Snapsglass 6cl 2stk Unik
3760054854093|Snegler 24stk
7037610042819|Snittebønnestuing Toro
5711474006652|Snublejuice Session Ipa 0,33l boks To Øl
5060194790120|Soba Nudler 300g Saitaku
2000229600003|Sofies Grovbrød 700g
7041614005688|Sofies Grovbrød 700g Butikkstekt
2000254800003|Sofies Grovbrød Halvstekt ca 700g
7041011324115|Soft Shake Cookie Dough 210ml Sommervibber
8718951565715|Softlan Tøymykner Apple&Pear 1l
8718951565746|Softlan Tøymykner Outdoor Fresh 1l
8718951731493|Softlan Tøymykner Pink Dreams 1l
7035620057205|Sokker Bambus Sort 36/40 3pk Under
7035620057014|Sokker Bambus Sort 41/46 3pk Under
7072939087486|Solbriller Vision Gruppe B Tsl
7072939087509|Solbriller Vision Gruppe C Tsl
7072939087523|Solbriller Vision Gruppe D Tsl
7070866041489|Solidox Munnskyll Frisk Pust 500ml
7070866041458|Solidox Munnskyll Hvite Tenner 500ml
7046110031612|Solidox Tannkrem Barn 50ml
7310610023782|Solidox Tannkrem Frisk Pust 75ml
7046110075456|Solidox Tannkrem Junior 50ml
7070866043094|Solidox Tannkrem Kariesbeskyttelse 75ml
7310610023874|Solidox Tannkrem Totalbeskyttelse 75ml
7310610023805|Solidox Tp Hvite Tenner 75ml
7044416006396|Solsikkebrød 1kg Regal
2000222900001|Solsikkebrød Fransk 660g
2000254900000|Solsikkebrød Fransk Halvstekt 700g
7311041083666|Solsikkefrø 1kg First Price
4251032612747|Solsikkefrø Dakota Ekstra Salt 250g Meray
4251032612709|Solsikkefrø Dakota Saltet 250g Meray
4251032612723|Solsikkefrø Dakota u/Salt 250g Meray
7023060237370|Solskinnskryss .
7050122120493|Sombreros Cheddar 110g Maarud
6415600599320|Somersby Appletini Eple&Sitrus 0,5l boks
7310070786937|Somersby Cider Apple 0,5l boks
7044610873060|Somersby Cider Apple 0,5lx6 boks
7310070786944|Somersby Cider Apple Lite 0,5l boks
7044610873077|Somersby Cider Apple Lite 0,5lx6 boks
7310070786982|Somersby Cider Pear 0,5l boks
7044610873107|Somersby Cider Pear 0,5lx6 boks
7044610876719|Somersby Cider Raspberry Lime 0,5l boks
7044611876718|Somersby Cider Raspberry Lime 0,5lx6 boks
6415600567442|Somersby Mango/Mojito 0,5l boks
9788234110054|Sommerfugler Fargeleggingsbok
7073122000428|Sommerpose .
7035620066054|Soppbyggotto 325g Vilje
7035620042089|Soppsuppe Kremet 570ml Eldorado
5714156236019|Sovemaske Grønn
8854404000720|Soya Sauce Light 200ml Blue Elephant
8715035110106|Soyasaus 150ml Bordfl Kikkoman
7035620062162|Soyasaus 150ml Eldorado
8934804026831|Soyasaus 300ml Maggi
8715035110502|Soyasaus 500ml Kikkoman
8715035130104|Soyasaus Mindre Salt 150ml Kikkoman
8715035670501|Soyasaus Mindre Salt 480ml Kikkoman
8715035520202|Soyasaus Ponzu Citrus 150ml Kikkoman
8076800105056|Spaghetti 1kg Barilla
7311041013519|Spaghetti 1kg First Price
8006013100265|Spaghetti 300g Bertagni
8001250120120|Spaghetti 500g De Cecco
8004690051573|Spaghetti 500g La Molisana
7044416013110|Spaghetti 500g Sopps
7044416015626|Spaghetti 800g Sopps
7045416110014|Spaghetti A La Capri 850g
8445291061699|Spaghetti Bolognese 1-3år 220g Nestle
8445291061415|Spaghetti Bolognese 6 Mnd 190g Nestle
7310100974518|Spaghetti Bolognese 6mnd 120g
8445291061576|Spaghetti Bolognese 8mnd 190g Nestle
7312170095650|Spaghetti Bolognese 8mnd 190g Semper
7035620060663|Spaghetti Fersk 250g Eldorado
8076809531382|Spaghetti Fullkorn 1kg Barilla
7035620053566|Spaghetti Fullkorn 500g Eldorado
7039610001995|Spaghetti m/Kjøttboller 500g Gilde
7029121012368|Spaghetti Spelt 500g Økologisk Helios
7044416012168|Spaghettini 450g Sopps
2000271600006|Spandauer m/Krem
7388390416902|Sparkle World .
5059319025766|Special K Classic 335g Kellogg's
7071848103089|Speltbrød 100% 660g Jacobs Utvalgte
2000924100006|Speltbrød 660g Jacobs Utvalgte
7041614007842|Speltbrød Grovt 620g Våre Groveste
2000954800006|Speltbrød Halvstekt 700g Jacobs Utvalgte
7029121011392|Speltflak Økologisk 600g Helios
7039317003759|Speltkjeks Tynne 100g Sætres Beste
7071848109630|Speltknekkebrød 190g Sigdal
7071012003153|Speltlomper 8stk 270g Buer
7020560992129|Speltlomper m/Havre 10stk Aulie
7044414114710|Speltmel 1kg Regal
7090014690024|Speltmel Sammalt Fin Økologisk 1kg Holli Mølle
7090014690017|Speltmel Sammalt Grov Økologisk Holli
7090006040554|Speltmel Sammalt Økologisk 1kg Kvelde Mølle
7090014690031|Speltmel Siktet Økologisk 1kg Holli
7090006040509|Speltmel Siktet Økologisk 1kg Kvelde Mølle
7090014698075|Speltperler Fiberike 250g Holli Mølle
7090014698105|Speltperler Finpolert 250g Holli Mølle
7046110058718|Spenol Hudkrem 250ml
7041111130890|Spesial 190g Den Lille Nøttefabrikken
7041111155695|Spesial Nøtter 50g Dln
7041112129237|Spesial Nøtter u/Salt 170g Dln
2000298500006|Spesialloff 575g
2000298600003|Spesialloff m/Valmuefrø
2000255100003|Spesialloff m/Valmuefrø Halvstekt 605g
8435821600405|Spicy California 236g Sushi Take
8435821600481|Spicy Kylling Katsu 216g Sushi Take
7031656000024|Spillkort Fotball Vm 2026
2000294700004|Spinatflette m/Feta 125g
7310500183305|Spinatpinner Green Cuisine 284g Findus
7313449710038|Spiralhefte Linjer A4 80bl 70g 4 Hull
7041611019060|Spiralloff 600g Bakehuset
5060194790878|Spisepinner Bambus 8par Saitaku
7035620043246|Spiseskje Trebestikk 20stk Unik
7310615979244|Sport Tape 10m Salvequick
7310040028746|Sportlunch Dobbel 50g Cloetta
7029340109405|Sports Boxer X2 Black L Pierre Robert
7029340109412|Sports Boxer X2 Black M Pierre Robert
7029340109436|Sports Boxer X2 Black Xl Pierre Robert
7029340109443|Sports Boxer X2 Black Xxl Pierre Robert
7029340109450|Sports Boxer X2 Green L Pierre Robert
7029340109467|Sports Boxer X2 Green M Pierre Robert
7029340109481|Sports Boxer X2 Green Xl Pierre Robert
7028418307330|Sports Bra Mid High Black L Pierre Robert
7028418307323|Sports Bra Mid High Black M Pierre Robert
7028418307316|Sports Bra Mid High Black S Pierre Robert
7028418307347|Sports Bra Mid High Black Xl Pierre Robert
7072463208050|Sporty Deo 50ml Care By Therese Johaug
7090046870050|Sprøtt m/Ramsløk 100g Attåtnæring
7090046870012|Sprøtt Orginal 100g Attåtnæring
4008871200884|Sprøytepose 10stk Toppits
7070099512695|Sprøyteposer 41x21cm 20stk
7035620040627|Spylervæske pose -15c 3l
7090039672463|Sriracha Super Sauce 270ml Sticky Fingers
8593868006687|Staropramen Premium 0,5l boks
8593868006694|Staropramen Premium 0,5lx6 boks
7090067670028|Starterkit Surdeig 1stk Kompani Surdeig
2387560600009|Stavsfjell Lagra Ca300g Lega
6006507008581|Steakhouse Bbq&Grill 375ml Cape Herb&Spice
7311312007513|Steam Buns Asian 4stk 200g St.Maria
7035620059292|Stekepose m/Lukkeklips 3-5kg 5stk Unik
7035620063541|Stekeposer m/Lukkeklips 5-10kg 2stk Unik
7035620023538|Stekespade i Nylon 1stk Unik
5410228248552|Stella Artois 0,33l flaske
5410228248569|Stella Artois 0,33lx6 flaske
5410228275671|Stella Artois 0,5l boks
5410228321187|Stella Artois 0,5lx6 boks
70118667|Sterilan Deostick Aloe Fresh 50ml
70116151|Sterilan Roll-On Aloe Vera 50ml
70116168|Sterilan Roll-On Blooming Freesia 50ml
70119343|Sterilan Roll-On Men Extra Effect 50ml
70116922|Sterilan Roll-On Sport Fresh 50ml
5701098025252|Sterling Brillerens 100ml Nr 2525
8710605021691|Sticky Chicken Korean Bbq Sauce 220ml Go-Tan
8710605021738|Sticky Chicken Yakitori Sauce 220ml Go-Tan
5701239270121|Sticky Korean Bbq Glaze 50g Meny
7023060136703|Stitch .
4260017382629|Stjerneskudd Tall 2 Cacas
4260017382636|Stjerneskudd Tall 3 Cacas
4260017382643|Stjerneskudd Tall 4 Cacas
4260017382667|Stjerneskudd Tall 6
4260017382681|Stjerneskudd Tall 8 Cacas
4260017382612|Stjerneskudd Tall Cacas
5010134008426|Stones Ginger Joe Original 0,33l flaske
7023060121907|Stor Julequiz .
7037421007335|Stor Sjokoladekake 950g Bakeverket
7311122351233|Storm Hard Seltzer Blue Raspberry 0,33l boks
7311122351202|Storm Hard Seltzer Cherry 0,33l boks
7311122351141|Storm Hard Seltzer Lime 0,33l boks
7311122351196|Storm Hard Seltzer Nordic Berries 0,33l boks
7311122351288|Storm Hard Seltzer Summer Edition 0,33l boks
7311122351134|Storm Hard Seltzer White Peach 0,33l boks
7037710021912|Stratos 150g Nidar
7037710021929|Stratos 65g Nidar
7037710021936|Stratos Bar 42g
7037710021424|Stratos Helt Sprøtt 150g Nidar
7037710050271|Stratos Melkeglede 175g Nidar
7037710021431|Stratos Melkeglede 35g Nidar
7037710050264|Stratos Nøtter&Havsalt 155g
7037710020304|Stratos Salty Caramel 185g
7037710020359|Stratos Salty Caramel Bar 37g
4000417237002|Strawberry Yoghurt 100g Ritter Sport
7350115945042|Street Tortilla 144g El Taco Truck
7310350136957|Strimler Jordbær 80g Malaco
7029340128574|String Tencel Black Xl Pierre Robert
7029340131598|String Tencel Powder/Lavender L Pierre Robert
7029340131581|String Tencel Powder/Lavender M Pierre Robert
7029340131574|String Tencel Powder/Lavender S Pierre Robert
7029340131604|String Tencel Powder/Lavender Xl Pierre Robert
7029340128543|String Tencel X2 Black L Pierre Robert
7029340128550|String Tencel X2 Black M Pierre Robert
7029340128567|String Tencel X2 Black S Pierre Robert
8445291072732|Stroganoff Biff 1-3 År 220g Nestle
7039010562065|Stroganoff Gryte 105g Toro
5701098009825|Strykestivelse Spray 300ml Sterling
7300400312400|Strøbrød 400g Wasa
4006262000853|Strøssel Flora Mix 63g Richie's Bakery
4006262381198|Strøssel Princess 63g Richie's Bakery
5701073061077|Strøssel Rainbow Mix 50g Dr.Oetker
4006262000839|Strøssel Star Gaze Mix 63g Richie's Bakery
5701073064481|Strøssel Super Hero 76g Dr.Oetker
5701073061268|Strøssel Sweetheart 78g Dr.Oetker
3600522466802|Studio Line Gel Invisible Fix 150ml
3600522466673|Studio Line Spray Go Create Ultra-Precise 150ml
5026163000737|Stuffing Mix m/Salvie&Løk 150g
5010024103910|Stuffingmix Sage&Onion 85g Paxo
7023061300356|Styrkeprøven Fangene
5701098688600|Stålblank 250ml Sterling
7311041089149|Stålskrubb 1stk First Price
7035620038471|Stålskrubb Ball 45g 10stk Unik
7035620052477|Støvmopp Refill 5stk First Price
7035620053474|Støvmopp Startsett m/Håndtak+5 Mopper First Price
7388718905903|Sudoku Ultra .
7035620032684|Sugerør i Papp 50stk Unik
7316191812036|Sugerør Pet 12stk
7316191812791|Sugerør Smoothie m/Børste 8stk
5701073062357|Sukkerroser Rosa m/Blad 50g Dr.Oetker
7090017540166|Sukrin Gold Søtningsstoff 500g
7046110312711|Sun 5 i 1 Glans & Tørkemiddel 300ml
7046110324110|Sun Alt i 1 Maxpower 25tab
7046110324141|Sun Alt i 1 Maxpower 60tab
7046110324172|Sun Alt i 1 Maxpower 80tab
7046110324615|Sun Alt i 1 Maxpower Sitron 30tab
4005900982568|Sun Lip Balm Spf30 5,5ml Labello Labello
7046110328736|Sun Maskinoppvask Pulver 755g
7046110317044|Sun Maskinrens 3pk
7038010030819|Sunnmørssøst 300g Tine
7310610029258|Sunsilk Balsam Berry Breeze 250ml
7310610021214|Sunsilk Balsam Bright Blossom 250 Ml
7310610023669|Sunsilk Balsam Bright Blossom 400ml
7310610021160|Sunsilk Balsam Coconut Care 250ml
7310617311677|Sunsilk Balsam Mango Moment 400ml
73123545|Sunsilk Roll-On Bright Blossom 50ml
73123538|Sunsilk Roll-On Coconut Care 50ml
7310610029265|Sunsilk Shampoo Berry Breeze 250ml
7310610021184|Sunsilk Shampoo Bright Blossom 250ml
7310610023690|Sunsilk Shampoo Bright Blossom 400ml
7310610021139|Sunsilk Shampoo Coconut Care 250 Ml
7310617311660|Sunsilk Shampoo Mango Moment 400ml
7041111155473|Supermix Original 220g Brynild
7050122114386|Supermix Salt 130g Maarud
7041111155466|Supermix Sur 220g Brynild
4770583219071|Suppe Borscz 480g Kedainiu
5900783010690|Suppe Flaki Po Zamojsku 450g Pudliszki
5900783010720|Suppe Gulasz 460g Pudliszki
7039010558204|Suppe Gulrot 22g Rett i Koppen
4770583218722|Suppe Rassolnik 480g Kedainiu
4770583214014|Suppe Rødbet Burokeliu 480g Kedainiu
7039010554190|Suppe Szechuan 22g Rett i Koppen
7613287302038|Suppebuljong 126g Maggi
7613033014673|Suppekonsentrat 170g Winiary
7613033014697|Suppekonsentrat Kylling 170g Winiary
4001724047384|Suprema Calabrese Nduja Tipo 520g Dr.Oetker
4001724047322|Suprema Clinque Formaggi 492g Dr.Oetker
4001724047858|Suprema Funghi Ricotta 525g Dr.Oetker
4001724047292|Suprema Salame Romano 487g Dr.Oetker
5774540738956|Sur Fersken Stang Bringebær 27g Pingvin
7340146505735|Sur Mini Bubblegumnappar 70g Candy People
7340146505698|Sur Mini Colanappar 70g Candy People
7312080004230|Surdeig Knekkebrød 200g Leksands
7071848110209|Surdeig Lys Håndlagd 100% 725g
5701073067925|Surdeig Tørket 30g Dr.Oetker
7039317008167|Surdeigkjeks 100g Sætres Beste
7071848021536|Surdeigsbrød m/Frø 740g Håndlagd
7041614023620|Surdeigsbrød m/Quinoa 530g Ju Bakehuset
7090067670011|Surdeigsmel Steinmalt 1kg Kompani Surdeig
7090067670004|Surdeigsstart Tørket 15g, 2stk Kompani Surdeig
5701014069193|Surdeigstykke 6stk 402g Hatting
7035620039942|Surimi Chunky Bites Msc 110g Fiskemannen
7035620069925|Surimi Crabsticks Store Msc 150g Fiskemannen
5060194790748|Sushi Soya Saus 150ml Saitaku
7033352708655|Sushibowl m/Laks&Edamame 325g Lerøy
7033352560383|Sushibowl m/Laks&Mango 282g Lerøy
4023103140448|Svamp Keramisk Glitzi 2pk Vileda
4023103239500|Svamp Ultra Fresh Antibac 3pk Vileda
7090037971254|Svarthavrebrød Mix Økologisk 510g Dsh
7090037971209|Svarthavremel Steinmalt Økol.700g Dsh
7090000698065|Sveler Stekte 300g Åmli
7388047803901|Svensk Damtidning .
7033330086645|Svinestek m/Surkål 580g Fjordland
7310617311271|Svint Stålull 100g
7046110317419|Svint Stålull Pads 10stk
4002359015700|Sweet&Sour Extra Spicy 450g Ben's Original
8700216677141|Swiffer Duster Kit Handle +4 Refills Box
8700216676663|Swiffer Duster Refill 4stk
7023060136444|Sølvberget 2 .
5701098100027|Sølvbeskytter 150ml Sterling
5701098190097|Sølvpusseklut 36x40cm Sterling
57310848|Sølvvask 150ml Bistro
7041015029115|Sørlandsis Banansplitt 1,2l Hennig-Olsen Is
7041015024110|Sørlandsis Big Deal 0,95l Hennig-Olsen Is
7041015016115|Sørlandsis Dobbel Sjoko 1,2l Hennig-Olsen
7041018010004|Sørlandsis Pistasjsmak 1,2l Hennig-Olsen Is
7041015028118|Sørlandsis Skogsbær 0,95l Hennig-Olsen-Is
7041015011110|Sørlandsis Tricolor 2l Hennig-Olsen
7035620055621|T-Shirt Bambus Hvit Large 1pk Under
7035620056949|T-Shirt Bambus Hvit M Regular Crew Cut Under
7035620056970|T-Shirt Bambus Hvit Xl Regular Crew Cut Under
7035620057373|T-Shirt Bambus Sort Mann L Regular Under
7035620057083|T-Shirt Bambus Sort Mann M Regular Under
7035620055041|T-Shirt Bambus Sort Mann Xl Regular Under
5000168001104|Table Water Crackers 125g Carr's
7041614024566|Taco Wrap 280g Bakehuset
2000224300007|Tacobolle m/Ost stykk
7311041052600|Tagliatelle 250g Jacobs Utvalgte
7044416016760|Tagliatelle 450g Sopps
8076809580731|Tagliatelle 500g Barilla
7035620054747|Tagliatelle 500g Eldorado
7035620061813|Tagliatelle Fersk 250g Eldorado
7035620059018|Tagliatelle Fullkorn Fersk 250g Eldorado
8000139910289|Tagliatelle Nido 500g Garofalo
8004690107201|Tagliatelle No103 500g La Molisana
8412600049587|Takis Intense Nacho 100g
8412600049570|Takis Volcano 100g
7035620041303|Tallerken Palmeblad 20cm 5stk Unik
7035620042928|Tallerken Palmeblad 25cm 5stk Unik
8001841536903|Tampax Compak Pearl Super 16stk
8001841536934|Tampax Compak Pearl Super Plus 16stk
4015400715320|Tampax Compak Tampong Regular 22stk
7311041027158|Tamponger 32stk First Price
7035620057854|Tamponger Normal 64stk First Price
7035620057663|Tamponger Super 16stk First Price
7311043013654|Tannbørste Medium 1stk Mevolution
7311041027387|Tannbørste Medium 4pk First Price
7311043013661|Tannbørste Soft 1stk Mevolution
5714156235630|Tannbørsteetui 4pk
7311041082621|Tanntråd 40m First Price
4026700369502|Tape Rollafix Invisible 25m Refill Uhu
4026700369700|Tape Rollafix Invisible Uhu
4026700369458|Tape Rollafix Transparent 25m Refill Uhu
4026700369656|Tape Rollafix Transparent 25m Uhu
7023063407862|Tara .
7023063007864|Tara Magasin Bonnier
3162150033530|Tarteletter Cocktail 12stk 72g 3 Toques
3178530403022|Tarteletter m/Karamell 135g Bonne Maman
3178530402988|Tarteletter m/Sitron 125g Bonne Maman
7310500188546|Tasty Bites Ham&Cheese 250g Findus
2000218700004|Tebriks 130g
7024110060009|Tekstilfarge Grå Colorit
7024110060016|Tekstilfarge Marineblå Colorit
7024110060023|Tekstilfarge Mørkeblå Colorit
7024110060030|Tekstilfarge Svart Colorit
7310615462241|Tekstilplaster 75cm Salvequick
7035620060137|Telys 20t i Klar Kopp 2stk Unik
7035620060304|Telys 8t Klar Kopp 50stk Unik
7035620044021|Telys Hvit 4t 100stk First Price
7035620015984|Telys Hvit 6t 30stk Unik
7035620055263|Telys Hvit 7t Klar Kopp 18stk Unik
7035620042638|Telys Hvit 8t 50stk Unik
7035620037719|Telys Hvit Store 10t 6stk Unik
7035620050213|Telys Led 4stk Unik
7035620055409|Telys Maxi 10t Klar Kopp 7stk Unik
8435821600498|Tempura Dragerull m/ Scampi 227g Sushi Take
5060194790083|Tempuramix 150g Saitaku
7322540853377|Tena Bind Discreet Mini 20stk
7322541185156|Tena Bind Discreet Normal 10stk
7322541061467|Tena Bind Extra Descreet 10stk
7322541687919|Tena Pads Ultra Normal 16stk
7322541970998|Tena Truse Vaskbar Bomull Str L 1stk
7322541970875|Tena Truse Vaskbar Bomull Str M 1stk
7322541081816|Tena Truseinnlegg Mini Magic 34stk
7322541079585|Tena Truseinnlegg Ultra Mini 28stk
7322541079899|Tena Truseinnlegg Ultra Mini Plus 24stk
7035620049507|Tennbriketter Brune 100stk Unik
7033250120030|Tennbriketter Hvite 32stk
7021110120160|Tennvæske 1l Blåtind
7023060037390|Terasse og Hageliv .
8850206531011|Teriyaki Cooking Sauce 250g Dek Som Boon
8715035710306|Teriyaki Korean Bbq 250ml Kikkoman
8850643068750|Teriyaki Sauce 200ml Thai Delight
7311310035341|Teriyaki Sauce 300ml St.Maria
5060194790090|Teriyaki Saus 150ml Saitaku
8715035280304|Teriyaki Saus m/Sesam 250ml Kikkoman
8715035270305|Teriyaki Saus Roasted Garlic 250ml Kikkoman
4009044011382|Termopose m/Håndtak og Lukking 44x47cm
3664346350549|Terrys Sjokolade Appelsin 145g
7037421063423|Terteskjell 8stk 210g Berthas
7310500188362|Teryiaki Chicken Noodles Bowl 350g Findus
7023060032654|Tex Willer i Farger
6006507005016|Texan Steakhouse Rub 100g Cape Herb&Spice
3086123414501|Textile Marker 2stk Bic
2000177900002|Thai Kyllingsuppe 4dl+Fersk Topping Meny
7039010610599|Thai Red Curry Suppe 118g Toro
7090060810216|Thaisalat Kylling 350g Palett
7333352098337|The Cream Bronzer 46 Isadora
7333352098344|The Cream Bronzer 48 Isadora
7333352098351|The Cream Bronzer 50 Isadora
7333352098368|The Cream Bronzer 52 Isadora
7311250053450|The Lab 02 Strong
7311250083426|The Lab 05 White Strong
7311250037658|The Lab 06 Ex Strong
7311250083433|The Lab 07 White Ex Strong
9788202904869|Tidskretsen .
5710840254505|Tiedemanns Gul Mix Nr.3 44g
7039110080018|Tiedemanns Rød 20pk
5710840254628|Tiedemanns Rød Mix Nr.3 44g
2000268000000|Tigerloff 520g Jacobs Utvalgte
2000271000004|Tigerloff Halvstekt Ca520g Jacobs Utvalgte
7029340142006|Tights 10 Den Coffee 36-40 Pierre Robert
7029340142013|Tights 10 Den Coffee 40-44 Pierre Robert
7029340142020|Tights 10 Den Coffee 44-48 Pierre Robert
7029340141979|Tights 10 Den Sand 36-40 Pierre Robert
7029340141986|Tights 10 Den Sand 40-44 Pierre Robert
7029340141993|Tights 10 Den Sand 44-48 Pierre Robert
7029340123470|Tights 20 Den Black 36-40 Pierre Robert
7029340123487|Tights 20 Den Black 40-44 Pierre Robert
7029340123494|Tights 20 Den Black 44-48 Pierre Robert
7029340123449|Tights 20 Den Sand 36-40 Pierre Robert
7029340123456|Tights 20 Den Sand 40-44 Pierre Robert
7029340123463|Tights 20 Den Sand 44-48 Pierre Robert
7029340101249|Tights 50 Den Black 36-40 Pierre Robert
7029340141863|Tights 50 Den Black 40-44 Pierre Robert
7029340141870|Tights 50 Den Black 44-48 Pierre Robert
7028413002285|Tights Basic 20 Den 36-44 Black Pierre Robert
7029340123258|Tights Basic 20 Den Sunkissed 36-44 La Mote
7035110400979|Tikka Masala 500g Findus
7039010562102|Tikka Masala Gryte 113g Toro
7072770009593|Timian Faustini 550g Ravnsborg
7070099510929|Tippsett Tipp R7 og S8 Cacas
8003938007402|Tiramisu 2x90g Bonta Divina
8003938008522|Tiramisu 500g Bonta Divina
7035620056116|Tiramisu Italiensk 2x75g Jacobs Utvalgte
7035620041570|Toalettbørste m/Skål First Price
7311041089477|Toalettpapir 2-Lags 8rl First Price
6414301035038|Toalettpapir 20pk Hvit Lambi
6414301095919|Toalettpapir 6pk Premium Lambi
6414301077304|Toalettpapir Classic Plus 4pk Lambi
6414301080618|Toalettpapir Decor 8pk Lambi
5029053577760|Toalettpapir Fuktet Papir Fresh 42stk Kleenex
6414301054060|Toalettpapir Hvit 12rl Lambi
6414301052875|Toalettpapir Maximeter 4rl Serla
7035620059452|Toalettpapir Soft 18rl Unik
7035620057304|Toalettpapir Soft 6rl i Papiremballasje Vilje
7035620055881|Toalettpapir Soft 8rl Unik
5601028009218|Toalettpapir Sort 6rl Renova
5601028036856|Toalettpapir Tekstil 6rl Renova
7043570009304|Toast 3oster 166g Kanda
7041614006883|Toast Kneipp skivet 660g Bakehuset
7041614006876|Toast Loff skivet 660g Bakehuset
5060162820750|Toast m/Aprikos 100g Fine Cheese Co
5060162820736|Toast m/Dadler 100g Fine Cheese Co
5060162820712|Toast m/Kirsebær 100g Fine Cheese Co
5056423900446|Toast m/Kvede 100g Fine Cheese
7071848024599|Toastbrød Fint 550g United Bakeries
7037421054353|Toffeekjeks 120g Berthas
7622210886477|Toffin Classic 140g Freia
7029121011361|Tofu Marinert Hvitløk&Basilikum 270g Helios
7090052260333|Tofu Stekt 180g Miss Gin Garden
7023061514128|Tom & Jerry Kryss .
7039010554206|Tom Kha Gai Suppe 26g Rett i Koppen
7039317005951|Tom&Jerry Kjeks 175g Sætre
2000797300008|Tomat & Ostestick m/Mozzarella pr stykk
7037610046831|Tomat Pølsegryte 108g Toro
7037610014045|Tomatsaus Toro
7039010610704|Tomatsuppe Fullkorn 131g Toro
7039010610575|Tomatsuppe m/Makaroni 122g Toro
7311041024973|Tomatsuppe m/Makaroni 2pk 246g First Price
7037610092920|Tomatsuppe m/Mozzarella 26g Rett i Koppen
7039010610551|Tomatsuppe Meksikansk 100g Toro
7037610092982|Tomatsuppe Meksikansk 28g Rett i Koppen
7035620048012|Tomatsuppe Mild 570ml Eldorado
7039010610667|Tomatsuppe Original 92g Toro
5774540120003|Toms Skildpadde Sjokoladebar 45g
7333352098252|Top Coat 3d Gel Plump&Shine 11 Isadora
7333352081711|Top Coat Quick Drying 08 Isadora
7040110650507|Toppris 60g Freia
7322540823882|Torky 1rl Lotus
7322541017938|Torky Dispenser Flexible Lotus
7039010610612|Toro Blomkålsuppe 73g
7035620063923|Tortelloni Kylling&Bacon 250g Eldorado
8001020110054|Tortelloni m/Fire Oster 250g Bertagni
8001020110030|Tortelloni m/Steinsopp 250g Bertagni
7035620061974|Tortelloni Ost&Skinke 250g Eldorado
7035620059575|Tortelloni Ricotta&Spinat 250g Eldorado
8001250120236|Tortiglioni 500g De Cecco
7311041019771|Tortilla 8pk 320g First Price
7311311022395|Tortilla Corn/Weat 200g St.Maria
7311312009777|Tortilla Extra Thin Whole Wheat Medium 240g St.Maria
7050122121100|Tortilla Mix Chees/Hotswchi 175g Maarud
7311311021183|Tortilla Original Large 12stk 742g St.Maria
7311311021169|Tortilla Original Large 6stk 371g St.Maria
7311311020599|Tortilla Original Medium 8stk 320g St.Maria
7350115944090|Tortillas 320g El Taco Truck
8693730000185|Tortillas Durum 30cm 1600g Øz
8410076475541|Tortillas Large Ex.Thin 6stk 192g Old El Paso
8410076472410|Tortillas Large Super Soft 6stk 350g Old El Paso
8410076472403|Tortillas Medium Super Soft 8stk 326g Old El Paso
8410076472588|Tortillas Soft Stand'n Stuff 8stk 193g Oep
8410076472434|Tortillas Whole Whea 6stk 350g Old El Paso
8410076472458|Tortillas Whole Whea 8stk 326g Old El Paso
7048261234560|Totenkringler 350g Holmstad Hjemmebakeri
8435821600603|Toyosu Trio 199g Sushi Take
4001724038535|Tradizionale Pizza Diavola Calabrese 360g Dr. Oetker
7333352085252|Translucent Powder 00 Isadora
2000279400004|Treats Brownie Muffins 160g pr stykk
2000285800003|Treats Gulrot Muffins 160g pr stykk
2000894800005|Treats Muffins Berry Blue 160g pr stykk
2000857300009|Treats Muffins Bringebær pr stykk
2000279500001|Treats Muffins Poppy Lemon 160g
2000894700008|Treats Vm Muffins 160g pr stykk
7039410004059|Trepinner 200stk Sunny
5053827199568|Tresor Choco Nut 410g Kelloggs
7035620023415|Treull Opptenning 32stk Unik
8006013100210|Triangoli Pasta m/Steinsopp&Trøffel 250g Bertagni
7041111153462|Trippel 190g Den Lille Nøttefabrikken
7037710050219|Troika 150g Nidar
7037710020939|Troika 66g Nidar
7037421007946|Tropisk Aroma 850g Berthas
7029340127348|Truse Cotton Dame Black L Pierre Robert
7029340130997|Truse Cotton Dame Powder/Pink L Pierre Robefrt
7029340130980|Truse Cotton Dame Powder/Pink M Pierre Robert
7029340130973|Truse Cotton Dame Powder/Pink S Pierre Robert
7029340131000|Truse Cotton Powder/Pink Xl Pierre Robert
7029340127355|Truse Cotton X2 Dame Black M Pierre Robert
7029340127362|Truse Cotton X2 Dame Black S Pierre Robert
7029340127379|Truse Cotton X2 Dame Black Xl Pierre Robert
7029340129984|Truse High Waist Cotton Blue M Pierre Robert
7029340129991|Truse High Waist Cotton Light Blue L Pierre Robert
7029340129977|Truse High Waist Cotton Light Blue S Pierre Robert
7029340130003|Truse High Waist Cotton Light Blue Xl Pierre Rober
7029340125740|Truse High Waist Cotton X2 Black L Pierre Robert
7029340125757|Truse High Waist Cotton X2 Black M Pierre Robert
7029340125764|Truse High Waist Cotton X2 Black S Pierre Robert
7029340125771|Truse High Waist Cotton X2 Black Xl Pierre Robert
7035620056130|Truseinnlegg Long 30stk First Price
7035620055331|Truseinnlegg Normal 44stk First Price
4000576056872|Truseinnlegg Ultra Mini Inkontinens 24stk
6901035601030|Tsingtao Beer 0,33l flaske
3116740015536|Tubble Gum Tutti 35g
7044610875095|Tuborg Grøn Pint 0,568l boks
7044611875094|Tuborg Grøn Pint 0,568lx6 boks
7044610874586|Tuborg Grønn 0,33l boks
7044616874580|Tuborg Grønn 0,33lx12 boks
7044610874609|Tuborg Grønn 0,5l boks
7044611874608|Tuborg Grønn 0,5lx6 boks
7044610875262|Tuborg Lime Cut 0,33l flaske
7044611875261|Tuborg Lime Cut 0,33lx6 flaske
7044610874593|Tuborg Lite 0,33l boks
7044611874592|Tuborg Lite 0,33lx10 boks
7044610874616|Tuborg Lite 0,5l boks
7044611874615|Tuborg Lite 0,5lx6 boks
7044610875347|Tuborg Sommerøl 0,33l boks
7044611875346|Tuborg Sommerøl 0,33lx12 boks
5410041066005|Tuc Kjeks Paprika 100g Lu
5410041001204|Tuc Kjeks Salt 100g
7622210998477|Tuc Kjeks Sweet Chili 100g Lu
7027110111894|Tunfisk Msc Thai Chili 85g King Oscar
7350047280051|Tunnbrødchips Kanel&Sukker 100g Mørsjø Deli
7350047281362|Tunnbrødchips Nachos 170g Mørsjø Deli
7350047281331|Tunnbrødchips Original 170g Mørsjø Deli
7350047282017|Tunnbrødcrisp Ranch 120g Mörsjö Deli
7037421025872|Turklenning Sukker&Kanel 1pk Berthas
7039317008693|Turmiks Sjokolade 220g Polly
7052962401626|Tv-Avisen Verdens Gang
7622300348373|Twist 300g Freia
7610058207264|Twist Brødpinner Ost 100g Roland
7610058207271|Twist Brødpinner Salt 100g Roland
7333352079947|Twist Up Col Stick 09 Isadora
5000159557658|Twix 10pk 500g
5900951312250|Twix Xtra 75g
5000159556866|Twix Xtra Salted Caramel 75g
5000159606110|Twix Xtra White 75g
5705833215243|Tyggebein Kollagen m/And 80g Treateaters
8445291324466|Tyggehjul Banan 28g fra 10m
7312130030943|Tyggeknute Presset 95g Dogman
7312130305102|Tyggepinner 90g Dogman
5705833221336|Tyggepinner Cheese Bone 34g Treateaters
7312133104429|Tyggepinner Hjort 12cm 5stk Dogman
7312133102166|Tyggepinner Kylling 6stk Dogman
5705833215113|Tyggepinner m/And 100g Treateaters
5705833215106|Tyggepinner m/Kylling 100g Treateaters
5705833204001|Tyggepinner m/Kylling 200g Treateaters
7312133102999|Tyggepinner m/Kylling 375g Dogman
5705833215229|Tyggepinner til Hund 100g Treateaters
7311860112509|Tynnknekke Havre 120g Mjälloms
7311860112608|Tynnknekke Rug 120g Mjälloms
6416453028562|Tyrkisk Peber Hot Rings 120g Fazer
7392855121102|Tåteflaske Anti-Kolikk 260ml Mam
7392855121515|Tåteflaske Easy Active 270ml Mam
8710103989615|Tåteflaske Natural Response 125ml Avent
5200132754702|Tørkerull 1rl Peppa Pig
7311041085974|Tørkerull 2rl First Price
6414301028498|Tørkerull 2rl Serla Maximeter
6414301099061|Tørkerull 3pk Premium Lambi
6414301099160|Tørkerull 4pk Decor Lambi
7311041089460|Tørkerull Kjøkken 4rl First Price
7035620058899|Tørkerull Kjøkken 4rl Unik
7035620057090|Tørkerull Kjøkken 8rl Unik
5601028036320|Tørkerull Mint Red Label 1rl Renova
7035620068881|Tørkerull Premium 4-Lags 2rl Unik
5601028036290|Tørkerull Rosa 1rl Renova
7035620058844|Tørkerull Soft 3rl i Papiremballasje Vilje
5601028023597|Tørkerull Sort 1rl Renova
7311041087824|Tørrfor Hund 4kg First Price
7311041087817|Tørrfor Katt 2kg First Price
7311041084861|Tørrmopp 15stk First Price
7035620016936|Tøymykner Frisk 1l First Price
7035620013898|Tøyvask Farget 3kg First Price
5701410410940|Tøyvask Flytende 1l First Price
7090048902261|Tøyvask-Ark 40stk Concept Zero
7023060428242|Ukebladkryss Tidskrift
7029340100051|Ullsokk Tykk Ebony Blues 41-45 Pierre-Robert
7029340099966|Ullsokk Tykk X3 Black 37-40 Pierre Robert
7029340100044|Ullsokk Tykk X3 Black 41-45 Pierre Robert
7029340099973|Ullsokk Tykk X3 Earth Tone 37-40 Pierre Robert
7029340100136|Ullsokk Tynn 37-40 Winter Pastel Pierre-Robert
7029340100211|Ullsokk Tynn Deep Forest 41-45 Pierre-Robert
7029340100129|Ullsokk Tynn X3 Black 37-40 Pierre Robert
7029340100204|Ullsokk Tynn X3 Black 41-45 Pierre Robert
7311311016004|Umami 42g Santa Maria
8435821600696|Umami Ruller 336g Sushi Take
7035620014840|Universal Spray 500ml First Price
7035620058202|Universalklut 9stk First Price
7090012052282|Universalplaster 30stk Røde Kors Førstehjelp
7035620060489|Universalsaks 21cm 1stk Unik
7035620048111|Universalwipe 60stk Unik
5706636592890|Urinprøveglass 60ml
7020656504021|Urkraft Havrebar Eple&Rips m/Sjokolade 40g
7020656504083|Urkraft Havrebar Jordbær&Bringebæ m/Sjoko 40g
7055330034044|Urtebakt Kylling Mac'n Cheese 445g Fersk&Ferdig
7023061810091|Ute og Hjemme Kryssord
7033050830207|Uten Ipa 0,33l boks
7033050330219|Uten Ipa 0,33lx6 boks
7033050830184|Uten original 0,33l boks Aass Bryggeri
7033050330196|Uten original 0,33lx6 boks Aass Bryggeri
7090041260009|Uttian Pale Ale 0,5l flaske Bryggeriet Frøya
7046110059357|Vademecum Munnvann 75ml
7350000750072|Vaffelkjeks Gusto 630g Intervali
3800205876861|Vaffelkjeks Hasselnøtt&Sjoko 30g My Motto
3800205876755|Vaffelkjeks Tiramisu 30g My Motto
5901356071001|Vaffelrull m/Sjokolade 260g Tago
5901356071025|Vaffelrull m/Vaniljekrem 260g Tago
7039010603034|Vafler 612g Familiepakning Toro
7090000698034|Vafler Grove 170g Åmli
7039010603041|Vafler Mix 255g Toro
7090000698041|Vafler Stekte 5stk 440g Åmli
7023061010361|Vakre Hjem & Interiør
7041611055280|Vaniljedrøm 8 Biter 960g Bakehuset
7041614001161|Vaniljedrøm glutenfri 15 Biter Bakehuset
8711513256120|Vaniljekjeks Cafe Noir 200g Van Delft
7394376044342|Vaniljesaus Melkefri 250ml Oatly
2000828000006|Vaniljesnurr pr stykk
7311070006230|Vanillas Boller 220g Pågen
5701092110183|Vanish Oxi Action Forbehandler 750ml Spray
5701092111029|Vanish Oxi Action Gold Hvit 470g
5701092111012|Vanish Oxi Action Gold Rosa 470g
5701092112231|Vanish Oxi Action Power Gel Gold 200ml
7090012052299|Vannfast Plaster 15stk Røde Kors Førstehjelp
8721317739354|Vaseline Glluta Hya Flawless Glow 200ml
8721317739330|Vaseline Gluta Hya Dewy Radiance 200ml
42182634|Vaseline Krem Original 100ml
50064861|Vaseline Lip Rosy Lips 20g
7090048901516|Vaskeark Parfymefri 40stk
9788202900564|Ved Første Blikk .
5701092115379|Veet Hårfjerning Bikini/Underarm 100ml
5701092103888|Veet Hårfjerning Normal Hud 200ml
5701092115560|Veet Hårfjerning Spray-On Sensitive Skin 150ml
5701092115614|Veet Hårfjerning Wax Strips Body Sensitive 20stk
5701092115621|Veet Hårfjerning Wax Strips Face Sensitive 12stk
7090051690773|Vegan Pølsiner Pikant 200g Grønn Lykke
7035620051197|Vegansk Burger 226g Folkets
5420005754534|Vegansk Pålegg Mixed Garden 90g Vegan Deli
5420005754510|Vegansk Pålegg Naturell 90g Vegan Deli
5701014074548|Veggen Spelt 420g Hatting
6006507007508|Veggie Krydderblanding 95g Cape Herb&Spice
7317852202005|Velvet Matt Nails 200 Peach Cream Isadora
7317852202012|Velvet Matt Nails 201 Silky Pink Isadora
7317852202029|Velvet Matt Nails 202 Sage Grey Isadora
7317852202036|Velvet Matt Nails 203 Velvet Greige Isadora
7317852202043|Velvet Matt Nails 204 Lavender Vibe Isadora
8001090599346|Venus Barberblad Comfglide Coconut 3stk Gillette
8700216498692|Venus Barberblad Comfortglide Breeze 4stk Gillette
8700216511728|Venus Barberblad Extra Smooth 10stk Gillette
8700216495424|Venus Barberblad Pro Smooth Sens 4stk Gillette
8700216507790|Venus Barberblad Pro Smooth Sens. 10stk Gillette.
8700216720403|Venus Barberblad Smooth Sensitive 4stk Gillette
7702018575350|Venus Barberhøvel Smooth Sensitive 2up Gillette
7702018583867|Venus Høvel Comfortglide Coconut
7702018334919|Venus Høvel Comfortglidebreeze 2blad Gillette
8700216568944|Venus Høvel Pro Smooth Sensitive Gillette
7702018426263|Venus Høvel Tropical Engangs 3stk Gillette
7052962005749|Verdens Gang Fredag
7052962512698|Verdens Gang Hverdag m/Bilag
7052961902483|Verdens Gang Lørdag
7052960808472|Verdens Gang Mandag-Torsdag
7052962607745|Verdens Gang Sport
7037421026435|Vestlandslefsa 6x2pk 420g
7037421026749|Vestlandslefsa Lefsegodt Sjoko 4pk 230g
7037421027159|Vestlandslefsa Lefsekos 220g
7037421026466|Vestlandslefsa Lefsesnack 2pk 70g
7037421026633|Vestlandslefsa m/Kanel 4pk 230g
7037421026695|Vestlandslefsa m/Kanel Singelpk 345g
7037421026640|Vestlandslefsa m/Smørkrem 4pk 230g
7037421026534|Vestlandslefsa m/Sukker&Kanel 5pk 230g
7037421027203|Vestlandslefsa Singelpakkede Sitron 345g
7037421026817|Vestlandslefsa Tørre 10stk 360g
7023860027553|Vestr Cider Eple 0,75l flaske Ciderhuset
7052960708598|Vg Magasin Extra
7052962203787|Vg Magasin Tema
7023067500057|Vi Menn .
8712561485524|Vic Håndkrem Hand&Nail 75ml
7070334732116|Vikingfjord Ice Breaker Peach 0,275l flaske
7070334732109|Vikingfjord Ice Breaker Strawberry 0,275l flaske
7070334752343|Vikingfjord Icebreaker Tropical 275ml flaske
4023103172036|Vileda Glitzi Stålskrubb 2stk
7035620059407|Vilje Allrent 900ml
7035620059162|Vilje Balsam Parfymefri 275ml
7035620058363|Vilje Dusjsåpe Parfymefri 275ml
7035620059254|Vilje Håndsåpe Parfymefri 500ml
7035620053979|Vilje Håndsåpe Parfymefri Refill 1l
7035620064265|Vilje Intimsåpe Parfymefri 200ml
7035620057571|Vilje Sjampo Parfymefri 275ml
7035620058295|Vilje Tøyvask Farget Flytende 900ml
7035620055973|Vilje Tøyvask Farget Pulver 1kg
7035620058714|Vilje Tøyvask Hvitt Pulver 1kg
7035620058752|Vilje Tøyvask Sensitiv Flytende 900ml
7035620056543|Vilje Tøyvask Ull&Silke Flytende 900ml
7311041085431|Villfuglblanding 1kg First Price
7039610001872|Vilti 500g
7037610013048|Viltsaus Toro
7311041083895|Vindusnal 35cm First Price
7035620043277|Vinglass 25cl 2stk Unik
7035620020056|Vinopptrekker m/Vinger 1stk Unik
7070866043124|Vitaminbjørner Original Multivitamin 120stk
8051708032260|Vm 26 1-Pack .
8051708031126|Vm 26 Stickers 1-Pack
7388576519908|Vogue Scandinavia .
7023064907187|Vår Beste Kryssord Tidskrift
2375333600004|Vår Egen lasagne Kald ca 3 kg
7039317003810|Våre 5 Beste Kjeks til Ost 170g Sætre
7035620057427|Vårrull m/Kylling 400g First Price
2000769100001|Vårrull m/Kylling Kald pr stykk
2000675800002|Vårrull m/Kylling Varm pr stykk
5741200320424|Vårrull m/Oksekjøtt 400g Daloon
2000716700001|Vårrull m/Storfe Kald pr stykk
2000676000005|Vårrull m/Storfe Varm pr stykk
2000679000002|Vårrull Vegetar Kald pr stykk
2000678200007|Vårrull Vegetar Varm stykk
7042961001873|Vårruller Grønnsaker 600g Food Court
7042961001897|Vårruller Kylling 1kg Food Court
7035620058486|Vårruller Steinsopp&Shitake 180g Jacobs
8888003250309|Vårrullplater 550g 30stk Spring Home
7035620061271|Våruller m/Kylling 180g Jacobs Utvalgte
7311041078259|Våtfor Hund m/Kjøtt First Price
7311041013724|Våtfor Hund Oksekjøtt 300g First Price
7311041078280|Våtfor til Katt Fjærkre 415g First Price
7311041089200|Våtfor til Katt Kylling&Okse 85g First Price
5705833080780|Våtfor til Katt Mix 12x85g Clever Cat
8445291082557|Våtfor til Katt One Adult 340g Purina
7311041013717|Våtfor til Katt Pate m/Fisk 100g First Price
7311041013700|Våtfor til Katt Pate m/Fjærkre 100g First Price
7311041088340|Våtfor til Katt Pate m/Okse 100g First Price
7311041084878|Våtmopp 10stk First Price
7035620055508|Våtmopp 10stk Unik
7311041038673|Våtservietter 2x72stk First Price
7035620062124|Våtservietter Plastfri 24stk Vilje
7035620063329|Våtservietter Plastfri 4x64stk Vilje
7035620064852|Våtservietter Plastfri 64stk Vilje
5201004525666|Wafer Rolls m/Sjokoladekrem 115g Caprice
7033352683471|Wakame 80g Lerøy
7333352097965|Wake Up The Glow Concealer 3n Isadora
7333352098061|Wake Up The Glow Dew Stick 00 Transparent Isadora
7333352098474|Wake Up The Glow Foundation 1n Isadora
7333352098481|Wake Up The Glow Foundation 1w Isadora
7333352098504|Wake Up The Glow Foundation 3c Isadora
7333352098511|Wake Up The Glow Foundation 3n Isadora
7333352098528|Wake Up The Glow Foundation 3w Isadora
7333352098542|Wake Up The Glow Foundation 5c Isadora
7333352098559|Wake Up The Glow Foundation 5n Isadora
7333352098566|Wake Up The Glow Foundation 5w Isadora
7333352098597|Wake Up The Glow Foundation 7n Isadora
7333352098634|Wake Up The Glow Foundation 9n Isadora
5010169940876|Walkers Toffee Bar Yummy Banana 50g
7622300222161|Walters Mandler 200g Freia
7300400482530|Wasa Fullkornskjeks Mørk Sjokolade 230g
7300400483346|Wasa Proteinkjeks Sjokolade&Appelsin 250g
5000204590319|Wc Blått Duopack 80g Duck
5010029000160|Weetabix Original Frokostblanding 430g
5010029005554|Weetos Choco 375g Weetabix
4064666587493|Wellaflex Fel Men Full Boost Thickening 150ml
4056800641123|Wellaflex Gel Gel 150ml
4064666587523|Wellaflex Hårspray Men Ultratrong 250ml Wella
4064666232409|Wellaflex Mousse Xtra Strong Hold 200ml
4064666587554|Wellaflex Paste Men Dynamic Texture 75ml Wella
4064666232379|Wellaflex Spray Xstrong Hold 250ml
8699568532171|Wellaflex Spray Xstrong Hold 75ml
3065890154872|Whiskas 1+ Classic Collection 12x85g
3065890154896|Whiskas 1+ Fish Selection 12x85g
3065890154995|Whiskas 7+ Fish Selection 12x85g
5900951305467|Whiskas Can Kylling i Saus 400g
5900951115424|Whiskas Catmilk 3x200ml
3065890180857|Whiskas Junior Poultry 2-12mts 12x85g
5900951294013|Whiskas Oksekjøtt 1+ 800g
4008429046483|Whiskas Sticks Kylling 18g
4008429046551|Whiskas Sticks Laks 18g
4000417292001|White Crisp 100g Ritter Sport
7311312000590|Wholewheat Noodles 200g St.Maria
31278|Wiener-Åtte 90g pr stykk
2000248900009|Wienerbolle Bakehuset
31280|Wienerflette blåbær & vanilje 100g pr stykk
17041614020206|Wienerflette Vanilje&Bringebær
31281|Wienerflette Wienerflette m/ Biscoff 95g pr stykk
2000280800008|Wienerpecan stykk
31462|Wienersnurr m/Vanilje & Sukker 95g pr stykk
2000272000003|Wienerstang Dansk
7043570009236|Wienertoast 2stk Kanda
4002604005401|Winner Tip Hylser 200stk
73214342|Winston Classic Red 40pk
7035620050329|Wipes Universal Citrus 70stk First Price
7311312009357|Wok Sauce Sweet Korean 150g
7311312009364|Wok Sauce Teriyaki&Sesame 150g
7035110400801|Wok&Saus Mango&Curry 400g Findus
5010338405144|Woksauce Teriyaki 120g Blue Dragon
5010338018238|Woksaus Chop Suey 120g Blue Dragon
5010338018290|Woksaus Hoi Sin 120g Blue Dragon
5010338800413|Woksaus Honey&Teriyaki 120g Blue Dragon
5010338103514|Woksaus Korean Bbq 120g Blue Dragon
5010338103521|Woksaus Satay 120g Blue Dragon
5010338800420|Woksaus Soya&Chilli 120g Blue Dragon
7035620055065|Woksaus Teriyaki 120g Eldorado
7333352081285|Wonder Nail 100 Pearl Frost Isadora
7333352081292|Wonder Nail 101 Simply White Isadora
7333352081308|Wonder Nail 105 Beige Cream Isadora
7333352081315|Wonder Nail 106 Milkshake Isadora
7333352081322|Wonder Nail 107 Panna Cotta Isadora
7333352098276|Wonder Nail 115 Candy Mint Isadora
7333352081339|Wonder Nail 121 Water Rose Isadora
7333352081346|Wonder Nail 132 Intense Rust Isadora
7333352081353|Wonder Nail 133 Femme Fatale Isadora
7333352081360|Wonder Nail 138 Graphite Grey Isadora
7333352081377|Wonder Nail 139 Black Lacquer Isadora
7333352110602|Wonder Nail 141 Cosmic Glow Isadora
7333352081384|Wonder Nail 142 Lime Isadora
7333352081391|Wonder Nail 143 Cool Matcha Isadora
7333352081407|Wonder Nail 144 Jade Mint Isadora
7333352081414|Wonder Nail 145 Green Harmony Isadora
7333352081421|Wonder Nail 146 Pale Sage Isadora
7333352081438|Wonder Nail 147 Dusty Blue Isadora
7333352081445|Wonder Nail 148 Tidal Teal Isadora
7333352081452|Wonder Nail 149 Lavender Purple Isadora
7333352081469|Wonder Nail 150 Lavender Love Isadora
7333352110589|Wonder Nail 151 Power Purple Isadora
7333352084798|Wonder Nail 152 Royal Blue Isadora
7333352098283|Wonder Nail 154 Blue Sky Isadora
7333352081476|Wonder Nail 155 Cool Mauve Isadora
7333352081483|Wonder Nail 163 Summer Red Isadora
7333352092922|Wonder Nail 164 Crimson Red Isadora
7333352084804|Wonder Nail 165 Cranberry Juice Isadora
7333352081490|Wonder Nail 168 Peach Isadora
7333352081506|Wonder Nail 169 Fire Orange Isadora
7333352092939|Wonder Nail 171 Coral Flare Isadora
7333352081513|Wonder Nail 179 Happy Pink Isadora
7333352081520|Wonder Nail 181 Raspberry Sorbet Isadora
7333352081537|Wonder Nail 189 Smooth Beige Isadora
7333352081544|Wonder Nail 191 Pink Bliss Isadora
7333352092946|Wonder Nail 195 Peony Pink Isadora
7333352081551|Wonder Nail 199 Glacé Isadora
7333352081568|Wonder Nail 208 Soft Suede Isadora
7333352098290|Wonder Nail 210 Proud Pink Isadora
7333352081575|Wonder Nail 214 Ginger Yellow Isadora
7333352081582|Wonder Nail 215 Autumn Crush Isadora
7333352081599|Wonder Nail 216 Sea Buckthorn Isadora
7333352110565|Wonder Nail 217 Golden Glow Isadora
7333352081605|Wonder Nail 218 Oat Milk Isadora
7333352092953|Wonder Nail 220 Warm Clay Isadora
7333352081728|Wonder Nail 6 In 1 09 Isadora
7070334720007|Wongraven Blonde Ale 0,44l boks
7029340113532|Wool Knee Highs Black 36-41 Pierre Robert
7029340140750|Wool Long Sleeve Dark Brown L Pierre Robert
7029340140743|Wool Long Sleeve Dark Brown M Pierre Robert
7029340140736|Wool Long Sleeve Dark Brown S Pierre Robert
7029340140767|Wool Long Sleeve Dark Brown Xl Pierre Robert
7029340102314|Wool Long Sleeve Jet Black L Pierre Robert
7029340102307|Wool Long Sleeve Jet Black M Pierre Robert
7029340102291|Wool Long Sleeve Jet Black S Pierre Robert
7029340102321|Wool Long Sleeve Jet Black Xl Pierre Robert
7029340104073|Wool Long Sleeve Jet Black Xxl Pierre Robert
7029340105018|Wool Longs Men Jet Black L Pierre Robert
7029340105001|Wool Longs Men Jet Black M Pierre Robert
7029340105025|Wool Longs Men Jet Black Xl Pierre Robert
7029340105032|Wool Longs Men Jet Black Xxl Pierre Robert
7029340141641|Wool Longs Women Jet Black L Pierre Robert
7029340141634|Wool Longs Women Jet Black M Pierre Robert
7029340102796|Wool Polo Neck Jet Black L Pierre Robert
7029340102789|Wool Polo Neck Jet Black M Pierre Robert
7029340102772|Wool Polo Neck Jet Black S Pierre Robert
7029340102802|Wool Polo Neck Jet Black Xl Pierre Robert
7029340103274|Wool Singlet Jet Black L Pierre Robert
7029340103267|Wool Singlet Jet Black M Pierre Robert
7029340103250|Wool Singlet Jet Black S Pierre Robert
7029340103281|Wool Singlet Jet Black Xl Pierre Robert
7029340103755|Wool Singlet Stone Beige L Pierre Robert
7029340103748|Wool Singlet Stone Beige M Pierre Robert
7029340103731|Wool Singlet Stone Beige S Pierre Robert
7029340103762|Wool Singlet Stone Beige Xl Pierre Robert
7029340100600|Wool Tights Black 36-40 Pierre Robert
7029340100617|Wool Tights Black 40-44 Pierre Robert
7029340100624|Wool Tights Black 44-48 Pierre Robert
7029340100488|Wool Tights Hold-In Black 36-40 Pierre Robert
7029340100495|Wool Tights Hold-In Black 40-44 Pierre Robert
7029340100501|Wool Tights Hold-In Black 44-48 Pierre Robert
9788283113921|Wordle 3 .
7041614024931|Wrap Biff Kebab 260g Bakehuset
7041614024955|Wrap Falafel&Harissa 270g Bakehuset
7041614024948|Wrap Kylling Asiatisk 260g Bakehuset
7041614024559|Wrap Kylling&Aioli 250g Bakehuset
7041614024610|Wrap Pulled Pork 260g Bakehuset
8700216240239|Yes Original Maskinoppvask Alt i Ett 48stk
8700216240147|Yes Platinum Alt i Ett 38stk Maskinoppvask
7034280110770|Yoghurt Gresk Gourmet Cookie&Cream 158g Synnøve
7034280110763|Yoghurt Gresk Gourmet Salted Caramel 160g Synnøve
7034280109996|Yoghurt Gresk Honning&Pekannøtt 160g Synnøve
7034280110756|Yoghurt Gresk Vanilje&Granola 165g Synnøve
7041614024634|Yoghurt m/ Bjørnebær&Granola 200g
7041614024627|Yoghurt m/ Mangokokos&Granola 200g
7035620043208|Yoghurt&Grøt Mango/Eple/Pasjonfr 120g Lillego
7041611019190|Yoghurtbrød 750g Bakehuset
7041111155763|Yoghurtnøtt Jordbær 70g Dln
7041111155770|Yoghurtnøtt Pasjon 70g Dln
7041111138124|Yoghurtnøtter 200g Dln
7041111155732|Yoghurtnøtter Original 70g Dln
7038010072406|Yt Energibar Sjokolade 45g Tine
7038010072413|Yt Energibar Tranebær 45g Tine
7038010067631|Yt Proteinbar Salt Karamell 50g Tine
7038010066634|Yt Restitusjonsbar Peanøtt Sjokolade 65g Tine
7035620054501|Yummy Gummi Sur 200g Snop
7035620052422|Yummy Gummi Søt 250g Snop
7070334995283|Z Cider Mango 0,5l flaske
7046110329344|Zalo Cherry Blossom 500ml
7046110324417|Zalo Lavendel Oppvaskmiddel 5dl
7046110327845|Zalo Oppvaskbørste Trend 1pcs
7046110329016|Zalo Oppvaskspray Lavendel 500ml
7310617312193|Zalo Sensitiv Håndsåpe 300ml
7046110324509|Zalo Ultra Oppvask&Kjøkkenspray 500ml
7046110322512|Zalo Ultra Oppvaskmiddel 5dl
7046110322611|Zalo Ultra Oppvaskmiddel 7,5dl
7046110320570|Zalo Ultra Sensitiv Oppvaskmiddel 500ml
7090042235334|Zefir Hvit 330g Baltika
7090042235327|Zefir m/Sjokolade 330g Baltika
8710908843044|Zendium Tannkrem Classic 75ml
8710908843020|Zendium Tannkrem Emalje Protect 75ml
8710447263167|Zendium Tannkrem Extra Fresh 75ml
8710908842962|Zendium Tannkrem Fresh&White 75ml
8720181345654|Zendium Tannkrem Kids 75ml
7350042420216|Zonnic Mint Porsjonspose 4mg 20stk
7072463206018|Zuccarello Roll-On Active 50ml
7311250084218|Zyn No1 Cool Frost 2
7311250084355|Zyn No12 Deep Freeze 7
7311250084225|Zyn No2 Cool Frost 4
7311250084249|Zyn No4 Deep Freeze 5
7311250084263|Zyn No6 Frosted Apple 5
7041614000676|Åkerbrød Våre Minste 500g Bakehuset
7090018403170|Ægir Juicy Fruktig Ipa 0,44l boks
7090018402418|Ægir Rallar Amber Ale 0,44l boks
7090018402753|Ægir Tacofredag 0,44l boks
7090018402470|Ægir Vetlebror Session Ipa 0,44l boks
7035620041280|Ølglass 50cl 2stk Unik
7090026210142|Ørepropper Skum Mw 6stk
7090026210135|Ørepropper Voks Mw 8stk
2000197200007|Ørret skiver Oppdrett Marinert pr Kg
7049770000028|Østerdalsflatbrød 500g
5714156235364|Øyevippekrøller Stål m/Svart Håndtak
