7310070006066|7up 1,5l flaske
7044610876375|7up Free 0,33l boks Sleek
7310070006073|7up Free 1,5l flaske
7310070010841|7up Zero Pink Lemonade 0,5l flaske
7070841006755|80% Kokos/Pasjon 335g Lerum
7070841007004|80% Solbær-Eple 345g Lerum
7033050315810|Aass Cider Eple Tørr 0,5lx6 boks
7033050724117|Aass Eplemost 0,33l flaske
7033050815921|Aass Lite Krystall 0,5l boks
7033050315933|Aass Lite Krystall 0,5lx6 boks
7033050816003|Aass Lite Sommerøl 0,5l boks
7033050316015|Aass Lite Sommerøl 0,5l boks 6pk
7033050815549|Aass Lite Vienna Lager 0,33l boks
7033050515678|Aass Lite Vienna Lager 0,33lx10 boks
7033050815082|Aass Lite Vienna Lager 0,5l boks
7033050315094|Aass Lite Vienna Lager 0,5lx6 boks
7033050815747|Aass Spritz 0,33l boks
7033050815761|Aass Ultra Lite 0,33l boks
7033050515777|Aass Ultra Lite 0,33lx10 boks Fridge
4770583218906|Adzika 260g Kedainiu
5000189363069|After Eight 200g
615357118898|Afternoon Darjeeling 20pos Taylors Of Harrogate
3088542506256|Agave Sirup Økologisk 250g Sunny Bio
7026450054472|Agave&Honning Topping 330g Honningcentralen
7029121011538|Agavesirup Økologisk 180ml Helios
2000459400008|Agurk Delt
5902296002131|Agurk Lettsaltet 670g Baza
5902296002247|Agurk Marinert 670g Baza
4770583219316|Agurk Marinert 850g Kedainiu
2000431600006|Agurk stykk Import
5902296002124|Agurk Syltet 830g Baza
4770583219323|Agurk Syltet 830g Kedainiu
5907632500203|Agurk Syltet 840g Klimex
5907632500210|Agurk Syltet Kiszone 800g Klimex
5010392004109|Agurker Cocktail 227g Opies
7045617010120|Agurker God Gammeldags 550g Grimstad
7039010087117|Agurker Hele 580g Nora
7070622010476|Agurker Hele Økologisk 350g Helios
7035620054396|Agurker i skiver 490g First Price
7039010087094|Agurker Skivede 580g Nora
5900919000496|Agurker Sure 850g Rolnik
40081410|Agurker Syltede Hele 670g Hengstenberg
7039010561365|Agurkmiks 370g Nora
7311041024621|Agurkmix 370g Eldorado
7310350136353|Ahlgrens Bilar Syrlig Frukt 130g
7310350109906|Ahlgrens Biler Original 160g
7034280007070|Aioli 130g Go'Vegan
7035620056581|Aioli 130ml Sommervibber Eldorado
7035620061448|Aioli 150g Jacobs Utvalgte
7034170020783|Aioli 200ml Bjerke
7090040560384|Aioli 225ml Metervare As
7040512439137|Aioli 250g
5028905028627|Air Fryer Olje 200ml International Collection
7072719018693|Airfryer Krydder Kjøtt 25g Simen Vatne
7072719018662|Airfryer Krydder Kylling 25g Simen Vatne
3800012194660|Ajvar Hjemmelaget 480g Olinesa
3800012194714|Ajvar Hjemmelaget Sterk 480g Olinesa
8697406274306|Ajvar Mild Saus 350g Rio Santo
3850104050565|Ajvar Sterk 350g Podravka
7026450054670|Akasie 350g
7090042651011|Akasiehonning 300g Honning As
4002359021343|Al Forno Saus Creamy Tomato 450g Dolmio
7040512582543|Alfaspirer Økologisk 100g
7040913337360|Ali Filtermalt 200g Sommervibber
7040913336677|Ali Mørkbrent Filtermalt 250g
7040913337476|Ali Mørkbrent Kaffekapsel 16stk
7040913335403|Ali Mørkbrent Kaffeputer 18stk
7040913336639|Ali Original Filtermalt 250g
7040913337391|Ali Original Hele Bønner 250g
7040913337469|Ali Original Kaffekapsel 16stk
7040913335397|Ali Original Kaffeputer 18stk
7040913336646|Ali Original Kokmalt 250g
8410086331301|Alioli 225ml Ybarra
7045010001015|Allehånde Malt 10g Pos Hindu
8600101785558|Allkrydder 500g Mega
7311311016240|Allroundkrydder 120g Santa-Maria
7311311026478|Allroundkrydder Spice Krydderkvern 78g St.Maria
7090057101372|Almonds & Raspberry 70g Vgan
8809041427447|Aloe Vera Drikken Granateple 500ml Okf
2000105400000|Alpeost 7+ Mnd Lagret
2302689400002|Alpeost Norsk 510g Tine
5411188139621|Alpro High Protein Mango & Banan 200g
5411188139560|Alpro High Protein Røde Bær 200g
7090062630034|Alt Sparkling Rose 75cl
7045010003675|American Bbq 45g glass Hindu
8445290439666|Americano 16 Kapsler Dolce Gusto
7035620023552|Amerikansk Blanding 800g First Price
7023026110587|Ananas 200g Cevita
7035620047787|Ananas 300g Eldorado
7023026110365|Ananas 400g Cevita
7311040058610|Ananas Biter i Juice 227g Eldorado
7311040058979|Ananas Finskåret i Juice 227g Eldorado
7311040056944|Ananas i Biter i Juice 3x227g Eldorado
7311041013625|Ananas i Biter i Juice 565g First Price
24000146643|Ananas i Biter m/Juice 3x230g Del Monte
24000146087|Ananas i skiver m/Juice 3x220g Del Monte
7090046313625|Ananas m/Sjokolade 100g Fruit Dips
2000443000009|Ananas stykk
7033850007809|Ananasbrus 1,5l flaske Oskar Sylte
7033850007878|Ananasbrus Lett 1,5l flaske Oskar Sylte
7040518510946|Ananasjuice 1l Cevita
7040518510090|Ananasjuice m/Lime 1l Cevita
7311040056937|Ananasringer i Juice 3x227g Eldorado
6430052552105|Anchor Bar Buffalo Wing Sauce Ranch 300ml
2373321000003|And Bryst Ca300g Holte
2385371000001|And Gourmet hel u/Innmat Ca2,5kg Gårdsand
2387709800000|And hel Ca2,5kg Gårdsand
2373320100001|And hel Fersk Ca3kg Holte
2373323000001|And Lår Fersk Ca300g Holte
2350400900003|Andebryst Ca350g Gårdsand
2350401700008|Andebryst Fryst 220-340g Gårdsand
2350407300004|Andebryst Sousvide Black Garlic Ca380g Gårdsand
3113010144354|Andeconfit 1,24kg Larnaudie
2350400300001|Andeconfit 2pk Ca500g Gårdsand
7090015509202|Andeegg 6stk 540g Holte
7090015502425|Andefett Fersk 180g Holte
7090013750521|Andefett Fersk 240g Gårdsand
4007680105441|Andefond 500ml Jurgen Langbein
2373324700009|Andeklubber Ca400gg Holte Gård
2373324000000|Andelever Ca450g Holte
4021600100705|Andeleverpate 80g Jensens
2350401000009|Andelår Ca250g Gårdsand
2373329100002|Andeskrog Frys Ca1kg Holte
2373324800006|Andevinger Ca400g Holte Gård
2000662000002|Angus Bankekjøtt pr Kg
2000718200004|Angus Brisket pr Kg
2353405400004|Angus Brisket Sous Vide Ca700g Meny
2353400300002|Angus Cote De Bouef Ca1,5kg Prima
2000711300008|Angus culotte Helt stykke
2000702000009|Angus Denver steak .
2000701900003|Angus Dragebiff pr Kg
2000705000006|Angus entrecote .
2000711400005|Angus Flank steak Helt stykke
2000703100005|Angus Flat Iron Steak pr Kg
2000660700003|Angus Flatbiff pr Kg
2000779700000|Angus Franskbiff Av Ytrefilet pr Kg
7071451214370|Angus Ghost&Cheddar Pølse 240g Prima Jæren
2000703700007|Angus Hanger Steak pr Kg
2373982300009|Angus Høyrygg Sous Vide Ca700g Meny
2000704600009|Angus Indrefilet .
2000630200007|Angus Indrefilet Midtstykke pr Kg
2000663100008|Angus Lårtunge pr Kg
2000703400006|Angus Major Filet pr Kg
2000705200000|Angus mørbrad .
2000660800000|Angus Rundstek pr Kg
2000798600008|Angus shortribs ca 500g pr stk
2000701800006|Angus Skirt steak Helt stykke
2000835600008|Angus Smashburger ca 70g pr stykk
7071451205200|Angus Snadder Fersk 250g Prima
2000702100006|Angus tri tip filet
2373982500003|Angus Tri Tip Sous Vide Ca700g Meny
2000712100003|Angus ytrefilet skiver
7071604004360|Angusburger 2x130g Meny
7071604004353|Angusburger 2x150g Meny
2000941800002|Angusburger Ca130g pr stykk
2000738600006|Angusburger Ca180g pr stykk
2000654100000|Angusburger Slider Ca70g pr stykk
2000783800000|Angussnadder av norsk storfekjøtt pr. kg.
7045010001022|Anis Søtkrydder 10g Pos Hindu
7038010025198|Anno 1863 Gudbrandsdalsost 450g Tine
80624608|Ansjosfilet Italiensk 80g Caracucina
7039010073509|Ansjosfilet Makaløs 55g Abba
7035620007798|Antipasti Spekebrett 120g Jacobs Utvalgte
5711953182679|Apetina i Lake Red Pepper&Chili 410g
5711953030895|Apetina Marinert Herbs&Spices 265g Arla
5711953043161|Apetina Marinert Soltørket Tomat 265g Arla
5760466851848|Apetina Mild Laktosefri 200g Arla
5760466642019|Apetina Original White Cheese 200g Arla
5711953182419|Apetina Original White Cheese i Lake 410g
5760466987745|Apetina Snack Chili 100g Arla
5760466987783|Apetina Snack Hvitløk/Oliven 100g Arla
5760466987806|Apetina Snack Soltørket Tomat 100g Arla
3492390007542|Appelsin & Ingefær 284g St.Dalfour
7039281543909|Appelsin 1kg Økologisk
7090061430017|Appelsin 330ml Oppegård Brus
2000419600004|Appelsin pr stk
5690541002387|Appelsinbrus 0,5l boks Egils
7090034395930|Appelsinbrus Gamlebyens 0,33l flaske Nøisom
7090056760129|Appelsinbrus Økologisk 0,33l flaske Lykki
2000310900005|Appelsiner Bitre
7038010007224|Appelsinjuice 0,5l Sunniva
7035620046148|Appelsinjuice 1,5l Eldorado
7038010043642|Appelsinjuice 1,75l Sunniva
7038010043635|Appelsinjuice 1l Sunniva
7311041024362|Appelsinjuice 2l First Price
7035620026539|Appelsinjuice 3x250ml Eldorado
7313619001539|Appelsinjuice 850ml Bramhults
7040518510434|Appelsinjuice m/Fruktkjøtt 0,33l Cevita
7035620048807|Appelsinjuice m/Fruktkjøtt 1,5l Eldorado
7040518510427|Appelsinjuice m/Fruktkjøtt 1l Cevita
7035620026355|Appelsinjuice m/Fruktkjøtt 1l Eldorado
7038010007231|Appelsinjuice m/Fruktkjøtt 1l Sunniva
2000813400002|Appelsinjuice Nypresset i Butikk 0,5l flaske
2000813500009|Appelsinjuice Nypresset i Butikk 1,0l flaske
7038010008061|Appelsinjuice Original 250ml Sunniva
7311041040751|Appelsinjuice Premium 1l Eldorado
7038010058721|Appelsinjuice Premium 1l Sunniva
7040518510311|Appelsinjuice Rød 1l Cevita
7040518510441|Appelsinjuice u/Fruktkjøtt 1l Cevita
7040518510533|Appelsinjuice Økologisk 1l Cevita
3388600000017|Appelsinmarmelade 280g St.Dalfour
637793000902|Appelsinmarmelade 340g Mackays
7023511011153|Appelsinmarmelade 420g Lisa
7039010555876|Appelsinmarmelade 430g Fru Bennett's
7070841001569|Appelsinmarmelade 840g Lerum
7035620052224|Appelsinmarmelade 960g First Price
7039010013277|Appelsinmarmelade Hjemmelaget 400g Nora
7070841005079|Appelsinmarmelade u/Sukker 435g Lerum
8001505006810|Appelsinmarmelade Økologisk 260g Rigoni Di Asiago
7070841005789|Appelsinsaft 1,5l Lerum
7035620042393|Appelsinsaft Sukkerredusert 1,5l First Price
7070841005857|Appelsinsaft u/Tilsett Sukker 0,75l Lerum
7090013750484|Appelsinsaus Fersk 240ml
5900919020821|Appelsinsyltetøy 340g Rolnik
7041910057282|Appetittsild 270g Delikat
5060229011046|Apple&Cinnamon Urtete Økologisk 20pos Pukka
7040511105040|Aprikos 400g Cevita
3425471303363|Aprikos m/Mandler 110g Charles Antona
7070841001576|Aprikos&Fersken 820g Lerum
7070841005086|Aprikos&Fersken u/Sukker 335g Lerum
7311040059822|Aprikoser 425g boks Eldorado
7035620027918|Aprikoser Tørkede 200g Eldorado
7029123164522|Aprikoser Økologisk 150g Helios
7039010575195|Aprikoskompott 455g Nora
8001505006803|Aprikosmarmelade Økologisk 250g Rigoni Di Asiago
3388600000369|Aprikossyltetøy 284g St.Dalfour
7039010013239|Aprikossyltetøy Hjemmelaget 400g Nora
7090047980581|Aquavitgele 155g Røyland
7025030000304|Aquavitgele 270g Løiten
7040517001766|Aromasopp 150g skivet
5903240555628|Aromasopp 250g pakke
8004690950128|Arrabiata Saus 340g La Molisana
7392555006952|Artisjokk 120g Ridderheims
8410916915749|Artisjokk Bunner 400g Diamante
8410916913370|Artisjokk Hjerter 390g Diamante
7053690350057|Artisjokk Marinert 314ml Gourmet Line
5900919012116|Artisjokk Marinert 314ml Rolnik
8026650000360|Artisjokker 100g
8002207120040|Artisjokker i Olje 280g Montanini
7035620046964|Artisjokkhjerter i Lake 340g Eldorado
7311312002518|Asian Wok Pad Thai 150g St.Maria
2390340400003|Askebrie Ca150g Rygge Meieri
7025441021219|Askim Cider Fersken u/Sukker 0,33l
7025441017908|Askim Cider m/Eple 0,7l
7025441017892|Askim Cider m/Fersken 0,7l
7025441017885|Askim Cider m/Pære 0,7l flaske
7025441021226|Askim Cider Pære u/Sukker 0,33l
7311040075839|Asparges Cut&Tip 227g Eldorado
8427352654095|Asparges Grønn 340g Casagrande
1230000027021|Asparges Grønn Bunt 250g Import
8427352631355|Asparges Hvit 185g Casagrande
8427352660034|Asparges Hvit 540g Casagrande
4311532109274|Aspargesbønner 200g Season
7035620024788|Aspargesbønner 300g Eldorado
7310500130484|Aspargesbønner Våre Utvalgte 300g Findus
7311040075150|Aspargesstang 250g Eldorado
5701410386931|Aspargesstang 330g Eldorado
7040518001079|Aubergin Bama
7090012290356|Aurdalstabbur 100g Eine
7090012291421|Aurdalstabbur 250g Eine
5060199512277|Avocado 2pk Spisemoden
7040512515268|Avocado 2pk Økologisk Vilje
7040511504577|Avocado 700g nett
7042961016327|Avocado Spread 200g Calito
2000422200000|Avocado stykk
5028905026685|Avokado Olje 250ml International Collection
7040913336202|Baba Budan Hele Bønner 340g Cotw
7331217017035|Baba Ganoush 150g Sevan
7035620053429|Baby Back Ribs 600g Folkets
4062300365650|Baby Combiotik 1 Nyfødt 500g Hipp
4062300365674|Baby Combiotik 2 Pulver 500g Hipp
4062300365704|Baby Combiotik 3 fra 10mnd 500g Hipp
3073781191080|Babybel Mini Original 120g Babybel
3073780902441|Babybel Mini Protein 120g
7035620026195|Babygulrøtter 300g First Price
7023026089425|Babyleaf Mix 65g Grønn&Frisk
7023026089418|Babyspinat 65g Grønn&Frisk
7090007910030|Bacalao De Pedro 4porsj 1,36kg
7053470000523|Bacalao Ekte 1kg Primar
7038420025153|Bacalao Fersk 450g Ferdigmat Dybvik
7053472000217|Bacalao Originalen 500g Primar
7038420012504|Bacalaofisk u/Skinn&Ben 400g Dybvik
7038420024200|Bacalaogryte Serveringsklar 900g Dybvik
7035620017605|Bacon 100g Jacobs Utvalgte
7035620055959|Bacon Bøkerøkt skivet 400g Folkets
7071451004001|Bacon i skiver Tørrsaltet 500g Jæren Smak
7035620026409|Bacon m/Svor skivet 400g First Price
7025050043367|Bacon Original 120g Finsbråten
7037203632403|Bacon skivet 140g Go&Mager
7090007391358|Bacon Speket Langtidsmodnet skivet 75g Aron
7037203633882|Bacon Ternet 200g Gilde
7090007391310|Bacon Tørrsaltet Langtidsmørnet 150g Aron Mat
7035620054099|Bacon Tørrsaltet skivet 100g Grøstad
7055330026179|Baconburger 2x140g Meny
7058040412607|Baconburger 4x100g Grilstad
2000531500008|Baconburger Varm pr stykk
7034170007913|Bacondressing 450g Bjerke
7037204650031|Bacongrill m/Ost 480g Gilde
7050122170115|Bacongull 120g Maarud
7041810010387|Baconost 175g Tube Kavli
7041810013975|Baconost 200g Beger Kavli
7056630000333|Baconpølse 275g Rekedal
7035620040221|Baconpølse 80% 240g A.Idsøe/Jacobs Utvalgte
7035620037696|Baconsvor 75g Eldorado
8019125017727|Baffalo Blu 2x50g Defendi
7090056640063|Bagels m/Linfrø glutenfri 2x95g Pappa uten Gluten
7090056640032|Bagels m/Valmuefrø Gl.Fri 190g Pappa uten Gluten
5907653104312|Baguette Gl.Fri 175g Balviten
5701073066546|Bakekakao 190g Dr.Oetker
7040110310807|Bakekakao 250g Regia
8014601652218|Bakemel Glutenfritt 1kg Caputo
7029123164416|Bakemiks Grov glutenfri Økologisk 600g Helios
7023053165017|Bakemiks Lys glutenfri Økologisk 600g Helios
5701073066362|Bakepulver 140g Dr. Oetker
7622210115720|Bakepulver 250g Freia
7029123164935|Bakepulver Økologisk 110g Helios
33200011309|Baking Soda 226g Arm&Hammer
7023860007630|Balholm Eple &Blåbær Premium Økologisk 0,75l
7023860001096|Balholm Eple &Bringebær Juice 1l
7023860007586|Balholm Eple &Rabarbra Økologisk 0,75l
7023860007623|Balholm Eple &Solbær Premium Økologisk 0,75l
7023860001034|Balholm Eple Fruktmost 1l
7023860007548|Balholm Eple&Pære Økologisk 0,75l
7039010550802|Bali Kyllinggryte glutenfri 70g Toro
8003185004421|Balsamic Crema 250ml Federzoni
8033378343341|Balsamic Eddik Glaze 100ml Leonardi
8033378343358|Balsamic Eddik Hvit 5år 100ml Leonardi
8003185008931|Balsamic Eddik Sølv 500ml Federzoni
8003185007859|Balsamic Oro Bianco 250ml Federzoni
8014347104859|Balsamico 250ml Il Torrione
8014347108888|Balsamico Crema Con Aceto 250ml Il Torrione
7039010067263|Balsamico Dressing 260g Idun
8014347108727|Balsamico Eddik 250ml Il Torrione
7035620019326|Balsamico Eddik Di Modena I.G.P 250ml Eldorado
7035620009471|Balsamico Eddik I.G.P fra Modena 250ml Jacobs
8014347110737|Balsamico Eddik Søt&Blank 250ml Carandini
7035620000010|Balsamico Glace 250ml Eldorado
8033378343372|Balsamico Saba 4år 100ml Leonardi
8003185003981|Balsamico Sølv 250ml Federzoni
8014347001097|Balsamico Økologisk 250ml Il Torrione
5010338016043|Bambusmatte 240mm Blue Dragon
7311041000243|Bambusskudd 227g Eldorado
7037710020083|Bamsemums 220g Nidar
5901122237143|Banana Milk Chocolat 130g Schofrulade
5060107332959|Bananas Økol 4mnd 70g Ellas
2000418600005|Bananer i Klase First Price
2000401100000|Bananer pr stk
94011|Bananer Økologisk Klase
8428391103223|Banderillas Picantes Spicy 315g Bernal
7090039672647|Bar & Grill 270ml Sticky Fingers
7090048420123|Barbacoa Tacokjøtt 300g Como Mexico
47997123909|Barbeque Magic 198g Chef Paul
5060318667116|Barbie Summer Berries 200ml Appy Kids
8008696028300|Barette Special m/Sjokolade Gl.Fri 124g
7050657251501|Barista Hazelnut Gourmet Syrup 250ml
7050657252041|Barista Irish Cream Gourmet Syrup 250ml
7050657254021|Barista Vanilla Gourmet Syrup 250ml
7311311015960|Basil&Garlic 41g St.Maria
7027620012001|Basilikum 12cm Stor Potte
7045010003019|Basilikum 14g glass Hindu
7072770002235|Basilikum 750g Ravnsborg
8076809513739|Basilikumsaus 400g Barilla
6291100690015|Basmati Ris 1kg Kaalar
7071992001002|Basmati Ris 500g Masalamagic
7311041005026|Basmatiris 2kg Eldorado
7035620003882|Basmatiris Boil In Bag 1kg Eldorado
7039010612395|Basmatiris Boil In Bag 1kg Toro
5410673006325|Basmatiris Boil In Bag 500g Ben's Original
6415600574051|Battery Blueberry 0,5l boks
6415600594240|Battery Charged Fresh Exotic Fruits 0,5l boks
7044610806228|Battery Energy 0,5l boks
6415600543712|Battery Energy Peachberry 0,5l boks
7044610799490|Battery Fresh 0,5l boks
6415600556835|Battery No Calorie 0,5l boks
6415600555098|Battery Remix 0,5l boks
6415600593335|Battery Whirl Sugar 0,5l boks
6415600581530|Battery Zero Lemon Lime Yuzu 0,5l boks
7035620064074|Bayonneskinke Kokt 1kg Folkets
5011053025891|Bazooka Juicy Drop Gummy Dipp 96g
1220000450035|Bbq Sauce Hickory 510g Sweet Baby Ray's
1220000450066|Bbq Sauce Honey Chipotle 510g Sweet Baby Ray's
7311312009395|Bbq Sauce Original 330g St.Maria
1220000450028|Bbq Sauce Original 510g Sweet Baby Ray's
7039010613682|Bbq Saus 300g Idun
602652257780|Be-Kind Bar Caramel Almond&Seasalt 40g
5000159566667|Be-Kind Bar Choc Latte 50g
5000159528368|Be-Kind Bar Peanutbutter Dark Choc 40g
5000159605083|Be-Kind Milk&White Chocnut 40g
5000159528481|Be-Kind Nøttebar Choco Nuts&Seasalt 40g
7039010545792|Bearnaise 300ml Toro
5701018146159|Bearnaise Essens 6cl Beauvais
7350042720293|Bearnaise Provence 230ml Eriks
7035620062049|Bearnaise Saus 130ml Sommervibber
7090000514051|Bearnaise Saus 175g Ek
7035620063763|Bearnaise Saus 220ml Jacobs Utvalgte
7350042720002|Bearnaise Saus 230ml Eriks
7037610009041|Bearnaise Saus 28g Toro
7037610231985|Bearnaise Saus Lett 21g Toro
8721201924293|Bearnaise Saus Serv.Klar 300ml Knorr
7033330086485|Bearnaisesaus 250g Fjordland
7035620036026|Bearnaisesaus 250ml Jacobs Utvalgte
7043570004910|Bearnaisesaus 300ml Kanda
7039010547888|Bearnaisesaus 4pk Toro
7039010569422|Bearnaisesaus Chili 28g Toro
4251097402918|Beef Jerky Sweet&Hot 25g Jack Link's
4251097420066|Beef Jerky Sweet&Hot 60g Jack Links
8001620023297|Bellini Cipriani 18cl flaske
8007885755843|Bellini Mocktail Økol 200ml Galvanina
8711327374171|Ben&Jerry's Karamel Sutra Core 465ml
8711327666962|Ben&Jerry's Sweet Mango Memories 465ml
7038010029790|Bestemor Ost 500g Tine
2000721200008|Bibringe Av Storfe pr Kg
7392555502034|Bierbanger 50g Ridderheims
7055330034136|Biff Stroganoff 450g Fersk&Ferdig
2375393400002|Biff Stroganoff Ca2kg Matbørsen
2000859900009|Biff Stroganoff Kald pr Kg
7071341002490|Biffkarbonader 270g Brødr.Ringstad
7045010003026|Biffkrydder 72g glass Hindu
5701239288249|Biffkrydder 75g Meny Solina
7035620053313|Biffkrydder Dry Rub 50g Jacobs Utvalgte
7034170007425|Biffsalami 70g Bjerke
7055596059218|Biffsalami skivet 100g Toten Kjøtt
7035620008726|Biffsmør Pepper og Hvitløk 65g Jacobs Utvalgte
7033330088298|Biffsnadder 490g Fjordland
2000739100000|Biffstrimler Av Storfe Mørbrad pr Kg
2000306100006|Bifftomat 1 stk, ca 250g
7090059280181|Big Butter Salat Onna
7090051690155|Bio Tempeh Røkt 190g Grønn Lykke
7038010072345|Biola E+ Drikke Bringebærsmak 300ml Tine
7038010072338|Biola E+ Drikke Kakao 300ml Tine
7038010054730|Biola Syrnet Melk Blåbær 1000g Tine
7038010067242|Biola Syrnet Melk Blåbær uten 1000g Tine
7038010054747|Biola Syrnet Melk Bringebær 1000g Tine
7038010002274|Biola Syrnet Melk Jordbær 1000g Tine
7038010063220|Biola Syrnet Melk Jordbær/Rabarbra uten 1000g Tine
7038010053962|Biola Syrnet Melk Mango uten 1000g Tine
7038010067815|Biola Syrnet Melk Melon/Pasjon 1000g Tine
7038010052606|Biola Syrnet Melk Naturell 1000g Tine
7038010056901|Biola Syrnet Melk Rødbet/Eple/Lime 1000g Tine
7038010071294|Biola Syrnet Melk Sitron/Ingefær 1000g Tine
7038010073434|Biola Yoghurt Bringebær 4x125g
7038010073441|Biola Yoghurt Mango/Pasjon 4x125g
7038010072505|Biola Yoghurt Naturell 500g
7038010072512|Biola Yoghurt Vanilje 500g
7072175114359|Bites Original 250g Wauw!
5060108451307|Bitter Lemon 0,5l flaske Fever-Tree
7034170002802|Bjerke Dressing 480ml
7040511813327|Bjørnebær 125g m/Lokk
7045615000413|Bjørnebær 400g Eldorado
7090033270160|Bjørnebærsorbet 0,5l Bamsrudlåven
7025441015515|Bjørnebærsyltetøy 370g Askim
7311310026783|Black & White m/Kvern 110g St.Maria
7350115941051|Black Bean Dip Gluten Free 250g El Taco Truck
5701239269996|Black Garlic Glaze 50g Meny
5063270109854|Black Tea Peacg&Mango 20ps Lipton
5063270111987|Black Tea Taste Collection 50pos Lipton
7025990003162|Bladpersille 40g pakke
7027620033105|Bladpersille Potte Stor Bama
2000123400006|Bleu D`Auvergne Aop
2000407900000|Blomkål pr stk
7039281543671|Blomkål Økologisk stykk
7035620025396|Blomkålblanding 500g Eldorado
7035620069369|Blomkålbuketter 450g Eldorado
7090025492099|Blomkålsuppe 530g Mere Mat
7037610224659|Blomkålsuppe glutenfri 51g Toro
9311493002534|Blood Orange 375ml flaske Bundaberg
5701125256659|Blue Curacao 0,5l Shake It
5060088705940|Blueberry Muffin 35g Nakd
7040913336899|Blå Java Filtermalt 200g Jacobs Utvalgte
7040913336486|Blå Java Hele Bønner 340g Cotw
7040913336950|Blå Java Hele Bønner 500g Jacobs Utvalgte
7040913336141|Blå Java Hele Bønner 700g Cotw
7311311015229|Blå Valmuefrø 43g Santa-Maria
2390334000004|Blå Viking Ca150g Snertingdal Ysteri
2000566500004|Blå Viking Snertingdal Ysteri
1230000301015|Blåbær 125g Beger
7026510021741|Blåbær 2,5kg Norrek
5400279022263|Blåbær 400g Beger
7035620021275|Blåbær 400g First Price
7090047980437|Blåbær 400g Røyland
7039410010029|Blåbær Rooibos Te Økologisk 20pos Confecta
5400279015562|Blåbær Økologisk 125g Vilje
7035620061349|Blåbær Økologisk 225g Vilje
8001505006841|Blåbærmarmelade Økologisk 250g Rigoni Di Asiago
7035450041108|Blåbærsorbet 0,5l Galåvolden
7090047981045|Blåbærsyltetøy 220g Røyland
3388600000314|Blåbærsyltetøy 284g St.Dalfour
7025443765005|Blåbærsyltetøy 370g Askim
7039010535250|Blåbærsyltetøy 80% u/Tilsatt Sukker 275g Nora
7035620053115|Blåbærsyltetøy 960g First Price
7090047980338|Blåbærsyltetøy Krydret 160g Røyland
7039010599474|Blåbærsyltetøy Mindre Sukker 530g Nora
7070841004867|Blåbærsyltetøy Original 480g Lerum
7070841005062|Blåbærsyltetøy Original u/Sukker 435g Lerum
7037400001316|Blåbærsyltetøy u/Sukker 330g Lerum
2000540500006|Blåkveite Røkt skiver pr Kg
2000199000001|Blåskjell Ferske i nett Ca1kg
7035620017520|Blåskjell i Vann Msc 200g Eldorado
7035620070976|Blåskjell Kokte m/Skall Asc 1kg Fiskemannen
2000198900005|Blåskjell pr Kg
7035620062230|Blåskjellbase Kremet 350g Jacobs Utvalgte
7039610006761|Bog 390g Gilde
2000720500000|Bog Av Storfe m/Ben pr Kg
2301271500007|Bogstek Ca800g Gourmetlam
7070848073309|Bokhvete Boil In Bag 400g Dgv
7029121011460|Bokhvete hel Økologisk 500g helios
7090042235839|Bokhvete Ristet 800g Baza
7070848072760|Bokhvetemel 375g Det Glutenfrie Verksted
7070848071671|Bollemiks Gl.Fri 400g Økol Dgv
7020655682164|Boller Bakemix Gl.Fri 525g Møllerens
7090042171489|Bolognese 370g Grønne Folk
8004690950135|Bolognese Saus 340g La Molisana
4002359021275|Bolognese Saus Hvitløk 450g Dolmio
4002359021367|Bolognese Saus Original 450g Dolmio
4002359021381|Bolognese Saus Spicy Chili 450g Dolmio
7090053790532|Bombay Curry 360g Saritas
5000112620115|Bonaqua Sport Mango&Tea 0,7l flaske
5449000141521|Bonaqua Sport Sitron 0,7l flaske
7035620067778|Bordmargarin 400g First Price
87158601|Bordsalt m/Jod 125g Jozo
7310130009891|Borlotti Bønner 380g Gogreen
5000159602778|Bounty Twin 57g Mars
96033579|Brain Bitz 45g Brain Blasterz
7035620040665|Bratwurst 80% 240g A.Idsøe/Jacobs Utvalgte
7035620017087|Bratwurst Rå 270g A.Idsøe/Jacobs Utvalgte
7035620061622|Bratwurst Sous Vide 240g Grøstad
7040913336967|Brazilian French Roast Hele Bønner 500g Jacobs
7040913336127|Brazilian Peaberry Espresso hel 700g Cotw
2000195600007|Breiflabb Filet Vill pr Kg
7045610010523|Brekkbønner 390g Grimstad
7311040079493|Brekkbønner 425g Eldorado
7033330013672|Brelett 250g
7033330055887|Brelett 540g
7033330013511|Bremykt 250g
7033330013245|Bremykt 500g
7033330013290|Bremykt Mykere 500g
5722970102168|Brente Fiken Av Frisk Frukt 500g Veribest
8003948100896|Bresaola 70g Negrini
7037610232029|Bretagne Kylling Saus 27g Toro
7039010547895|Bretagnesaus 4pk Toro
3497917003564|Brets Potetchips m/Cheddar&Jalapeño 125g
3497917000907|Brets Potetchips m/Comtè 125g Brets
3497917002161|Brets Potetchips m/Grillet Bacon 125g
3497917003151|Brets Potetchips m/Honning&Sennep 125g
3497917002741|Brets Potetchips m/Pesto&Mozzarella 125g
3497917003465|Brets Potetchips m/Trøffel&Brie 125g
3497917002789|Brets Potetchips Riflet m/Smør&Salt 125g
7038010020698|Brie 150g Dovre Ysteri
7090057870025|Brie 200g Ostegården
2000133100002|Brie Coeur De Lion .
2000143900005|Brie De Meaux m/Brillat Savarin og Trøffel
2000123900001|Brie De Meaux Renard Gillard
2000123800004|Brie De Meaux Selection, Renard Gillard
2000112900005|Brie De Paris .
5703985072745|Brie De Paris 500g
2000107700009|Brie Dovre Dovre Ysteri
2000124000007|Brie Eldorado .
7041810125463|Brie Favoritt 175g Tube Kavli
7035620056840|Brie Fransk 180g Eldorado
7038010020582|Brie Pepper 150g Dovre Ysteri
2000114800006|Brie president pr stk
2000122900002|Brie Reverend .
2000117900000|Brie Saint Benoit .
7038010020674|Brie Økologisk 150g Dovre Ysteri
7090045370032|Briks glutenfri 400g Equ Norway
3296651115058|Brillat Savarin 200g
7090045600061|Brilliant Brie 250g Thorbjørnrud
7033330089400|Brimis Skogsgryte 330g Fjordland
7040511802291|Bringebær 300g Lærdals Beste
7090061430000|Bringebær 330ml Oppegård Brus
7045615000420|Bringebær 400g Eldorado
7313619002857|Bringebær 850ml Brämhults
7035620015601|Bringebær Fryste 2kg Eldorado
7033850005218|Bringebærbrus 0,33l flaske Oskar Sylte
7033850007946|Bringebærbrus 1,5l flaske Oskar Sylte
7090042210256|Bringebærdrikke 0,75l flaske Bringebærlandet
7041111154582|Bringebærdrops 60g Brynild
3165351425074|Bringebæreddik 250ml Martin Pouret
7038010057663|Bringebærgele 1l Piano
7038010068089|Bringebærgele Rosa u/Sukker 500ml Piano
7090006090115|Bringebærhonning 350g Kjartan Dahl
4015537001099|Bringebærkjeks m/Vaniljefyll Gl.Fri Hammermühle
7025441018004|Bringebærsaft 0,7l Askim
7025447076008|Bringebærsaft Drikkeklar 0,33l flaske Askim
7055080003130|Bringebærsaft Ufiltrert 0,5l flaske Hervik
7038010037535|Bringebærsaus 0,5l Piano
7025441018363|Bringebærsaus 250ml Askim
7070841003143|Bringebærsirup 0,75l Lerum
7090040840349|Bringebærsjokolade Turglede 65g Jentene På Tunet
7090049650048|Bringebærsorbet 0,5l Gioia
7090047981076|Bringebærsyltetøy 225g Røyland
3388600000116|Bringebærsyltetøy 280g St.Dalfour
7055080003321|Bringebærsyltetøy 325g Hervik
7025443745007|Bringebærsyltetøy 370g Askim
7055080003284|Bringebærsyltetøy 80% Frukt 320g Hervik
7039010535243|Bringebærsyltetøy 80% u/Tilsatt Sukker 275g Nora
7070841003365|Bringebærsyltetøy 800g Lerum
7035620050817|Bringebærsyltetøy 960g First Price
7039010013253|Bringebærsyltetøy Hjemmelaget 400g Nora
7070841007011|Bringebærsyltetøy Klem 385g Lerum
7070841005376|Bringebærsyltetøy Klem 410g Lerum
7039010013390|Bringebærsyltetøy Lett 540g Nora
7039010015059|Bringebærsyltetøy Rørte 280g Nora
7070841001767|Bringebærsyltetøy u/Sukker 330g Lerum
7070841004263|Bringebærsyltetøy u/Sukker 435g Lerum
2000434900004|Brokkoli 400g
7310500114507|Brokkoli&Blomkål 500g Findus
7026510163403|Brokkoliblanding 2kg Norrek
7035620020278|Brokkoliblanding 500g First Price
7090002763051|Brokkolimix Økologisk 75g
6161104050514|Brokkolini 200g
7023026068338|Brokkolisalat 260g Grønn&Frisk
2000896200001|Brokkolisalat m/bacon ca 310g pr stk
2000561600006|Brokkolisalat m/bacon pr. kg.
2000896300008|Brokkolisalat m/Bringebær pr Kg
7026510014095|Brokkolitopper 1,5kg Norrek
7035620055706|Brokkolitopper 450g Eldorado
2000181800008|Brosme Filet Vill pr Kg
7039010543316|Brownies Mix glutenfri 540g Toro
7055330034426|Brun Lapskaus 1kg Fersk&Ferdig
2000756700009|Brun Lapskaus Kald pr Kg
7090034903982|Brun Ris 500g Jasmin
7037610211963|Brun Saus glutenfri 32g Toro
7035620037436|Brus Appelsinsmak 1,5l First Price
7035620037825|Brus Appelsinsmak Light 1,5l First Price
7035620034428|Brus Fruktsmak 1,5l First Price
7035620034114|Brus Fruktsmak Light 1,5l First Price
8002207002063|Bruschetta Spread 280g Montanini
7090011155922|Brød Lyst glutenfri 450g Elda Bakeri
8008698004845|Brødmix glutenfri 1kg Schar
87337495|Bubblicious Junior 22g V6
3116740032366|Bubblizz 100g Lutti
7026599014054|Bufar 320g Valdres Ost
7072365009106|Bufar Vellagret 320g Valdres Ost
7090039672494|Buffalo Karri Dressing 500ml Sticky Fingers
6430052551160|Buffalo Wing Sauce Medium 300ml Anchor Bar
2000895600000|Buffalowings Bøtte pr stykk
7035620003530|Bukettgrønnsaker 500g Eldorado
2000746100000|Buklist Av Svin pr Kg
7072365006013|Bukono m/Bukkehornkløver 350g Valdres
7037610005043|Buljonggele Lys Aspik 22g Toro
7037610002073|Buljongpulver Lys 120g Toro
7037610002271|Buljongpulver Mørk 150g Toro
75076130074|Bullfighter Saus 147ml Try Me
5410263928082|Bulmers Red Berries 0,33l boks
4003084595000|Burger 50g Trolli
7020098006237|Burger Bacon Jalapeno 2x150g Sommervibber
7020098006404|Burger Big Beef 2x180g Sommervibber
7020098006442|Burger Big Juicy 2x180g Sommervibber
7020098005469|Burger Big Pack 4stk 600g Sommervibber
7035620049248|Burger Ferdigstekt 250g Grøstad
7037203642525|Burger Luftig Av Storfe 2x150g Gilde
7055330012899|Burgerdressing 250g Meny
7035620069994|Burgerdressing 250ml Sommervibber
7039010545716|Burgerdressing Chunky 455g Idun
8720182754691|Burgerdressing Classic 250ml Hellmann's
3228024210138|Burgerost Cheddar 200g President
5060466516366|Burn Apple/Kiwi 0,5l boks
5060895746860|Burn Original 0,25l boks
5060466516304|Burn Original 0,5l boks
5060466519008|Burn Original 0,5lx4 boks
5061013966320|Burn Original Zero Sugar 250ml boks
5061013964265|Burn White Citrus Zero Sugar 0,25l boks
8002670007466|Burrata 125g Granarolo
7035620068874|Burrata Fryst 120g
7035620071560|Burrata Mini Fryst 150g (3x50g)
8002670008739|Burratine 3pk Granarolo
7071992002528|Butter Chicken 360g Masalamagic
7035620052040|Butter Chicken 460g Fersk & Ferdig
7055330020610|Butter Chicken Base 350g Meny
5011308303279|Butter Chicken Cooking Sauce 450g Patak's
5011308214650|Butter Chicken Kryddermix til Wrap 25g Pataks
35514|Butter Chicken Varm pr Kg
7331755010352|Butter Popcorn 100g Sundlings
7039010521260|Butterchicken 360g Saritas
7090053790006|Butterchicken 450g Saritas
8008698006931|Butterdeig Fryst 250g Schär
7023026409612|Båtpoteter m/Grillkrydder 300g Grønn&Frisk
7090040840202|Bærbluss 6biter 75g Jentene På Tunet
2000191400007|Bøkling Dansk pr Kg
7035620059681|Bønnemix Økologisk 380g Vilje
3083680021739|Bønner Chili 430g Bonduelle
11194384487|Bønner Chili 439g S&W
11194392635|Bønner Garbanzo 439g S&W
5201043119529|Bønner Greske Bakte 280g Iliada
8004402119539|Bønner Hvite 400g Ciao
7090034903890|Bønner Hvite 500g Jasmin
7035620058646|Bønner Hvite Store Økologisk 380g Vilje
11194390242|Bønner Kidney 432g S&W
7090034903920|Bønner Røde 500g Jasmin
11194387655|Bønner Sorte 425g S&W
7035620055928|Bønner Sorte Økologisk 380g Vilje
7310130009839|Bønner Svarte 380g Gogreen
7040518203015|Bønnespirer 180g
7311040077109|Bønnespirer 425g Eldorado
5702070046371|C-Boost Sitronsmak 1000mg 20stk Sana-Sol
5702070046364|C-Vitamin Appelsin 95stk Sana-Sol
7350115940283|Cactus Lime Mayo 200ml El Taco Truck
7036340056950|Caesar Dressing 300ml Caj P
7613033174667|Cafe Au Lait 16kapsler Dolce Gusto
8009167071283|Calamari Pasta Mais- og Ris Øko glutenfri 250g
79581184010|Calypso Lemonade Ocean Blue 473ml
79581184003|Calypso Lemonade Original 473ml
2000113300002|Cambozola Classic
7038010020568|Camembert 150g Dovre Ysteri
7090026030016|Camembert 200g Bæråsammen
7072432300020|Camembert 200g Eiker Gårdsysteri
3153126826003|Camembert 250g Le Rustique
7090010734692|Camembert i Keramisk Fat 200g Gangstad
7350000158281|Candy Cherry u/Sukker 50g Pandy
7350000153743|Candy Salty Squids 50g Pändy
7350000153477|Candy Sour Cola u/Sukker 50g Pandy
7350000159318|Candy Strawberry &Liquorice u/Sukker 50g Pandy
2000404900003|Cantaloupemelon hel ca. 1,2kg
5711953023996|Cappuccino 220ml Starbucks
7090062960483|Cappuccino 500ml Go'Is Hadeland
7613036305648|Cappuccino 8kapsler Dolce Gusto
4000177172650|Capri Sun Mango og Pasjonsfrukt 33cl
4000177032732|Capri-Sun Orange 200ml
4000177032749|Capri-Sun Orange 200mlx10stk
7392555502027|Caramba 50g Ridderheims
7037610237307|Carbonara Pastasaus 29g Toro
5756111412069|Carpaccio Original 110g Delika
8052747931828|Caserecce Gl.Fri 400g Massimozero
7035620022531|Cashewdamia Nøttemix 180g Jacobs Utvalgte
7035620050527|Cashewnøtter Tørristet Jalapeno 150g Eldorado
7035620028564|Cashewnøtter u/Salt 240g Eldorado
7029121012085|Cashewnøtter Økologisk 150g Helios
7070622011176|Cashewsmør Økologisk 250g Helios
2000110700003|Castello Blå .
5740200001012|Castello Blå 150g Tholstrup
5740200001081|Castello Blå Kuvertbiter 5x20g
5711953168116|Castello Blå Mild 150g
5711953070266|Castello Brie Extra Creamy 200g
5760466966788|Castello Danablu Bit 125g
5711953177446|Castello Gnist 170g
5711953219207|Castello Goldbrie 200g
5740200029122|Castello Kremost Ananas 125g
5760466923125|Castello Kremost Pepper 125g
5711953171109|Castello Whipped Cream Cheese Garlic 125g
5711953171123|Castello Whipped Cream Pepper 125g
5740200017013|Castello White 150g
5711953036583|Castello White m/Red Chili 150g
5711953018701|Castello White Trøffel 150g
7035620049163|Caviar Rognskjeksrogn 75g Fiskemannen
7045010001053|Cayennepepper 10g Pos Hindu
7311311014598|Cayennepepper 30g Santa Maria
3234750031893|Cayennepepper 65g Albert Ménès
3234750047696|Cayennepepper Økol 35g Albert Menes
7310040021341|Center Rull 78g Cloetta
7310350135141|Center Rull Seasalt 78g
8008698005903|Cereal Flakes glutenfri 300g Schar
8000113009688|Cerealputer m/ Sjoko/Hasselnøtt 300g Vitabella
7029123164706|Ceylon Kanel Økologisk 18g Helios
3336660003011|Chablis 200g
855919004034|Chai Te Rich Spice Mix 340g Kav
850835000719|Chai-Te Original 20pos Pukka
5410358458845|Chamallows Girondo 11,6g Haribo
5060229012241|Chamomile Vanilla &Honey Urtete Økol 20pos Pukka
3165350001453|Champagneeddik 250ml Martin Pouret
7031540020756|Champignon 150g skivet
5905279573000|Champignon 250g First Price
2000464500007|Champignon Bama
7311041084397|Champignon hel 400g First Price
7311041084380|Champignon skivet 184g First Price
4770583220039|Champignong 480g Kedainiu
2000119900008|Chaumes .
3222110021776|Chaumes Le Cremier 250g
5000295080836|Cheddar 14mnd 200g Cathedral City
5060011700929|Cheddar Beechwood 200g Snowdonia
2000105300003|Cheddar Cave Aged Lagret 12+ Mnd
7072889000016|Cheddar Cheese Snacks 75g Wabba
7041810125098|Cheddar Dipp 180g Kavli
2000108100006|Cheddar Engelsk .
5060011708550|Cheddar m/Trøffel 150g Snowdonia
7038010024948|Cheddar Norsk 250g Tine
7038010072819|Cheddar Norsk Burgerost 100g Tine
5000295146099|Cheddar skivet Mature 150g Cathedral City
7034280110572|Cheddar Ternet 80g Synnøve
7041810013197|Cheddar&Chili Ost 175g Tube Kavli
5711953047954|Cheddar&Mozzarella 200g Apetina
7038010071430|Cheddar&Norvegia Revet Ost 170g Tine
7311143551001|Cheese Cracker glutenfri 100g Finax
7058040690609|Cheeseburger 8x100g Grilstad
8710398527691|Cheetos Cruncheets 110g
7340005403363|Cheez Ballz 160g Olw
7340005403233|Cheez Cruncherz 225g Olw
7039317005524|Cheez Doodles 120g Olw
7039317005531|Cheez Doodles 235g Olw
7300400382205|Cheez Doodles 35g Olw
7350115941044|Cheezy Dip 250g El Taco Truck
7350115940207|Cheezy Sauce Mild 200ml El Taco Truck
7350115944168|Cheezy Yellow Corn Chips 150g
9004131537108|Cherry Wh. Chocolat 130g Schofrulade
8005110550508|Cherrytomater 400g Mutti
2000314600000|Cherrytomater Røde pr Kg
3469370010069|Chevre 90g Mic Bouchès
2000110400002|Chevre Chavroux pr Kg
7038010023828|Chevre Hvitmugg Haukeli 190g Tine
3228023200116|Chevre Ost 170g President
7038010071799|Chevre Ost Naturell Haukeli 120g Tine
2000131800003|Chevre Sot .
7310350504886|Chewit Strawberry 115g Malaco
8720892449115|Chews Bubbly Cola 60g Van Slooten
8720892449122|Chews Salty Licorice 60g Van Slooten
7090031240318|Chiabrød glutenfri 500g Klæbu
7035620058219|Chiafrø Økologisk 300g Vilje
7311310026745|Chicken & Steak m/Kvern 75g St.Maria
7033330089172|Chicken Tandoori 450g Fjordland
3162900031779|Chili 65g Albert Ménès
7035620030031|Chili Bearnaise 130ml Eldorado
7035620059100|Chili Cheese Dip 130ml Eldorado
7045010003484|Chili Chipotle Malt 43g glass Hindu
7055330034457|Chili Con Carne 1kg Fersk&Ferdig
7035620061769|Chili Con Carne 480g Fersk&Ferdig
7039010562980|Chili Con Carne Bowl 150g Toro
2000675100003|Chili Con Carne Varm pr Kg
7045010003446|Chili Crushed 36g glass Hindu
7311311026485|Chili Explosion Hot Kvern 67g St.Maria
7311310026752|Chili Explosion m/Kvern 70g St.Maria
7311311026614|Chili Flakes 39g St.Maria
7090046319184|Chili Mango 100g Sunshine Delights
7350115940115|Chili Mayo 200ml El Taco Truck
5028905000609|Chili Olje Mexicansk 250ml Intern.Collection
3234750031855|Chili Piri Piri 22g Albert Ménès
7045010003040|Chili Powder 43g glass Hindu
8850643015440|Chili Sauce Sweet Dipping 825g Thai Delight
7090042171564|Chili Sin Carne 370g Grønne Folk
7037203637040|Chili&Ostepølse 225g Gilde
7350042720132|Chilibearnaisesaus 230ml Eriks
7038010030659|Chilibrunost skiver 130g Tine
8004694784507|Chiliflak 60g Tutto Calabria
5710175122708|Chiliflak Pul Biber 45g Mill & Mortar
7029123164737|Chiliflak Økologisk 23g Helios
7090057870049|Chiligele 110g Ostegården
7036110211367|Chilikreps 180g Mills
7035620067037|Chilikreps Salat 180g Eldorado
7036110010656|Chilimajones 100g Mills
7035620055287|Chilimajones 150g Jacobs Utvalgte
7039317008976|Chilinøtter 160g Polly
7040518008719|Chilipepper Grønn pakke
7311311015540|Chilipepper Org. 34g Santa-Maria
7031540008303|Chilipepper Rød pakke
7311311014178|Chilipulver 41g Santa-Maria
7035620062179|Chilipølse Sous Vide 240g Grøstad
7035620052095|Chilisalt Røkt 105g Jacobs Utvalgte
7045010003569|Chilli Hot 33g glass Hindu
7090028512183|Chilli Mayo 70ml Frøya
4013200381196|Chilli Paste Harissa 130g Al Amier
8428391100826|Chilli Peppers (Guin 300g Bernal
7311311021886|Chillipepper Piri Prir 11g St.Maria
7090067840001|Chimichurri 200g Drengens
7044711320289|Chimichurri 450g Hoff
7035620031304|Chipolata Pølse Rå 240g A.Idsøe/Jacobs Utvalgte
7035620044649|Chipotle Aioli 130ml Eldorado
76397004075|Chipotle Chili 199g La Costena
7090039672517|Chipotle Majones 270ml Sticky Fingers
7055596051847|Chipotlepølse m/Cheddar 230g Toten Kjøtt
7310500175997|Chippy Chips 450g Findus Farm
8410564001344|Chips Caseras Extra Virgin 140g Frit Ravich
8410564003294|Chips Premium Iberico 150g F.Ravich
8410564004437|Chips Premium Trøffel&Ost 150g F.Ravich
8710398604330|Chips Salted 27.5g Lays
5904954645407|Choco Balls Gl.Fri 375g Jerry
8008698005491|Choco Chip Cookies glutenfri 200g Schar
7039410011125|Choco Mørk 72% Lavkalori 2pos Confecta
7039410001218|Choco-Appelsin Lavkalori 2pos Confecta
7039410001164|Choco-Caramell Lavkalori 2pos Confecta
7039410001195|Choco-Melk Lavkalori 2pos Confecta
7039410001119|Choco-Mint Lavkalori 2pos Confecta
7090058830073|Chocolate Crisp Balls 5pk 150g Oslo Raw
7090017542634|Chocolate Drink u/Sukker 250g Sukrin
7090058830226|Chocolate Goodie Box 8pk 300g Oslo Raw
8714100079249|Choice Soyais Refreshing Jordbær 750ml
8714100083352|Choice Soyais Smooth Vanilje 750ml
5010478205789|Choos Drumstick 150g Swizzels
7058040657305|Chorizo 100g Grilstad
7037204771323|Chorizo 130g Gilde
7034280001672|Chorizo 70g Peppes
7035620040238|Chorizo 80% 240g A.Idsøe/Jacobs Utvalgte
8410783013111|Chorizo Dulce 225g Noel
8412954021925|Chorizo Extra 40g Ridderheims
7058040455208|Chorizo hel 220g Grilstad
8411030051276|Chorizo Hot Tapas 200g Serrano
7058040671004|Chorizo i Ring 200g Grilstad
7035620058684|Chorizo Iberico 80g Jacobs Utvalgte
7035620012808|Chorizo Picante 100g Porxas
7035620040528|Chorizo Rå 270g A.Idsøe/Jacobs Utvalgte
7090040913067|Chorizo Rå 300g Ask
8410783013128|Chorizo Spicy 225g Noel
6921211116257|Chupa Chups 3d Skull 15g
84196675|Chupa Chups Fruit Kangaroo 13g
84460264|Chupa Chups Milky Flavours 12g
84460547|Chupa Chups Xxl Playlist 29g
8008698010259|Ciabatta glutenfri 200g Schar
8008698003152|Ciabatta Rustica glutenfri 200g Schar
7072889000047|Cinnamon Bun Snacks 75g Wabba
7040913336868|Cirkel Kaffe Filtermalt 250g
8008698005576|Classic Brød skivet Gl.Fri 300g Schar
7350115941013|Classic Salsa Medium 215g El Taco Truck
8076809523561|Classico Pastasaus 400g Barilla
2000878900004|Club steak Angus kvige
5000112690262|Coca Cola 0,2lx6 boks
54490703|Coca Cola 0,33l flaske
5000112691696|Coca Cola 0,5l boks
5000112691719|Coca Cola Zero 0,5l boks
2000126400003|Coca-Cola 0,33l boks Brett A 20stk
5000112637380|Coca-Cola 0,33l boks Sleek
5449000273536|Coca-Cola 0,33lx10 boks Sleek
5000112664331|Coca-Cola 0,33lx4 boks
5000112636833|Coca-Cola 0,5l flaske
5000112636864|Coca-Cola 1,5l flaske
7090000248093|Coca-Cola 1,5lx4 flaske
7090000248116|Coca-Cola 1,5lx8 flaske
5000112637397|Coca-Cola Zero 0,33l boks
2000126500000|Coca-Cola Zero 0,33l boks Brett A 20bx
90375408|Coca-Cola Zero 0,33l flaske
5449000273543|Coca-Cola Zero 0,33lx10 boks Sleek
5000112636840|Coca-Cola Zero 0,5l flaske
5000112636871|Coca-Cola Zero 1,5l flaske
7090000248123|Coca-Cola Zero 1,5lx4 flaske
7090000248147|Coca-Cola Zero 1,5lx8 flaske
5000112669183|Coca-Cola Zero Koffeinfri 0,33l boks
2000827000007|Coca-Cola Zero Koffeinfri 0,33lx20bx Brett
5000112669282|Coca-Cola Zero Koffeinfri 0,33lx4 boks
5000112651881|Coca-Cola Zero Koffeinfri 0,5l flaske
5000112664379|Coca-Cola Zero Sugar 0,33lx4 boks
5730800923104|Cocio Classic Sjokomelk 250ml boks
5730800523724|Cocio Classic Sjokomelk 400ml
5711953217722|Cocio Coconut 270ml
5711953156847|Cocio Delight Sjokomelk 250ml boks
5010392000262|Cocktailbær Røde 130g Opies
7035620057038|Cocktailbær Røde i Lake 230g Eldorado
7072425000852|Cococrunch 6pk 192g Vegan Funky Fresh Foods
8850161161247|Cocomax Kokosvann 1l
7311312005489|Coconut Cream 250ml St.Maria
5411188116592|Coconut Drikk Original 1l Alpro
5900316552123|Coconut Frank&Oli Soft Cookies glutenfri 50g
7311312005472|Coconut Milk Organic 250ml St.Maria
7311312005458|Coconut Milk Original 250ml St.Maria
8853333015362|Coconut Water 100% 1l Malee
5011308303361|Coconut&Peanut Coocing Sauce 450g Patak's
2000118700005|Coeur De Lion Supreme
8445290856272|Coffee-Mate 325g
7035620037184|Cola 1,5l First Price
7035620037290|Cola Free 1,5l First Price
7055330028449|Coleslaw 200g
5022374050264|Colossal Cashews Slow Roasted 120g Forest Feast
4062300466104|Combiotik 1 Rtd Morsmelkerstatning Hipp
4062300460799|Combiotik 2 Rtd Morsmelkerstatning Hipp
4062300464438|Combiotik 3 Rtd Morsmelkerstatning Hipp
2000144700000|Comte 6 Mnd Monts & Terrioirs
7090056640087|Cookie Mix Gl.Fri 400g Pappa uten Gluten
7311143551605|Cookies Blåbær &Havre glutenfri 150g Finax
7311312007520|Cooking Sauce Dark Soua&Garlic 100g St.Maria
7090040912978|Coppa Speket Nakke 60g Ask
7035620027857|Coppaskinke 80g Jacobs Utvalgte
7058040669209|Coppaskinke Deli Vellagra 80g Tind
7058040633606|Coppaskinke Vellagret 80g Tind
7070646215130|Core Intensity Appelsin 300g Pf
7350115944137|Corn Chips Salted Blue 185g El Taco Truck
5900020035714|Corn Flakes glutenfri 375g Nestle
5900020032171|Corn Flakes Sjokolade glutenfri 375g Go Free
7350115945028|Corn Tortilla 10stk 250g El Taco Truck
3230140005048|Cornichons 340g Fallot
7050122121063|Cornitas Spicy Mexican 90g Maarud
7040913336936|Costa Rica Tres Rios Filtermalt 200g Jacobs
7040913336974|Costa Rica Tres Rios Hele Bønner 500g Jacobs
7038010054471|Cottage Cheese 4,3% 400g Tine
7038010070884|Cottage Cheese Mager 1,8% Vanilje 400g
7038010054488|Cottage Cheese Mager 2% 400g Tine
7038010066139|Cottage Cheese Mager 2% Laktosefri 400g Tine
7090006470146|Cottage Cheese Økologisk 240g Røros
7040913337421|Cotw Brasil Pocos De Caldas Hele Bønner
7040913336561|Cotw Breakfast Blend Kaffekapsel 10stk
7040913336523|Cotw Colombia Excelso Kaffekapsel 10stk
7040913336578|Cotw Dark Roast Kaffekapsel 10stk
7040913336516|Cotw Espresso Kaffekapsel 10stk
7040913336554|Cotw Lungo Dark Kaffekapsel 10stk
7040913336585|Cotw Lungo Kaffekapsel 10stk
7040913336547|Cotw Lungo Koffeinfri Kaffekapsel 10stk
7040913336530|Cotw Lungo Økologisk Kaffekapsel 10stk
7070848073675|Couscous 140g Dgv
8008696029772|Couscous 375g Gl.Fri Nutri Free
7036110212500|Crabsticksalat 180g Denja
7036110211503|Crabsticksalat 180g Mills
8410376045017|Cracker Gl.Fri 200g Gullòn
7311143551100|Crackers Salt&Pepper 100g glutenfri Finax
5707527002009|Cranberry Drikk Økologisk 1l Montauk
57093703|Cream Fix 3x10g Dr.Oetker
1230000098274|Creamy Caesar Dressing 320ml American Garden
70177236038|Creamy Caramel 20pos Twinings
7055330031395|Crema Catalana 145g Meny
8030525002410|Crema De Pistaccio 180g Fiasconaro
7090000513108|Creme Brulee 110g Ek
7039010523103|Creme Brulee 130g Toro
7033330037142|Creme Brulee 2x133g Kos
7048840200467|Creme Fraiche 35% 300g Q
7038010004926|Creme Fraiche 35% 300g Tine
7039010524735|Creme Fraiche Dressing Max 3% 253g Idun
7038010060243|Creme Fraiche Laktosefri 35% 300g Tine
7038010006340|Creme Fraiche Lett 17% 300g Tine
7090006473291|Creme Fraiche Lett 250ml Økol Rørosmeieriet
7038010072109|Creme Fraiche Middagsklar Papr&Chili 200g
7038010072116|Creme Fraiche Middagsklar Urter 200g
7041011227119|Creme Lakris 93ml Hennig-Olsen
7041011830005|Creme Mandel 110ml Hennig-Olsen
7041011228116|Creme Pistasj Fløteis 110ml Hennig-Olsen
4015537003123|Cremolino m/Hasnøttfyll Gl.Fri Hammermühle
7050122116090|Crispers 110g Maarud
7023026080316|Crispi Mix 175g Grønn&Frisk
7025110061171|Crispi Salat 150g
7311310031428|Crispy Chicken Spice Mix 50g St.Maria
8710605021677|Crispy Chili i Olje 190g Go-Tan
6921804700269|Crispy Chili In Oil 210g Lao Gan Ma
7311311028229|Crispy Coating Garlic Ginger 47g Santa Maria
7310500191485|Crispy Cubes 450g Findus
7058040688606|Crispy Kyllingburger 4x120g Grilstad
7310500176055|Criss Cross Fries 450g Findus Farm
3664346347105|Crocodiller 100g Lutti
8717496861252|Croissanter Gl.Fri 180g Consenza
8008698006696|Croissanter À La Franc 220g Schär
7090057101389|Crunchy Coffe Beans 70g Vgan
7350115946094|Crunchy Topping 130g El Taco Truck
7311122351264|Crush Mocktail Lemonade 0,33l boks
7311122351257|Crush Mocktail Mango Passion 0,33l boks
7090000830373|Crushed Ice 1kg Mr.Iceman
43647400017|Crystal Marmelade 340g Wilkin&Sons Ltd.
7041011230119|Crème Deluxe m/Sjokoladesaus Hennig-Olsen Is
7048840212705|Crème Fraîche Lett 17% 300g Q
7041011231116|Crème Lemon Passion 0,94l Hennig-Olsen
7041011232113|Crème Rosso&Sorbet 94ml Hennig-Olsen
7037710020946|Cuba 37g Nidar
7045010003798|Cumin hel 36g glass Hindu
7045010003804|Cumin Malt 36g glass Hindu
7045010003606|Curry Hot Oriental 34g glass Hindu
7071992000524|Curry Paste 200g Masalamagic
8854404005237|Curry Sauce Green 300g Blue Elephant
8854404005220|Curry Sauce Red 300g Blue Elephant
7350042721252|Curry&Limedressing 255ml Eriks
5051777000958|Custard Cream Kjeks Gl.Fri 125g Lovemore
7350042721269|Cæsardressing 255ml Eriks
2000676600007|Côte De Boeuf pr Kg
5702070046357|D-Boost Skogsbærsmak 20stk Sana-Sol
5702070046326|D-Vitamin Appelsin 95stk Sana-Sol
7331217014553|Daddelmasse 500g Økologisk Sevan
7331217014546|Daddelsirup 470ml Økologisk Sevan
7073212010870|Dadler Bringebær&Blåbær 100g
2000304700000|Dadler Ferske løsvekt
7040512880847|Dadler m/Kakao&Appelsin 90g Grønn&Frisk
7040512880335|Dadler m/Lakris 90g Grønn&Frisk
7040512880670|Dadler m/Peanøtter 90g Grønn&Frisk
7073212010849|Dadler Sour Lemon&Strawberry 100g
7073212010788|Dadler Sour Pear 100g Sunshine Delights
7073212009997|Dadler Sour Sparkling Cola 100g Sunshine D
7029123164515|Dadler Økologisk 150g Helios
7310511257507|Daim Dobbel 56g Freia
7041015108117|Daim Fløteis 450ml Hennig-Olsen
7041014880007|Daim Iskake 0,9l Hennig-Olsen
5760466749367|Danablu skivet 125g Castello
7350000553062|Danonino Banan 400ml
5410146413605|Danonino Drikke Jordbær 4x100g
7350000550214|Danonino Yoghurt Jordbær 70g
7350000550351|Danonino Yoghurt Vanilje 70g
5760466820356|Dansk Greddost skivet 125g Arla
7058040691408|Dansk Salami 225g Grilstad
7072889000054|Dark Chocolate Snacks 75g Wabba
7340146507920|Dave&Jon's Dadlar Peacemaker Jordbær&Lakris 50g
7350054797511|Dave&Jon's Dadler Ananas&Sitron 125g
7350054797504|Dave&Jon's Dadler Peacemärke Lakris&Jordbær 125g
7350054795623|Dave&Jon's Dadler Salt Lakris 125g
7350054795630|Dave&Jon's Dadler Salted Caramel 125g
7350054797498|Dave&Jon's Dadler Sour Cherry Cola 125g
7350054797405|Dave&Jon's Dadler Sour Cola 125g
7350054797467|Dave&Jon's Dadler Strawberry Milkshake 125g
7350054797450|Dave&Jon's Dadler Sur Vannmelon 125g
7350054797313|Dave&Jon's Mango Chili Twist Tørket 100g
7350054795807|Dave&Jon's Nøttebar Banana Choco Crunch 35g
7350054797320|Dave&Jon's Pasjonsfrukt Tørket 100g
7036110009674|Delfia Kokosfett 250g
5410301676104|Demarara Rørsukker 500g Candico
5060107335554|Den Rosa Øko 6mnd 90g Ellas
7041111135765|Dent Crush Bringebær Sukkerfri 25g
7041111157569|Dent Crush Bubbleyum 25g
7041111157392|Dent Eukalyptus 24g
7041111157491|Dent Frukt&Bær 24g
7041111157484|Dent Salt Lakris 24g
7029124400605|Denta Kids Fluortabletter Mix 150tab
7090017543044|Dessertmix u/Tilsatt Sukker 73g Sukrin
7023860101079|Dessertplommer Frå Sogn 1kg Balholm
7035620047732|Dessertsaus Karamell 250ml Jacobs Utvalgte
7035620050756|Dessertsaus Mango/Pasjonsfrukt 250ml Jacobs
7090058690547|Diana Camembert 175g Hvitmuggost Jerseymeieriet
7350066440160|Dig Bar Lakris&Mandel 42g
7350066440931|Dig Cookie Kokos&Melkesjokolade 30g
7350066440641|Dig Havrekule m/Blåbær/Sjokoladebiter 35g
7350066440672|Dig Havrekule m/Kanel 25g
7350066440559|Dig Havrekule m/Sjokolade 25g
7350066440498|Dig Havrekule m/Sjokoladebiter 35g
8410376045024|Digestive Gl.Fri 150g Gullòn
8008698004548|Digestive Kjeks m/Sjoko glutenfri 150g Schär
5701116017726|Dijon Vinaigrette 300ml Svansø Dressing
7025990003155|Dill 40g pakke
7045010001077|Dill 5g Pos Hindu
7031540000314|Dill 6,5cm Potte Gartner
7045010003453|Dill 9g glass Hindu
7311312009302|Dip Nacho Cheese 250g Santa Maria
7311312009616|Dip Tex Mex Style 250g St.Maria
7050122132250|Dipmix Chili Cheese 24g Maarud
7050122131574|Dipmix Holiday 22g Maarud
7050122131628|Dipmix Holiday 3pk 66g Maarud
7350090454195|Djevelsaus 250ml Super Mønsj
7310350136902|Djungelvrål 90g Malaco
7037710030631|Doc Bringebær&Sitron 50g
7037710030013|Doc Eukalyptus 50g
7037710030020|Doc Honning&Lakris 50g
7037710050257|Doc Jordbær/Appelsin 50g Nidar
7037710031355|Doc Mentol 50g
7037710030006|Doc Original 50g
8445290310286|Dolce Gusto Americano Koff.Fri 128g
8445292132107|Dolce Gusto Zoegas Mollbergs 136g
8710398162045|Doritos Chips Sweet Chilipepper 170g
4006952005779|Double Coooky Kakaokjeks glutenfri 300g
5010478533912|Double Dip 19g Swizzels
7310401036229|Dr Pepper 0,5l flaske
7310401036854|Dr Pepper Zero 0,5l flaske
7037210121617|Dream Yoghurtis Frappe u/Sukker 450ml Diplomis
7037210121648|Dream Yoghurtis Jordbær 640ml Diplom-Is
7037210121631|Dream Yoghurtis Mango&Pasjon 640ml Diplom-Is
7037210121600|Dream Yoghurtis Salt Karamel 450ml Diplom-Is
7037210121624|Dream Yoghurtis Vanilje 640ml Diplom-Is
7090024960902|Dressing Appelsin Økologisk 250ml Superbra
7090024960889|Dressing Bjørnebær Økologisk 250ml Superbra
7035620058950|Dressing Blue Cheese 130ml Eldorado
5701116017733|Dressing Creme Fraiche 300ml Svansø
7023026098786|Dressing Cæsar 40g Bama
7090024960865|Dressing Hvitløk Økologisk 250ml Superbra
7023026098793|Dressing Hvitløksdressing 40g Bama
7090024960926|Dressing Ingefær Økologisk 250ml Superbra
7023026098809|Dressing Karri&Lime 40g Bama
5701116017719|Dressing Karry Mango 300ml Svansø
7023026098830|Dressing Thousand Island 40g Bama
5410146964954|Drikkeyoghurt Jordbær 8x100g Actimel
7350000552935|Drikkeyoghurt Jordbær&Banan 8x100g Actimel
7090047981335|Drinksirup Eple&Granskudd 250ml Røyland
7090047981243|Drinksirup Norsk Grenadin 250ml Røyland
7090047981274|Drinksirup Rips&Vanilje 250ml Røyland
7090047981304|Drinksirup Skogsbær 250ml Røyland
7090047981106|Dronningsyltetøy 220g Røyland
7040518510526|Druejuice Lambrusco 1l Cevita
8004123002509|Druekjerneolje 1l Basso
4000007066289|Druer Grønne 500g Beger
4000007063554|Druer Røde 500g Beger
5010478314412|Drumstick Mega Kjærlighet På Pinne 28g Swizzels
7048840010011|Drømmelett 5% 300g Q
6416453554061|Dumle Cookies glutenfri 140g Fazer
6416453564039|Dumle Lollipop 8pk Bag 80g Fazer
6416453093201|Dumle Proteinbar Crunchy 45g Fazer
7041111128149|Dundersalt 60g Brynild
7041013113113|Dyreparken Fløteis&Fruktis 10stk Hoi
2386011600001|Dåhjort Ytrefilet Ca1,4kg
615357118874|Earl Grey 20pos Taylors Of Harrogate
7039410000051|Earl Grey Te Økologisk 24pos Confecta
70177020477|Earl Grey Tea 200g Twinings
70177077563|Earl Grey Tea 25pos Twinings
7311041013472|Earl Grey Tea 50pos First Price
70177176914|Earl Grey Tea Koffeinfri 25pos Twinings
70177106065|Earl Grey Tea u/Konvolutt 100pos Twinings
70177077679|Earl Grey Tea Økologisk 25pos Twinings
7090064950093|Echarate 70% 60g Vigdis Rosenkilde
7090064950161|Echarate 80% 60g Vigdis Rosenkilde
7035620049286|Edamame m/Skall 500g Eldorado
7035620071218|Edamer Snacking Ost i nett 120g Eldorado
7039010080729|Eddik 7% Brun 0,6l Idun
7039010080712|Eddik 7% Klar 0,6l Idun
8032754438824|Eddik Black Pearls 50gram De Nigris
7035220004852|Eddikessens Blank 500ml Gimsøy
7035220004791|Eddikessens Klar 500ml 35% Hveding
7090010734876|Edel Blå 190g Gangstad
7090021170021|Edel Frue 210g Tingvoll Ost
7037203643607|Edel Skinke 100g Gilde
7090006597713|Edelløk Gul 600g Holm Gård
7090006597720|Edelløk Rød 400g Holm Gård
7090006597737|Edelløk Sjalott 150g
7090007270004|Egg 6pk Soyafri 378g Ferske M/L Toten
7090031030285|Egg Frie Høner M/L 12stk Vingulmark
7039610013837|Egg Frittgående L Frokostegg 63-73g Prior
7039610007010|Egg Frittgående L/XL 10stk Prior
7090007271155|Egg Frittgående M 20stk Toten
7039610000172|Egg Frittgående M/L 12stk Prior
7039610000196|Egg Frittgående M/L 6pk Prior
7039610008994|Egg Frittgående m/L/XL Solegg 6stk Prior
7039610012762|Egg Frittgående Sm 15stk Norgården
7090000510060|Egg Frittgående Xl 20stk Ek
7035620057359|Egg M/L Økologiske 10stk Vilje
7055330028265|Egg og Reker i Majones 200g Meny
7035620002342|Egg Økologisk 6pk 375g Jacobs Utvalgte
7090015509004|Egg Økologisk 6stk 380g Holte
7090015509219|Egg Økologisk 8stk 552g Holte Gård
7090011630184|Egg Økologisk 9stk 540g Eventyrsmak
7090031030100|Egg Økologisk M/L 12stk Vingulmark
7090031030018|Egg Økologisk M/L 6stk Vingulmark
7039610005887|Egg Økologisk m/L/XL 6stk Prior
7036110211558|Egg&Bacon Salat 170g Delikat
720516024450|Egg-Erstatning Vegan 250g Orgran
7035620047138|Eggehvite 500g Eldorado
720516010552|Eggerstatning 200g Orgran
7036110211374|Eggesalat 200g Mills
7090034120020|Ekte Brun Geitost 330g Sæterstad
7038010069369|Ekte Revet Ost 4 Oster 250g Tine
7038010069352|Ekte Revet Ost Original 300g Tine
7038010072086|Ekte Revet Ost Proteinrik 170g Tine
7038010072833|Ekte Revet Ost Smaksrik 170g Tine
7038010062315|Ekte Revet Ost Økonimipk 370g Tine
5060229011473|Elderberry &Echinacea Urtete 20pos Pukka
2381468400006|Eldhusbacon i stykk Ca400g Vossakjøt
7048670600154|Eldhusfår 90g Vossakjøt
2374730300005|Elg Ytterfilet ca 1300g Stensaas
7055330025288|Elgkarbonade m/Potetmos 500g Matbørsen
7071341002513|Elgkarbonader 270g Brødr.Ringstad
7035620049859|Elgkarbonader 420g Folkets
7071070915405|Elgkarbonader 420g Smedstuen
7035620066573|Elgkarbonader m/Potetmos 440g Fersk&Ferdig
7090012291544|Elgpølse 250g Eine
7056630000258|Elgpølse 255g Rekedal
7090012290363|Elgpølse 90g Eine
7029993280025|Elgsalami 250g Inderøy Slakteri
7041260000945|Elgskav 300g Stensaas
2371306500005|Elgsteik Benfri Ca2,5kg
7023860017035|Emma Eplemost Sprudlande 0,75l Balholm
2000117500002|Emmentaler Lagret 4+ Mnd, Emmi
7311310031442|Enchilada Spice Mix 28g St.Maria
7045010003415|Enebær 29g glass Hindu
7090049280146|Eng 02 0,75l Villbrygg
615357118867|English Breakfast 20pos Taylors Of Harrogate
70177090463|English Breakfast Tea 200g Twinings
70177077693|English Breakfast Tea 25pos Twinings
2000732600002|Entrecote av storfe
2000732500005|Entrecote Av Storfe hel pr Kg
2000732700009|Entrecote Av Storfe i skiver Marinert pr Kg
7039281548300|Eple&Bær 1l Cevita
7039010575225|Eple&Kanel Kompott 455g Nora
70177084813|Eple&Kanel&Rosin Te 25pos Twinings
7039281548317|Eple&Pærejuice 1l Cevita
7023511021985|Eple&Pæresyltetøy 250g Lisa
7070841004973|Eple&Pæresyltetøy u/Sukker 320g Lerum
7038010067068|Eple/Bringeb.Juice Presset 1l Sunniva
7034280010186|Eplebrus 0,33l boks Frukthagen Hardanger
7090034396357|Eplebrus Gamlebyens 0,33l flaske Nøisom
3165351225070|Eplecider Eddik 250ml Martin Pouret
8014347111369|Eplecider Eddik 500ml Il Torrione
7029121012306|Eplecidereddik Økol.330ml Helios
7025443815007|Eplegele 250g Askim
7055080003215|Eplegele 330g Hervik
7039010013307|Eplegele Hjemmelaget 425g Nora
7090047980093|Eplegele m/Granskudd 125g Røyland
7090047980857|Eplegele m/Granskudd 70g Røyland
5997690720828|Eplegull m/Kanel 30g Carepacks
7090045461525|Eplegull Naturell 25g Carepacks
7090045461433|Eplegull Sjokolade 40g Carepacks
7040518507410|Eplejuice 0,33l Cevita
7035620043598|Eplejuice 1,5l Eldorado
7038010041303|Eplejuice 1,75l Sunniva
7040518507908|Eplejuice 1l Cevita
7035620004162|Eplejuice 2l First Price
7035620024986|Eplejuice 3x250ml Eldorado
7035620026041|Eplejuice Cloudy 1l Eldorado
7040518510588|Eplejuice m/Ingefær 1l Cevita
7038010008351|Eplejuice Original 0,5l Sunniva
7038010008139|Eplejuice Original 1l Sunniva
7038010008092|Eplejuice Original 250ml Sunniva
7035620007439|Eplejuice Premium 1l Eldorado
7038010073571|Eplejuice Presset Cloudy 1l Sunniva
7038010072246|Eplejuice Presset Ingefær 1l Sunniva
7025443865002|Eplemos 360g Askim
7039010593960|Eplemos 525g Nora Mindre Sukker
7070622012203|Eplemos m/Mango Økologisk 360g Helios
7070841004546|Eplemos u/Sukker 440g Lerum
7070622010490|Eplemos Usøtet Økologisk 360g Helios
7025445356003|Eplemost 0,33l flaske Askim
7090008327950|Eplemost 0,75l Epleblomsten
7025449324008|Eplemost 3l Bib Askim
7090008327929|Eplemost 3l Bib Epleblomsten
7040518528033|Eplemost Aroma 0,75l Jacobs Utvalgte
7090025820014|Eplemost Aroma 0,75l Ringi
7040518528255|Eplemost Aroma 3l Bib Jacobs
7090006633251|Eplemost Aroma Liereple 0,75l Egge Gård
7090040240262|Eplemost Blaane Musserende Eplemost 750ml flaske Åkre
7090040241078|Eplemost Blaane Musserende m/Kirsebær 750ml Åkre
7090025820076|Eplemost Carol 0,75l Ringi
7090025820090|Eplemost Discovery 0,75l Ringi
7090008328179|Eplemost Eple&Bjørnebær 0.75l Epleblomsten
7090008328049|Eplemost Eple&Bringebær 0,75l Epleblomsten
7090008321118|Eplemost Eple&Bringebær 1,75l Epleblomsten
7040518528040|Eplemost Gravenstein 0,75l Jacobs
7090025820113|Eplemost Gravenstein 0,75l Ringi
7040518528187|Eplemost Gravenstein 3l Bib Jacobs
7090025820380|Eplemost Hylleblomst 0,75l Ringi
7090025820175|Eplemost James Grieve 0,75l Ringi
7025441017861|Eplemost Klar 0,7l Askim
7090006633244|Eplemost Liereple Bib 2l Egge Gård
7025440886000|Eplemost m/Fruktkjøtt 0,33l flaske Askim
7025441017878|Eplemost m/Fruktkjøtt 0,7l Askim
7025442044002|Eplemost m/Fruktkjøtt 3l Bib Askim
7090025820588|Eplemost Rubinstep 0,75l Ringi
7025441019742|Eplemost Sprudlende 0,33l Askim
7025441019735|Eplemost Sprudlende 0,7l Askim
7090025820199|Eplemost Summerred 0,75l Ringi
7090031980009|Eplemost Ufiltrert 0,75l Epleslang
7090025820212|Eplemost Vintereple 0,75l Ringi
7025449166004|Eplemost Årgang Aroma 0,75l Askim
7025449176003|Eplemost Årgang Eple&Aronia 0,75l Askim
7025441206005|Eplemost Årgang Gravenstein 0,75l Askim
7025441016475|Eplemost Årgang m/Ingefær 0,75l Askim
7025449946002|Eplemost Årgang Summerred 0,75l Askim
7090034245136|Eplemost Økologisk 0,75l flaske Dyre Gård
5903240405190|Epler 1kg First Price
2615760009002|Epler 6pk Pink Lady
2000413100005|Epler Fuji pr Kg
2000402100009|Epler golden delicious pr stk
2000413900001|Epler granny smith pr stk
7039281542681|Epler Rød 4pk Økologisk Vilje
2000401500008|Epler røde pr stk
2000419400000|Epler samboa pr stk
7090045370063|Equ Brød Skåret glutenfri Frys 650g
7035620024153|Erter 350g First Price
4770583217220|Erter Grønne Ekstra Fine 690g Kedainiu
7311041002339|Erter Husholdning 410g Eldorado
28571011034|Erter Petit Pois 425g Flor De California
7090018450013|Erter Russiske 100g Culinar
7311041002353|Erter Tørrede 410g Eldorado
7310500130453|Erter Våre Utvalgte 320g Findus
7311041002346|Erter&Gulrøtter 410g Eldorado
7045810000461|Erter,Kjøtt&Flesk 800g Trondhjems
7037610040044|Ertestuing Toro
7039010610698|Ertesuppe 146g Toro
7037610092944|Ertesuppe 28g Rett i Koppen
7029992220008|Ertesuppe 800g Inderøy Slakteri
3234750047658|Espelette Chili 40g Albert Ménès
3162900031731|Espelette Chili 62g Albert Ménès
8001685129958|Espresso 250g Gran Roberta
8001685112578|Espresso Hele Bønner 1kg Gran Roberta
7613036867436|Espresso Intenso 16kapsler Dolce Gusto
7040913337001|Espresso Italian Hele Bønner 500g Jacobs Utvalgte
2931134|Essens Bringebær 3,75ml Lorann
3162900031205|Estragon 10g Albert Ménès
7045010003057|Estragon 11g glass Hindu
7027620016009|Estragon 12cm Stor Potte
8710743200118|Estragonblader i Lake 330g Davys
7044610871202|Eventyrbrus 1,5l flaske
7040913336684|Evergood Classic Filtermalt 250g
7040913336752|Evergood Classic Filtermalt 500g
7040913336738|Evergood Classic Filtermalt 6x250g
7040913336776|Evergood Classic Hele Bønner 500g
7040913337216|Evergood Classic Kaffekapsel 10stk
7040913337445|Evergood Classic Kaffekapsel 16stk
7040913336691|Evergood Classic Kokmalt 250g
7040913336769|Evergood Classic Kokmalt 500g
7040913336707|Evergood Classic Pressmalt 250g
7040913336790|Evergood Dark Roast Filtermalt 250g
7040913336813|Evergood Dark Roast Hele Bønner 500g
7040913337223|Evergood Dark Roast Kaffekapsel 10stk Kaffe
7040913337452|Evergood Dark Roast Kaffekapsel 16stk
7040913336806|Evergood Dark Roast Pressmalt 250g
7040913337513|Evergood Espresso Hele Bønner 500g
7040913337520|Evergood Espresso Kaffekapsel 10stk
7040913336714|Evergood Koffeinfri Filtermalt 250g
7040913336721|Evergood Koffeinfri Kokmalt 250g
7040913336905|Excelso Colombia Filtermalt 200g Jacobs Utvalgte
7040913336981|Excelso Colombia Hele Bønner 500g Jacobs Utvalgte
7392555502058|Explosion 50g Ridderheims
50173679|Extra Eucalyptus 14g
4009900483742|Extra Eucalyptus 84g boks
4009900536721|Extra Refreshers Bubblemint 67g
4009900535892|Extra Refreshers Spearmint 67g
4009900581677|Extra Refreshers Strawberry&Lemon 16g 8stk
4009900582230|Extra Refreshers Watermelon Raspberry 16g
42154587|Extra Spearmint 14g
42212225|Extra Spearmint Pro White 14g
42155010|Extra Strawberry 14g
40099941|Extra Strong Mint 14g
42181811|Extra Superberries 14g
42070436|Extra Sweet Fruit 14g
42069775|Extra Sweetmint 14g
4009900379946|Extra Sweetmint 5pk 70g
42124276|Extra Watermelon 14g Wrigley
4009900484220|Extra White Sweetmint 84g boks
80481508|Exv Olivenolje Hvit Trøffel 250ml Monini
8005510001266|Exv Olivenolje Sitron 250ml Monini
8005510005592|Exv Olivenolje Spicy Pizza 250ml Monini
47997123855|Fajita Magic 142g Chef Paul
7311310031367|Fajita Spice Mix 28g St.Maria
7090042171502|Falafel 200g Grønne Folk
7072175103629|Falafel Carrot&Ginger 300g Wauw!
7331217013914|Falafel Fersk Orginal 200g Sevan
7331217013921|Falafel Fersk Sweet Potato& Chipot 200g Sevan
7072175103643|Falafel Mushroom&Garlic 260g Wauw!
7072175103612|Falafel Original 300g Wauw!
7037204644146|Falukorv Snabb 400g Gilde
7090040500403|Familiebrød Gl.Fri 500g Pure Food Norway
7330242760558|Familiekneipp Skåret glutenfri 500g Fria
7037204742323|Familieskinke skivet 150g Gilde
7090057870568|Fanaost Lagret 170g Ostegården
7090057870537|Fanaost Ung 200g Ostegården
99283|Fanta Crimson Cherry 0,33l boks Brett 20bx
5000112695427|Fanta Crimson Cherry 330ml boks
5000112636901|Fanta Exotic 0,5l flaske
5000112597363|Fanta Exotic 1,5l flaske
5000112670356|Fanta Exotic Zero Sugar 0,5l flaske
5000112664416|Fanta Lemon No Sugar 0,33lx4 boks
5000112649857|Fanta Lemon u/Sukker 0,33l boks
5000112649727|Fanta Lemon u/Sukker 0,5l flaske
5000112669220|Fanta Orange 0,5l flaske
5000112669121|Fanta Orange 1,5l flaske
5000112669169|Fanta Orange Zero Sugar 0,33l boks
2000126800001|Fanta Orange Zero Sugar 0,33l boks Brett
5000112669480|Fanta Orange Zero Sugar 0,33lx4bx
5000112669244|Fanta Orange Zero Sugar 0,5l flaske
5000112669268|Fanta Orange Zero Sugar 1,5l flaske
5000112597370|Fanta Sitron 1,5l flaske
7070099700191|Fargepennsett Mini 8stk Cacas
5701259000661|Farin Brun 500g Dansukker
5010115970209|Farin Ekstra Fin 1kg Tate Lyle
5010115924721|Farin Lys Brun Fairtrade 500g Tate Lyle
5010115924752|Farin Mørk Brun Fairtrade 500g Tate Lyle
7040913336820|Farmers Coffee Filtermalt 250g
7040913336837|Farmers Coffee Hele Bønner Fairtrade 500g
7044610877624|Farris Bris Bringebær Limonade 0,33l boks
31146|Farris Bris Bringebær Limonade 0,33l boks Brett
7044610877815|Farris Bris Bringebær&Limonade 0,5l flaske
7044610874739|Farris Bris Mango&Papaya 0,5l flaske
7044610874807|Farris Bris Mango/Papaya 1,5l flaske
7044610874814|Farris Bris Naturell 1,5l flaske
7044610874753|Farris Bris Sitron/Sitrongress 0,5l flaske
7044610874821|Farris Bris Sitron/Sitrongress 1,5l flaske
7044610877129|Farris Frus Bringebær 0,33l boks
7044615877629|Farris Frus Bringebær 0,33lx6 boks
7044610876313|Farris Frus Bringebær 0,5l flaske
7044610876658|Farris Frus Bringebær 1,5l flaske
7044613877126|Farris Frus Eple&Kiwi 0,33l boks
7044614877125|Farris Frus Eple&Kiwi 0,33lx6 boks
7044610876665|Farris Frus Eple&Kiwi 0,5l flaske
7044610876672|Farris Frus Eple&Kiwi 1,5l flaske
7044611877456|Farris Frus Mandarin Mango 0,33lx6 boks
7044610877457|Farris Frus Mandarin&Mango 0,33l boks
7044610877464|Farris Frus Mandarin&Mango 0,5l flaske
7044610874760|Farris Lime 0,5l flaske
7044610874838|Farris Lime 1,5l flaske
7044610874777|Farris Naturell 0,5l flaske
7044610874852|Farris Naturell 1,5l flaske
7037203643850|Favorittsalami skivet 150g Gilde
7090058830240|Favourite Treats 8pk 260g Oslo Raw
7030019544892|Faxe Kondi Appelsin 0,5l flaske
7030019542195|Faxe Kondi Original 0,5l flaske
7030019544861|Faxe Kondi Pink Lemonade 0,5l flaske
5060519144102|Feel New Urtete Økologisk 20pos Pukka
7090018971983|Feferoni Mild 720ml Jasmin
7023026089432|Feldsalat Mix 65g Grønn&Frisk
7058040678607|Fenabog 180g Grilstad
7020154403604|Fenalår 100g Stranda
7048670620299|Fenalår 100g Vossakjøt
2388940200000|Fenalår Av Kje Ca1,2kg Heidrun
2301061700006|Fenalår Av Lam m/Ben hel Ca1,7kg Gilde
2365667700006|Fenalår Hardangerlam Ca2kg Folkets
2379200600005|Fenalår Honningglasert Ca1,7kg
7037204192920|Fenalår skivet 100g Birkebeiner
7058040665508|Fenalår skivet 250g Stranda
2365678800009|Fenalår Urøkt Ca2,1kg Jacobs Utvalgte
2381468900001|Fenalår Urøkt Ca2kg Vossakjøt
2379208200009|Fenalår Villsau Honningmarinert Ca1,2kg
3234750030056|Fennikel 40g Albert Ménès
7040518002779|Fennikel Filmet stykk
7045010003774|Fennikel hel 26g glass Hindu
7029993310005|Fennikelsalami 250g Inderøy Slakteri
5029396738736|Fentimans Cherry Cola 0% 27,5 Cl flaske
5029396000895|Fentimans Connoisseurs Tonic 0% 50cl flaske
5029396322782|Fentimans Curiosity Cola 0% 27,5cl flaske
5029396738811|Fentimans Ginger Beer 0% 75cl flaske
5029396001182|Fentimans Pink Rhubarb Tonic 0% 50cl flaske
5029396000116|Fentimans Premium Indian Tonic 0% 50cl flaske
5029396738576|Fentimans Rose Lemonade 0% 27,5cl flaske
8000500447895|Ferrero Rocher Tablet Dark 90g
8000500359884|Ferrero Rocher Tablet Hvit Sjokolade 90g
8000500359488|Ferrero Rocher Tablet Melkesjokolade 90g
2000189300005|Ferske reker pr kg
7090049650420|Fersken & Jasmin Is 0,5l Gioia
7311040062303|Fersken 410g Eldorado
7040511101646|Fersken 500g Paraguayos
7311040062600|Fersken 820g Eldorado
24000150817|Fersken Halve Diet 400g Del Monte
24000124948|Fersken i Juice 415g Del Monte
7040511104050|Fersken Runde 4pk Cevita
7090046314813|Fersken Sjokolade 100g Fruit Dips
7090046311706|Fersken Tørket 200g Sunshine Delights
3425471303141|Ferskensyltetøy m/Aprikos&Honning 110g
8437003773051|Ferskvannskreps i Dillake 28/35 1kg
7070841007059|Festsaft Frukt 0.75l Lerum
7070841007066|Festsaft Jordbær 0,75l Lerum
5201704054763|Feta Gresk Laktosefri 150g Kolios
5201704054176|Fetaost Gresk 200g Kolios
7035620059087|Fetaost Gresk Pdo 150g Jacobs Utvalgte
7035620062490|Fetaost Økologisk Pdo 150g Vilje
7330242240043|Fiberbrød glutenfri 500g Fria
7090022850663|Fiberbrød glutenfri 600g Brisk
8008698040782|Fiberbrød Intergrale Gl.Fri 330g Schär
7090056640100|Fiberbrød Mix Gl.Fri 400g Pappa uten Gluten
7090017542948|Fiberbrød Mix glutenfri 250g Sukrin
7020655682010|Fiberbrød Mix m/Solsikke Gl.Fri 389g Møllerens
7320880010016|Fiberhusk Stor 300g Lindroos
5022374054279|Fiken Mørk Sjokolade 140g Forest Feast
3492390003698|Fiken Syltetøy 284g St.Dalfour
7090010730168|Fikenmarmelade 100g Gangstad
8001505006827|Fikenmarmelade Økologisk 260g Rigoni Di Asiago
3425471303011|Fikensyltetøy 110g Charles Antona
3425472302280|Fikensyltetøy m/Biter 250g Charles Antona
3425471303059|Fikensyltetøy m/Valnøtt 110g Charles Antona
7029123164508|Fikner Økologisk 150g Helios
7090007395035|Filet Bacon 100g Aron Mat
7039610008086|Filetmiks Kylling Bbq 700g Kyllinggården
4006581017709|Filterkaffe 250g Movenpick
7391523027975|Filurer Bringebærdrops M Lakrispulver
7070848073354|Fin Bakst Mel glutenfri Økologisk 500g Dgv
8008698049280|Fin Mix Mel glutenfri 500g Schär
7090017543181|Finesse Bakesukker 300g Sukrin
8000350005795|Fingerkjeks glutenfri 125g Vicenzi
8028257004130|Fiocco&Salami Milano 85g Negroni
3388600000260|Fire Frukter 284g St.Dalfour
7035620056086|Fire Pepper 35g Jacobs Utvalgte
70177084738|Fire Røde Frukter 25pos Twinings
5010338404475|Fish Sauce 150ml Blue Dragon
7311310035280|Fish Sauce 200ml St.Maria
8850643015426|Fish Sauce 200ml Thai Delight
5000357110389|Fishermans Friend Cola 25g
50818907|Fishermans Friend Mint 25g
50818914|Fishermans Friend Original Blue 25g
50818938|Fishermans Friend Original White 25g
96130797|Fishermans Friend Raspberry 25g
50357116|Fishermans Friend Salmiak 25g
96148037|Fishermans Friend Salmiak&Raspberry 25g
7035119999160|Fisk Ovnsbakt Italiensk 380g Findus
4003011400148|Fiske-Fond 200g Englert
2000540800007|Fiskeavskjær pr Kg
7033330087352|Fiskeboller i Hvit Saus 500g Fjordland
7039010073103|Fiskeboller i Kraft 800g Bjellands
7311041029985|Fiskeboller i Kraft 800g First Price
7029013010175|Fiskeboller i Kraft 800g Vesterålens
7035620061424|Fiskeburger 80% M Chorizo 280g Fiskemannen
7035620050541|Fiskeburger 80% Torsk&Hyse 480g Fiskemannen
7023539706550|Fiskeburger Cheesy Bacon 4x110g Lofoten
7023539705003|Fiskeburger Chili Cheese, 440g Lofoten
7023539702453|Fiskeburger Helsprø 360g Lofoten
7023539706604|Fiskeburger m/Ost 2x110g Sommervibber
7035620070235|Fiskeburger Pepper&Ost 440g Fiskemannen
7322550052685|Fiskefond 180ml Touch Of Taste
4007680475346|Fiskefond 500ml Jurgen Langbein
7023539705010|Fiskegrateng glutenfri 300g Frys Lofoten
7035620052354|Fiskekake Hjerter 960g Fiskemannen
7035620038839|Fiskekaker 700g First Price
7035620049101|Fiskekaker 80% 500g Fiskemannen
7023530141015|Fiskekaker Hjemmelagde 450g Lofoten
2000513400005|Fiskekaker Husets pr Kg
2000926700006|Fiskekaker m/Steinbit & Hvitløk pr stykk
7035620035906|Fiskekraft 250ml Jacobs Utvalgte
7035620053771|Fiskekrydder 60g Jacobs Utvalgte
7045010003095|Fiskekrydder 80g glass Hindu
7310500177861|Fiskepinner glutenfri 360g Findus
7035620051739|Fiskepudding Formstekt 800g Fiskemannen
7035620052392|Fiskepudding Pølse 650g First Price
7035620052880|Fiskepudding Pølse u/Melk 400g Fiskemannen
7027460021133|Fiskepudding Snabb 400g Volda
7090052880159|Fiskesaus 250ml Jadarr
7037610237369|Fiskesaus Parisienne 21g Toro
7055330034631|Fiskesuppe 1l Fersk&Ferdig
7033330087994|Fiskesuppe 350g Fjordland
7310500175218|Fiskesuppe God Gammeldags 500g Findus
2000988700006|Fiskewok m/fersk fisk pr. kg.
7311310026691|Five Peppers m/Kvern 60g St.Maria
5710175133025|Five Spice 50g Mill&Mortar
7350000152821|Fizzy Bottles u/Sukker 50g Pandy
7035451100019|Fjellblå Mjuk Økologisk 250g Eggen
7073185001493|Fjellbreeze Solbær boks 0,33l Røros Bryggeri
7073185000328|Fjellbreeze Summer Edition 0,33l Røros
2386200100008|Fjelldronning Ca230g Avdem
7026450052393|Fjellhonning Flytende 350g Honningsentralen
7090030770014|Fjellost Vellagret 175g Myrdal
7020350010705|Fjellsild 580g Norrøna
7035620022654|Flaksalt 170g Eldorado
5024278003049|Flapjack Caramel Fudge Wholebake 80g
5024278003056|Flapjack Cashew&Kokos glutenfri
5024278003100|Flapjack m/Pecan 80g glutenfri
5024278003117|Flapjack m/Pistasj 80g glutenfri
5024278003063|Flapjack m/Sjokolade 80g glutenfri
5024278003032|Flapjack Summerberry glutenfri 80g
2000780500002|Flatbiff Av Kalv Hel/Bit pr Kg
2000730100009|Flatbiff Av Storfe i skiver pr Kg
7056831970565|Flatbrød glutenfri 280g Odin
8008698007389|Flerkornbrød skivet Gl.Fri 300g Schar
2371574700008|Flesk Lettsaltet skivet Ca400g Brødr.Ringstad
7037206101722|Fleskepølse Bit 150g Gilde
2000744200009|Flintstek Av Svin Marinert pr Kg
2000744000005|Flintstek Av Svin pr Kg
2301335100006|Flintstek Marinert Ca1kg Gilde
7350000159288|Fluffy Clouds u/Sukker 50g Pandy
7350087737997|Flux Fluortablett Jordbær 100stk
7090049282294|Flyt Hylleblomst 0,33l boks Villbrygg
5711953177385|Fløjl Ost 170g Castello
7090006470252|Fløte Økologisk 3dl Røros
6430064406885|Fløteis Dumle 425ml Diplom-Is
7035450041207|Fløteis m/Krokan 0,5l Galåvolden
7035450041214|Fløteis m/Multer 0,5l Galåvolden
7035450041221|Fløteis m/Tyttebær 0,5l Galåvolden
7035620068744|Fløteispinne m/Sjokotrekk 12stk First Price
7034280008503|Fløtemys skivet 150g Synnøve
7038010028427|Fløtemysost 1kg Tine
7034280003034|Fløtemysost 480g Synnøve
7038010028434|Fløtemysost 500g Tine
7034280003027|Fløtemysost 780g Synnøve
7038010029363|Fløtemysost H20 Lettere 500g Tine
7038010029103|Fløtemysost Innherred 500g Tine
7038010029288|Fløtemysost Lettere skivet 130g Tine
7038010029646|Fløtemysost skivet 130g Tine
7023026406260|Fløtepotet Hvitløk 1,2kg Grønn&Frisk
7023026406253|Fløtepotet m/Hvitløk 500g Grønn&Frisk
7055330014909|Fløtepoteter 300g Meny
7055330017917|Fløtepoteter 800g Meny
2375332900006|Fløtepoteter Ca3kg Matbørsen
2000760300004|Fløtepoteter Kald pr Kg
7035620044731|Fløtepudding Pølse 400g Fiskemannen
7035620053023|Fløtepudding Rund 400g Fiskemannen
7090058690028|Fløyte 40% 3dl Jerseymeieriet
8008698004678|Focaccia glutenfri 200g Schar
7090014610947|Focaccia glutenfri Frys 295g Tangent
8712566121496|Fond Du Chef Grønnsak 4x28g Knorr
8712566121397|Fond Du Chef Kjøtt 4x28g Knorr
8712566121458|Fond Du Chef Kylling 4x28g Knorr
7070099751094|Fondant Babyrosa 250g Cacas
7070099751124|Fondant Blå 250g Cacas
7070099751353|Fondant Gul 250g Cacas
7070099751155|Fondant Hvit 250g Cacas
7070099751162|Fondant Sort 250g Cacas
5709521036387|Fondantlokk 300g Odense
7610900233519|Fondue 400g Emmi
5063270109557|Forest Fruit Tea 20pos Lipton
2000122300000|Forest Røkt
7039010086752|Formfett u/Drivgass 175ml Gimsøy
2000126900008|Fourme D'Ambert .
5700417000703|Fox Karamell Sitron 2bit 14,5g Malaco
7039010067218|Fransk Dressing 265g Idun
7027110114833|Fransk Dressing Tunfisk 85g King Oscar
7055330033887|Fransk Kjøttgryte 450g
7023511022029|Fransk Miks Syltetøy 250g Lisa
7040913336622|Franskbrent Hele Bønner 340g Cotw
7041013200110|Freia Melkesjokolade Sjokoladeis 6stk Hennig-Olsen
7041011010117|Freia Melkesjokolade Sjokoladeis 90ml Hennig-Olsen
7039317004930|French Fries Salt 90g Kims
7315200591061|French Hot Dog Dressing 250ml Caj P
5706990021432|Fribol Hoste/Hals Drops Sitron Sukkerfri 40g
5706990021401|Fribol Hoste/Hals Drops Sterke Sukkerfri 40g
7050122115468|Fried Chicken 120g Maarud
7035620040177|Fried Rice Ferdigrett 400g Eldorado
7037150723018|Friele Cafe Noir Filtermalt 250g
7037150123016|Friele Frokost Filtermalt 250g
7037150153013|Friele Frokost Filtermalt 500g
7037150150012|Friele Frokost hel 500g
7037150323010|Friele Frokost Koffeinfri Filtermalt 250g
7037150121012|Friele Frokost Kokmalt 250g
7037150127007|Friele Frokost Mørk Filtermalt 250g
7037150222009|Friele Frokost Presskanne 250g
7037159627003|Friele Instant Gull 200g glass
8711000548622|Friele Instant Gull 200g Refill
7090035961547|Frisider Eple 0,75l flaske Gardsbrenneriet
7090035961622|Frisider Eple og Br.Bær 0,75l flaske Gardsbrenneriet
7090035961646|Frisider Granskudd Hyllebl. 0,75l flaske Gardsbrenneriet
87345209|Frisk 2 Hours Peppermint 35g
86945592|Frisk 2hours Berry Mint 35g
87366457|Frisk Clean Breath Euca 35g
87366426|Frisk Euca Menthol 6,3g
7041018009602|Friskis Appelsin&Jordbær 12stk
7041011050007|Friskis Jordbær&App.90ml Hennig-Olsen
7041013114110|Friskis Sorbet 6stk Hennig-Olsen Is
7090011155953|Frokostbrød Grov glutenfri 260g Elda Bakeri
7090011155618|Frokostbrød Lyst glutenfri 175g Elda Bakeri
7039610000318|Frokostegg Frittgående L 12stk Prior
7035620049378|Frokostjuice 1,5l Eldorado
7036110211534|Frokostsalat 185g Mills
7350153720540|Froosh Energidrikk Bringebær 330ml boks
7350153720557|Froosh Energidrikk Eple&Pære 330ml boks
7350153720533|Froosh Energidrikk Fersken&Pasjonsfrukt 330ml boks
7350020720789|Froosh Shorty Jordbær&Guava 150ml
7350020720758|Froosh Shorty Mango&Appelsin 150ml
7350153720151|Froosh Smoothie Active 235ml
7350153720359|Froosh Smoothie Ananas&Fersken&Pasjon 150ml
7350020729225|Froosh Smoothie Eple,Pære,Vanilje 150ml
7350020729706|Froosh Smoothie Focus 235ml
7350020729713|Froosh Smoothie Immunity 235ml
7350153720007|Froosh Smoothie Jordbær&Solbær&Eple 750ml
7350153720045|Froosh Smoothie Mango&Pasjonsfrukt 750ml
7090042210195|Frosne Fristelser 160g Bringebærlandet
2000520000007|Frosne reker 60/80 pr. kg.
7073298000611|Frostachips Carolina Reaper 40g Chili Klaus
7073298000116|Frostachips Chili Cheese 150g
7073298000222|Frostachips Dill Pickle 150g
7073298000277|Frostachips Dirty Chips 150g
7073298000086|Frostachips Grilla Paprika 150g
7073298000604|Frostachips Habanero Bbq 100g Chili Klaus
7073298000024|Frostachips Havsnø Flaksalt 150g
7073298000598|Frostachips Jalapeno Sourcream 100g Chili Klaus
7040512834109|Frukt-Miks 400g Husk!
7311040068114|Fruktcocktail i Lake 825g boks Eldorado
5705010083412|Fruktdrikk Pasjonsfrukt 1l Naturig
5701090078386|Fruktilurer Frukt & Bær 80g Haribo
31343|Fruktkurv Banan ca 5,2kg Meny pr stykk
31341|Fruktkurv ca 4kg Meny pr stykk
31342|Fruktkurv ca 6kg Meny pr stykk
8445291061040|Fruktmos&Sviske 4mnd 125g Nestle
7310100703347|Fruktmums Fersken 110g Semper
7310100708885|Fruktmums Jordbær 110g Semper
7310100703187|Fruktmums Pære 110g Semper
3052910056353|Fruktsirup Curacuo Blå 0,7l Monin
7090028961257|Fruktsmekk Eple 0,33l boks Safteriet
7090028961011|Fruktsmekk Hylleblomst&Sitron 0,33l boks
7090028961042|Fruktsmekk Kirsebær 0,33l boks Safteriet
7090028961240|Fruktsmekk Rabarbara&Hylleblomst 0,33l boks
5707653001747|Fruktstang Jordbær 100g Castus
7037610035033|Fruktsuppe Toro
7090042210126|Frysetørkete Bringeb 35g Bringebærlandet
7035620060731|Frømiks Økologisk 300g Vilje
5060038393043|Fudge Caramel Salt 150g Ultimate English
7072130105118|Fudgesaus Salt Karamell 300g Idun
8410783013210|Fuet Salami Catalan 170g Noel
8410783356775|Fuet Salami skivet 70g Noel
7035620008108|Fullkornris Boil In Bag 1kg Eldorado
5410673006004|Fullkornris Boil In Bag 500g Ben's Original
7391835918268|Fullkornsris Kort Økol 500g Kung Markatta
7029121011835|Fullkornsris Økologisk 500g Helios
7039010552462|Fun Light Appelsin 0,8l
7039010552479|Fun Light Bringebær 0,8l
7039010552516|Fun Light Fruktfest 0,8l
7039010610094|Fun Light Husholdningssaft 0,8l
7039010552523|Fun Light Ice Tea Peach 0,8l
7039010570718|Fun Light Jordbær 0,8l
7039010552585|Fun Light Lemonade 0,8l
7039010599122|Fun Light Pære 0,8l
7039010552486|Fun Light Skogsbær 0,8l
7039010613217|Fun Light Slush Cola 0,8l
7039010613224|Fun Light Slush Tropisk Ananas 0,8l
7039010591201|Fun Light Solbær 0,8l
5941634004710|Fusilli Av Linser Gl.Fri 250g Sam Mills
8052747931743|Fusilli Gl.Fri 400g Massimozero
5948935000274|Fusilli Gl.Fri 500g Sam Mills
8076809545464|Fusilli glutenfri 400g Barilla
8004690470046|Fusilli glutenfri 400g La Molisana
90370953|Fuzetea Peach&Hibiscus 0,4l flaske
7020099000869|Fårefilet Urter&Hvitløk Ca450g Folkets
7039010573078|Fårepølse 140g Vossafår
7020110030004|Fårepølse 91g Vossafår
7037204198922|Fårepølse skivet 150g Gilde
2365679300003|Fårikålkjøtt Av Sau Ca1kg First Price
2365658600001|Fårikålkjøtt Lam Ca1kg Folkets
2000108000009|Fønix Stavanger Ysteri
7051862488997|Gaffelbit God Gammeldags 190g Sildakongen
7040913336509|Gaitania Colombia Hele Bønner Økol 340g Cotw
8007885404222|Galvanina Limonata Biological 0,33l boks
8007885404246|Galvanina Organic Pomegranate 0,33l boks
8007885404239|Galvanina Organic White Tea 0,33l boks
7038010021954|Gamalost Frå Vik 150g Tine
2000131900000|Gamalost Tine, Vik i Sogn
2000110200008|Gamle Ole Lagret 5 Mnd, Arla Foods
7045010003835|Garam Masala 26g glass Hindu
7311311015939|Garam Masala 33g Santa-Maria
5710175131106|Garam Masala 50g Mill&Mortar
7311310026776|Garlic & Pepper Roasted m/Kvern 80g St.Maria
7031451235683|Gastromat Krydder 90g boks
70118223|Gatorade Cool Blue 0,5l flaske
70118247|Gatorade Fruit Punsh 0,5l flaske
8424523040084|Gazpacho Andaluz Grønnsakssuppe 750ml Hida
8423674100357|Gazpacho Suppe 500ml Anko
7090009900183|Geiteberget Ost 240g Himmelspannet
7038010054570|Geitmelk 0,3l Tine
7038010028083|Geitost Ekte Fg33 500g Tine
7038010028106|Geitost Ekte Rund 750g Tine
7038010028380|Geitost Ekte Stølstype 500g Tine
7090030770144|Geitost Kvit m/Trøffel 175g Myrdal
7090030770335|Geitost Kvit Vellagret 175g Myrdal
4008726115103|Gelatinplater Hvit Gelita
7039010528702|Gelatinpulver 25g Gimsøy
5701073066027|Gelatinpulver 65g Dr. Oetker
8006922025666|Gelato Cherry Affogato 1l G7
8006040141170|Gelato Hasselnøtt&Sjoko 400ml Valsoia
7090040840813|Gelato Pistasjkrønsj 0,5l Sjokoladefryd
8006040541000|Gelato Ris-Is Vanilje Melkefri 1l Valsoia
7090040840820|Gelato Sjokoladefryd 0,5l
8006040008312|Gelato Soya-Is Pinneis m/Sjoko Melkefri 3stk
7090040840837|Gelato Vaniljefløyel 0,5l Sjokoladefryd
7040110257805|Gele Appelsin 125g Freia
7622300047276|Gele Blåbær 125g Freia
7040110257904|Gele Bringebær 125g Freia
7035620058769|Gele Bringebærsmak u/Sukker 14g Eldorado
7035620062292|Gele Eksotisk Smak u/Sukker 14g Eldorado
7040110258000|Gele Jordbær 125g Freia
7035620059872|Gele Jordbærsmak u/Sukker 14g Eldorado
7622300050009|Gele Kiwi 125g Freia
7040110258109|Gele Sitron 125g Freia
7035620060427|Gele Sitronsmak u/Sukker 14g Eldorado
5701073023730|Gelehjerter 100g Dr.Oetker
8006150100159|Geléfrukter 300g Fida Le Squisite
5701073023778|Gelétopper 100g Dr.Oetker
5702074706004|Gerimax Extreme Energi 30stk
5701239030855|Ghost Chili Glaze 50g Meny
6009686798502|Ghost Chilli Sauce 200ml Cape Herb & Spice
2000948400007|Ghostburger Av Norsk Angus Ca130g pr stykk
7311312009708|Giant Tortilla Chips Nacho Cheese 160g
7040512834055|Gigant-Mais Ristede&Saltet 400g
7090044041605|Ginger Beer 0,33l boks Klokk&Co
5029396738613|Ginger Beer 0,5l flaske Hollows&Fentimans
9311493000196|Ginger Beer 375ml flaske Bundaberg
9311493002343|Ginger Beer Diet 375ml flaske Bundaberg
5060108450386|Ginger Beer Mixer 0,5l flaske Fever-Tree
7090044041865|Ginger Lemon 0,33l boks Klokk&Co
7090046319092|Ginger Mango 100g Sunshine Delights
7051866555008|Gjestgiversild 580g Sildakongen
70117608|Gjær Fersk 50g Mors Hjemmebakte Idun
70117615|Gjær Fersk Søte Deiger 50g Idun Mh
8710605092035|Glassnudler 100g Go-Tan
7090000401177|Glattost 500g Heidal
7023539706574|Glaze Ingefær&Teriyaki 70g Salma
5701239529090|Glaze m/Persille&Løk 50g Solina
5701239285576|Glaze Persille&Ramsløk 50g Meny
7090049280122|Glimt Jordbær 0,33l boks Villbrygg
5701073064580|Glukose Flytende 140g Dr.Oetker
8004690087633|Gnocchi glutenfri 2x250g La Molisana
8009915008707|Gnocchi glutenfri 500g Le Veneziane
7034280007285|Go'Vegan Revet Cheddar&Mozzarella 200g
7310865074768|God Morgen Juice Appelsin/M Fruktkjøtt 1,75l
7310865081650|God Morgen Juice Eple 1,75l
7313619001683|God Morgon Juice Smooth Appelsin 1,75l
2390334100001|Godbiten Ca150g Snertingdal Ysteri
7310350504527|Godt&Blandet Juicy Giants 170g
7310350130719|Godt&Blandet Supersur 170g Malaco
5996379193748|Goldbears 80g Haribo
7071992004720|Golden Coconut Curry 285g Masalamagic
7041111122130|Gomp Fruktpastill 25g Brynild
2000133600007|Gorgonzola Dolce .
2000134300005|Gorgonzola Piccante, Defendi
3155251210283|Gourmet Butter Sea Salt 250g Président
7090000510350|Gourmet Majones 175g Ek
3083681127621|Gourmetmais Crispy 3pk 450g Bonduelle
7035620032653|Gourmetsild Fennikel/Dill 320g Jacobs
7035620031199|Gourmetsild Rødvin/Rosepepper 320g Jacobs
7034280008725|Go’Vegan skivet Smak Av Brunost 150g
7035620026133|Grana Padano 200g Eldorado
7035620062827|Grana Padano Revet 80g Eldorado
2000444500003|Granateple stykk
7035620008597|Granateplejuice 1l Eldorado
7039281455479|Granateplekjerner 100g
7392104019938|Granateplekjerner 1kg
7035620066078|Granateplekjerner 250g Eldorado
8445290446244|Grande 16kapsler Dolce Gusto
8445290448668|Grande Intenso 16kapsler Dolce Gusto
7071319032085|Granola Bringebær Gl.Fri 350g Synnøve
4015537002812|Granola Havre Gl.Fri 350g Hammermühle
8000113010349|Granola m/Sjokolade Gl.Fri 240g Vitabella
7071319033884|Granola Pekan Gl.Fri 325g Synnøve Finden
2385623200005|Granstubben Ca380g Gangstad
9004131561301|Grape Dark Chocolate 130g Schofrulade
2000428100007|Grapefrukt stykk
7040518510274|Grapefruktjuice 1l Cevita
7036110005058|Gratinerte Poteter m/Ost 113g Mills
7350042721818|Gravlakssaus 200ml Eriks
7393835067403|Gravlakssaus 240g Winborg
7036340060094|Greek Dressing Yoghurt 300ml Caj P
7039410000037|Green Ceylon Te Økologisk 24pos Confecta
7311312005267|Green Curry Paste 110g St.Maria
615357118966|Green Tea m/Jasmin 20pos Taylors
70177237387|Green Tea Matcha 25pos Twinings
7040913336844|Green World Kaffe Økologisk Filtermalt 250g
7040913336851|Green World Kaffe Økologisk Hele Bønner 500g
5702008149877|Greenskjell Kokt 1kg Øfas
5701125256611|Grenadine 0,5l Shake It
3052910056254|Grenadine Rød 0,7l Monin
2000787300001|Gresk Fetaost Kolios
2000975100000|Gresk Potetsalat pr Kg
5900919004326|Gresk Salat 900ml Rolnik
2000896500002|Gresk Salat ca 310g pr stykk
2000909300001|Gresk Salat pr Kg
613668024631|Gresskar 100% 425g Mississippi Belle
5900919001318|Gresskar Kuber Syltet 314ml Rolnik
7035620060298|Gresskarkjerner Økologisk 300g Vilje
7045010001084|Gressløk 1,5g Pos Hindu
7045010003064|Gressløk 3,8g glass Hindu
7311311014390|Gressløk 5g Santa-Maria
7031540000338|Gressløk 6,5cm Potte Gartner
7045010002227|Gressløk 6g boks Hindu
7030019541983|Grevens Cider Fersken&Kiwi 0,5l boks
7030019541990|Grevens Cider Fersken&Kiwi 0,5lx4 boks
7030019532332|Grevens Cider Fruktsmak u/Sukker 0,5l boks
7030019532349|Grevens Cider Fruktsmak u/Sukker 0,5lx6 boks
7030019532455|Grevens Cider Pære u/Sukker 0,5l boks
7030019532462|Grevens Cider Pære u/Sukker 0,5lx6 boks
7030019517568|Grevens Cider Skogsbær u/Sukker 0,5l boks
7030019517599|Grevens Cider Skogsbær u/Sukker 0,5lx6 boks
7030019540702|Grevens Hard Seltzer Peach Rasp 0,5l boks
7030019540719|Grevens Hard Seltzer Peach Rasp 0,5lx6bx
7392050123819|Griljeringsmel glutenfri 200g Oldas
7036110212821|Grill Potet Original 500g Mills
2000745000004|Grillbein Av Svin pr Kg
7037203645076|Grillbiff Av Svin 250g Gilde
7050122115505|Grilled Ribs Tasty Bbq 110g Maarud
7034280110701|Grillet Paprika Pizzatopping 125g Peppes Loaded
7034170006107|Grillet Svinekam 80g Bjerke
7025050051850|Grillfilet Gresk 500g Finsbråten
7025050051904|Grillfilet Hvitløksmarinert 400g Finsbråten
7045010002036|Grillkrydder 160g boks Hindu
7045010003071|Grillkrydder 70g glass Hindu
7311311014017|Grillkrydder 89g St.Maria
7035620056338|Grillkrydder Dry Rub 50g Jacobs Utvalgte
7045010003507|Grillkrydder Texmex Bbq 55g glass Hindu
7029123164744|Grillkrydder Økologisk Helios
7311310028121|Grillolje Hvitløk 260g St.Maria
7055330021105|Grillpotetsalat Paprika 500g Meny
7035620095801|Grillpølse 1kg First Price
7037204653834|Grillpølse 2x600g Gilde
7037204653827|Grillpølse 600g Gilde
7037204651632|Grillpølse 600g Go&Mager
7025050017856|Grillpølser 240g Go'Vegan
7045386073401|Grillpølser 300g Leiv Vidar Sommervibber
7037203643676|Grillpølser Grov 300g Gilde
7039610025205|Grillpølser Kylling/Kalkun 600g Prior
2000556800008|Grillribbe Av Svin Jæren Smak pr Kg
7025050058279|Grillribbe Gresk 500g Finsbråten
2000914500007|Grillspyd Av Svin Black Garlic Marinert pr stykk
2000914700001|Grillspyd Av Svin Urtemarinert Jæren Smak pr stykk
7035620052545|Grillspyd m/Grillkrydder 180g Folkets
7035620054730|Grillspyd m/Urter&Hvitløk 180g Folkets
7090011155861|Grovbrød glutenfri 500g Elda Bakeri
7090031240097|Grovbrød glutenfri 500g Klæbu
7090056640094|Grovbrød Mix Gl.Fri 500g Pappa uten Gluten
7020655682041|Grovbrød Mix m/Havre Gl.Fri 424g Møllerens
7330242240029|Grovbrød Skåret glutenfri 500g Fria
7071319032023|Grovkrisp glutenfri 150g Synnøvefinden
2000122100006|Gruyere Aop Lagret 6+ Mnd
2000138900003|Gruyere Grotte Lagret 12+ Mnd
2000167400000|Gruyere Reserve Lagret 12+ Mnd
2000128900006|Gruyere Surchoix Verdensmester 2022,Lagret 12 Mnd
7038010063572|Gryr til Matlaging Kokos/Raps 3dl Tine
7038010017865|Gräddost 380g Tine
2302729100008|Gräddost Ca830g Tine
7038010018428|Gräddost skivet 100g Tine
5063270101766|Grønn Mint Te 20pos Lipton
8410159017156|Grønn Oliven m/Paprika 935g Figaro
7039410040040|Grønn Rooibos Økologisk 20pos Confecta
70177173357|Grønn Te Chai 25pos Twinings
70177173296|Grønn Te Earl Grey 25pos Twinings
70177175221|Grønn Te Ingefær 25pos Twinings
5063270101421|Grønn Te Mandarin&Appelsin 20pos Lipton
70177173302|Grønn Te Sitron 25pos Twinings
7023026094740|Grønnkål 150g Grønn&Frisk
7039281532132|Grønnkål 200g
7023026094757|Grønnkål Mix 300g Grønn&Frisk
4003011401145|Grønnsak-Fond 200g Englert
7035110400719|Grønnsaker Ovnsbakt Basil&Timian 500g Findus
7035110400788|Grønnsaker Ovnsbakt Soya&Lime 500g Findus
7035110400702|Grønnsaker Ovnsbakte Sitron,Hvitløk 500g
5705001405643|Grønnsaks Drikk Naturig 1l Rynkeby
8714100783498|Grønnsaksbuljong 10stk Knorr
7039010550918|Grønnsaksbuljong 80g Toro
7044711300915|Grønnsaksburger Liv Laga 500g Hoff
7312170095636|Grønnsaksgryte m/Kylling 8mnd 190g Semper
7029121006916|Grønnsaksjuice Økologisk 0,75l Helios
7035620033629|Grønnsakskraft 500ml Jacobs Utvalgte
7036110011172|Grønnsakspålegg Avokado 165g Plantego'
5907632500166|Grønnsakssalat Syltet Obiadowa 860g Klimex
7039010610629|Grønnsakssuppe 55g Toro
7090052030066|Grøt Blåbær&Pære 100g Grogro
7090052030004|Grøt Bringebær&Kanel 100g Grogro
7090052030417|Grøt Fersken&Aprikos 100g Grogro
7039010612340|Grøtris 800g Geisha
7039010612371|Grøtris 800g Ming
7023026099523|Guacamole 150g Grønn&Frisk
7331217015529|Guacamole 150g Sevan
7042961016051|Guacamole 200g Calito
7311311003080|Guacamole Dip Mix 15g Santa Maria
7023026099547|Guacamole Hot 150g Grønn&Frisk
7035620069536|Guanciale 150g Jacobs Utvalgte
7040913336929|Guatemala Filtermalt 200g Jacobs Utvalgte
7040913336998|Guatemala Kaffe Hele Bønner 500g Jacobs Utvalgte
9311493002527|Guava 375ml flaske Bundaberg
7034280003010|Gudbrand Brunost 480g Synnøve
7034280002853|Gudbrand Brunost 780g Synnøve
7034280008404|Gudbrand skivet 150g Synnøve
7038010028441|Gudbrandsdalsost G35 1kg Tine
7038010028397|Gudbrandsdalsost G35 500g Tine
7038010029530|Gudbrandsdalsost G35 skivet 130g Tine
7041111126312|Gul Kamfer 170g Brynild
2000435800006|Gul løk Pr stk, First price
7090042171571|Gulasj 370g Grønne Folk
7058040679307|Gullbacon u/Svor skivet 240g Grilstad
5774540845401|Gulleske 200g Anthon Berg
7090011415774|Gullmynter 25g Smack
7058040614100|Gullsalami 150g Grilstad
7058040613806|Gullsalami 80g Grilstad
7034280010254|Gulost Grovrevet 280g Synnøve
2382667600006|Gulost Lett 16% Ca1,25kg Synnøve
7034280008442|Gulost Lett 16% skivet 150g Synnøve
7034280001771|Gulost Original 480g Synnøve
2382664500002|Gulost Original Ca1,25kg Synnøve
7034280001764|Gulost Original skivet 150g Synnøve
7034280001757|Gulost Original skivet 285g Synnøve
7034280001795|Gulost Original skivet 500g Synnøve
7040513001753|Gulrot 1kg pose First Price
7040513005423|Gulrot 400g Gartner
7040513000022|Gulrot 750g Beger
7031540003964|Gulrot Bunt Norsk
7039281547525|Gulrot Snacks 200g
7039281548294|Gulrot Økologisk 750g Vilje
7090008325536|Gulrot&Eplemost m/Ingefær 0,75l Epleblomsten
8445291061088|Gulrot&Potet 4mnd 125g Nestle
7070622010247|Gulrotjuice Økologisk 0,75l Helios
7071319032269|Gulrotkakemix 400g Synnøve Finden
4770583219552|Gulrotsalat 480g Kedainiu
7090025490019|Gulrotsuppe 530g Mere Mat
5011053022272|Gummies 57g Bazooka
7040518412134|Gurkemeie 125g
7311311027376|Gurkemeie 32g St.Maria
7045010003088|Gurkemeie 39g glass Hindu
3234750047580|Gurkemeie 40g Albert Ménès
7037203642402|Gyros 300g Gilde
2000561200008|Gyros Av Svin pr Kg
7350090453099|Gyroskebab 275g Super Mønsj
7350045595157|Gårdschips Brynt Smør&Rødløk 150g
7350045595904|Gårdschips Mozzarella&Balsamico 150g
7090000515027|Gårdsegg Ekstra Store 6stk Ek
7090000510220|Gårdsegg L 10stk Ek
7035620050688|Gårdsegg M/L 12stk Eldorado
7090000515096|Gårdsegg M/L 6stk Ek
7090033270016|Gårdsis Jordbær 0,5l Bamsrudlåven
7090033270023|Gårdsis Kaffe &Kakao 0,5l Bamsrudlåven
7090033270085|Gårdsis Krokan 0,5l Bamsrudlåven
7090033270078|Gårdsis Vanilje 0,5l Bamsrudlåven
7090006470283|Gårdsmjølk 1,5% Økologisk 1l Røros
7034280008800|Gårdsost Bit 800g Synnøve
2373328500001|Gås hel Frys Ca5kg Holte Gård
4021600100200|Gåsepate 80g Jensens
7041810016136|Ha-På 310g Kavli
3415581113921|Haagen Dazs Belgian Chocolate 460ml
3415581162929|Haagen Dazs Dulce De Leche 460ml
3415581122022|Haagen Dazs Macadamia 460ml
3415581114928|Haagen Dazs Saltet Caramel 460ml
3415581101928|Haagen Dazs Vanilla 460ml
7072964100136|Haandverkspils 0,44l boks Haandbryggeriet
7040518005374|Habanero 50g Rød
7350115940061|Habanero Salsa 200ml El Taco Truck
6009686792616|Habanero Sauce 200ml Cape Herb & Spice
7331057010333|Hallon Shots Sure 80g Grahns
5290093000017|Halloumi 250g Petrou
5290093000598|Halloumi Ost Burger 200g Petrou
7058040690500|Hamburger 8x100g Grilstad
7043570009410|Hamburger Halal 4x130g Kanda
7043570009403|Hamburger Original 4x130g Kanda
7035620026225|Hamburger Rå 80% Kjøtt 1kg First Price
7020098004806|Hamburger Storfe 4x100g Gilde
7090022857969|Hamburgerbrød Gluten&Melkefri 2stk Brisk
7330242260171|Hamburgerbrød glutenfri 280g Fria
7090011156554|Hamburgerbrød glutenfri 2pk 160g Elda Bakeri
7090031240219|Hamburgerbrød glutenfri 2stk 160g Klæbu
8008698012246|Hamburgerbrød glutenfri 4stk 300g Schar
7020712014983|Hamburgerbrød glutenfri 4stk 320g Hatting
8008696030204|Hamburgerbrød Mini 110g Nutrifree
8008696028720|Hamburgerbrød Xl glutenfri 200g Nutrifree
7043570004903|Hamburgerdressing 300ml Kanda
7039010067874|Hamburgerdressing 470g Idun
7039672243654|Hamburgerdressing 500g Fader Martin
7035620053238|Hamburgerrygg 100g Grøstad
7037206100077|Hamburgerrygg 110g Gilde
7037204742293|Hamburgerrygg 150g Gilde
7035620096501|Hamburgerrygg 250g First Price
7035620029677|Hamburgerrygg 80g Folkets
7037206100091|Hamburgerrygg Løvtynn 110g Gilde
2000729300007|Hanger Steak Av Storfe pr Kg
7030019532530|Hansa Null% 0,5l boks
7030019532547|Hansa Null% 0,5lx6 boks
7030019532615|Hansa Pilsner Lite 0,5l boks
7030019532622|Hansa Pilsner Lite 0,5lx6 boks
7090009900206|Harahorn 240g Himmelspannet
7035620060397|Hard Seltzer Berries 0,5l boks
7035620066986|Hard Seltzer Juiced Tropical 0,5l boks Fender
7035620061530|Hard Seltzer Sitrus 0,5l boks
7090062960308|Hasselnøtt 500ml Go'Is Hadeland
8052575091046|Hasselnøtt&Kakao Øko 250g Rigoni Di Asiago
7029121012078|Hasselnøtter Økologisk 150g Helios
7090049650161|Hasselnøttis 0,5l Gioia
7311040172729|Hasselnøttkjerner 250g Eldorado
7039281546412|Hasselnøttkjerner uten Skall 60g Grønn&Frisk
5022747340121|Hasselnøttolje 250ml International Collection
7037204198823|Haugpølse skivet 150g Gilde
2000913000003|Havabbor hel Oppdrett pr Kg
7090040501110|Havre-Chia Skåret glutenfri 500g Pure Food
7350135372101|Havrebiter Mocca 160g Coaties
7350135372132|Havrebiter Salt Karamell 160g Coaties
7090022850694|Havrebrød glutenfri 500g Brisk
7090031240080|Havrebrød Grovt glutenfri 500g Klæbu
7330242240098|Havrebrød Skåret glutenfri 500g Fria
8008698048948|Havredigestive glutenfri 150g Schär
7090017542573|Havrefiber Glutenfritt 300g Sukrin
4015537002805|Havregranola m/Bær Gl.Fri 325g Hammermühle
7020655841493|Havregryn Lettkokte glutenfri 1kg Urkraft
7044416014810|Havregryn Store glutenfri 1kg Axa
7090037972206|Havregrøt Beger 50g Den Sorte Havre
7090037972251|Havregrøt Beger m/Sjok.65g Den Sorte Havre
7090037972282|Havregrøt m/Tranebær 65g Den Sorte Havre
5060146370431|Havregrøt Tranebær&Rosin Gl.Fri 70g Moma
6411200213826|Havrekjeks 162g Gl.Fri Elovena
6411200213833|Havrekjeks m/Bær 162g Gl.Fri Elovena
4006952005649|Havrekjeks m/Mandler &Hasselnøtter G.Fri 200g
8410376061772|Havrekjeks m/Sjok.Biter Gl.Fri 220g Gullòn
7070848072203|Havremel Fullkorn Økologisk 240g Dgv
7090037973432|Havrepannekaker Grove 200g Den Sorte Havre
8008698049020|Havreputer Gl.Fri 300g Schär
7071319034003|Havreringer glutenfri 250g Synnøve Finden
7090022851325|Havrerundstykker Gl.Fri&Laktosefri 160g Brisk Bakeri
7090037973463|Havrevafler 330g Den Sorte Havre
7039410020424|Havsalt Fingersalt 125g Confecta
7039410000211|Havsalt Fint 1kg Confecta
7039410030232|Havsalt Fint 750g Confecta
7039410000143|Havsalt Fint Borddryss 250g boks Confecta
7315890405099|Havsalt Gourmet 300g Jozo
7039410000204|Havsalt Grovt 1kg Pos Confecta
7038490004010|Havsalt Grovt 4kg Jozo
7039410030225|Havsalt Grovt 700g Confecta
7045010003705|Havsalt m/Kvern 93g Hindu
8410525228322|Hawai Stenger Gl.Fri 80g Fini
7034170004585|Hawaiifilet 100g Bjerke
7090000400019|Heidalsost Original Formost 750g Heidal
7090058690011|Heilmelk 6% 1l Jerseymeieriet
2000539600007|Hel dorade pr stk
2000198600004|Hel fjellørret pr stk
5710175121503|Hel Kanel 45g Mill&Mortar
2000185000008|Hel laks Oppdrett
2000187300007|Hel makrell ca. 500g. Fra fiskedisken
2000403200005|Hel vannmelon ca. 4kg
2000196200008|Hel ørret Oppdrett
7034170020042|Helgeroa Salami skivet 140g
7072365008017|Helin m/Karve 350g Valdres Ost
8720182748942|Hellmann's Majones Truffle 248ml Hellmann's
5201704002795|Hello-V Mozzarella Revet 200g Kolios
7038010000072|Helmelk 0,5l Tine
7048840200979|Helmelk 1,75l Q
7038010052422|Helmelk 1,75l Tine
7048840000012|Helmelk 1l Q
7038010000065|Helmelk 1l Tine
7038010056765|Helmelk Laktosefri 1l Tine
7038010073120|Helmelk Laktosefri 3,5% 1,75l Tine
7038010035029|Helmelk Langtidsholdbar 1l Tine
7090006470184|Helmjølk Økologisk 1l Røros
7090040561312|Helsfyr Ostepølse 300g Metervare
7090040560377|Hemmelig Saus 225ml Metervare
7058040610904|Henriksenpølse 100g Bredrup
5063270115541|Herbal Collection 20pos Pukka
5710175155171|Herbes De Provence 25g Mill&Mortar
3162900031243|Herbes De Provence 35g Albert Ménès
7312720022303|Herrljunga Cider Eple 0,5% 1l flaske
7312720022310|Herrljunga Cider Pære 0,5% 1l flaske
7037210118099|Hestesko Iskake 1,5l Diplom-Is
7340154810081|Hi-Chew Grape 50g Morinaga
615357124141|Hibiscus&Peach Te 20pos Taylors Of Harrogate
5701239310490|Hickory Bbq Glaze 50g Meny
5701027004679|Himalayasalt 500g Jozo
8715800984420|Himalayasalt m/Kvern 90g Jozo
7029123164768|Himalayasalt Uraffinert 180g Helios
7033050815655|Himkok Oslo Mule 0,33l boks
2385628200000|Himmelsk Blå Ca200g Gangstad
2000146200003|Himmelsk Blå Gangstad Gårdsysteri
7070848070469|Hirseflak Økologisk 250g Dgv
7029121011811|Hirseflak Økologisk 250g Helios
7090042235945|Hirsegryn 800g Baza
5774540844046|Hjerteeske 155g Anthon Berg
7023539704990|Hjertefiskekaker 1980g Madam Bergen
7023539702866|Hjertekaker 550g Lofoten
7039281554462|Hjertesalat 180g Økologisk
7031540005319|Hjertesalat 2pk Gartner
7090037180571|Hjertesalat 300g Bjertnæs&Hoel
7041260000952|Hjort Skav 300g Stensaas
7090012291483|Hjortepølse 250g Eine
7056630000227|Hjortepølse 255g Rekedal
7090012290387|Hjortepølse 90g Eine
7037711023489|Hobby 48g Nidar
5000168195148|Hobnobs Havrekjeks Gl.Fri 150g Mcvitie's
5000168195162|Hobnobs Havrekjeks Sjokolade Gl.Fri 150g Mcvitie's
7392257132881|Hockey Pulver 12g
7391523022536|Hockeypucker Salte 55g Grahns
7392257132850|Hockeypulver Fizzy 12g Grahns
7392257132867|Hockeypulver Jordbær 12g
7391523027883|Hockeypulver Topping 150g Grahns
7035620029134|Hollandaise Saus 130ml Eldorado
7037610231992|Hollandaise Saus 26g Toro
7350042720019|Hollandaisesaus 230ml Eriks
7035620029400|Hollandaisesaus 250ml Jacobs Utvalgte
7072432300037|Holtefjell Ung 200g Eiker
7072432300044|Holtefjell Vellagret 190g Eiker
70177234591|Honey Fig Rooibos 20pos Twinings
1230000098328|Honey Mustard 320ml American Garden
7026450053338|Honning Ekte Norsk 350g Honningcentralen
7038351023532|Honning Ekte Smørmyk 400g
8004694179990|Honning m/Chili 180g Tuttocalabria
3363476261120|Honning m/Valnøtt til Ost 120g Lesgards
7038350010137|Honning No.1 Akasie Økologisk 350g Petters
7038351023457|Honning No.4 Kremet Økol 350g Petters
2000432500008|Honningmelon delt ca. 850g
2000431700003|Honningmelon hel ca. 1,7kg
2000310000002|Honningmelon skivet ca. 400g
7052860000365|Honningsennep 230g Bergbys
8410376064353|Hookies Sandwich Gl.Fri 230g Gullòn
8410376044959|Hookies Sharkies Gl.Fri 250g Gullòn
7072130044899|Hornsalt Mors Hjemmebakte 65g Idun
7392555502065|Hot Amigo 50g Ridderheims
7045386069008|Hot Chili Dog 220g Sommervibber
7058040660701|Hot Chorizo 100g Grilstad
7039010067010|Hot Dog Dressing 470g Idun
7311312008985|Hot Kimchi Style Topping 250ml Santa Maria
810035510197|Hot Sauce 148ml Firelli
3166296552207|Hot Sauce Chipotle 150ml Cholula
190298002319|Hot Sauce Jalapeno 177ml Louisiana Brand
190298002302|Hot Sauce Orginal 177ml Louisiana Brand
49733000215|Hot Sauce Original 150ml Cholula
40099330|Hubba Bubba Eple 35g
42123866|Hubba Bubba Original Fruits 35g
7040913336233|Huehuetenango Guatemala Hele Bønner 340g Cotw
676804013005|Hummer 300g Atlantic Star
2000172700003|Hummer Fersk Canadisk Kokt pr stykk
676804012756|Hummer Kokt Canadisk 275g Fryst
2000170700005|Hummer Kokt pr Kg
7322550052739|Hummerfond 180ml Touch Of Taste
9120061931028|Hummus Chili 250g Deli Dip
7035620047169|Hummus Dipp 140g Eldorado
7331217013006|Hummus Fersk 150g Sevan
9120061931011|Hummus Koriander 250g Deli Dip
7331217012993|Hummus Orginal 275g Sevan
9120061931004|Hummus Original 250g Deli Dip
7331217013013|Hummus Soltørk Tomater 275g Sevan
7039010612401|Hurtigris 400g
7041310117203|Husholdningserter 410g Nora
7070841005802|Husholdningssaft Original 1,5l Lerum
7035620036484|Husholdningssaft Sukkerredusert 1,5l First Price
7070841005871|Husholdningssaft u/Tilsett Sukker 0,75l Lerum
7070841005819|Husholdningssaft u/Tilsett Sukker 1,5l Lerum
7090010090415|Hvalbiff 2x200g
7090018140792|Hvalbiff Fersk 200g Lofothval
2000774900009|Hvalbiff Fersk pr Kg
7090018140228|Hvalbiff skiver Frys 450g Lofothval
7029121011866|Hvit Quinoa 375g Økologisk Helios
7037610224666|Hvit Saus glutenfri 19g Toro
7090046151319|Hvit Sjokolade 75g Sukkerfri
7622202293337|Hvit Sjokolade 90g Freia
7040514511145|Hvitløk 100g pakke
5900919003107|Hvitløk 212ml Rolnik
3234750047504|Hvitløk Finhakket 50g Albert Ménès
9311827001264|Hvitløk Knust 220g Jensen
7045010003729|Hvitløk m/Kvern 55g Hindu
8410159316112|Hvitløk Marinert m/Chili 240g Figaro
8410159307110|Hvitløk Marinert m/Urter 240g Figaro
7045010003811|Hvitløk Roasted 55g Hindu
2000460800002|Hvitløk stykk
6420611770019|Hvitløk u/Fedd 100g
7039281544524|Hvitløk Økologisk 100g Vilje
5701239030817|Hvitløk&Timian Glaze 50g Meny
7035620062261|Hvitløksdressing 225ml Eldorado
7043570004934|Hvitløksdressing 300ml Kanda
7039010067836|Hvitløksdressing 440g Idun
7039010524728|Hvitløksdressing Max 3% 252g Idun
7311041085844|Hvitløksfedd Marinerte 280g First Price
7350090454126|Hvitløkskebabsaus 250ml Super Mønsj
7090041530089|Hvitløkslaks Varmrøkt Bit 200g Garnvik
7036110010649|Hvitløksmajones 95g Mills
7392555503895|Hvitløkspate 150g Tante Juliette
2000159900006|Hvitløkspate pr Kg
7045010003514|Hvitløkspepper 45g glass Hindu
7311311017391|Hvitløkspepper 90g St.Maria
7045010002234|Hvitløkspulver 106g boks Hindu
7311311015168|Hvitløkspulver 49g Santa-Maria
7045010003101|Hvitløkspulver 56g glass Hindu
7029121012023|Hvitløkspulver Økologisk 35g Helios
7056630000319|Hvitløkspølse 275g Rekedal
7058040637703|Hvitløkspølse hel 220g Grilstad
7311311017339|Hvitløkssalt 148g Santa-Maria
7045010003118|Hvitløkssalt 78g glass Hindu
7035620008689|Hvitløkssmør 65g Jacobs Utvalgte
2365681500002|Hvitost Ca0,9-1,1kg First Price
8014347107904|Hvitvinseddik 250ml Il Torrione
3165350425228|Hvitvinseddik 250ml Martin Pouret
7310155506405|Hvitvinseddik 300ml Druvan
7090056760174|Hylleblomstbrus Økologisk 0,33l flaske Lykki
3052911426421|Hylleblomstsirup 0,7l Monin
2389403300008|Hyse Loin 300-500g Vaag
2000528300000|Hyse Panert pr stykk
4003011400247|Hønse-Fond 200g Englert
8714100783504|Hønsebuljong 10stk Knorr
2386300800006|Høvding Sverre Lagret Ca200g Orkladal Ysteri
2386300400008|Høvding Sverre Ung Ca200g Orkladal Ysteri
2386301200003|Høvding Sverre Xo Ca200g Orkladal Ysteri
2000720100002|Høyrygg Av Storfe u/Ben pr Kg
2000720000005|Høyrygg m/Ben Av Storfe pr Kg
2000562700002|Iberico 3 Mnd Rocinante
2000562800009|Iberico 5 Mnd Rocinante
7090000830311|Ice Balls 24stk Mr.Iceman
7090000830052|Ice Crushed 2kg Mr.Iceman
7090000830632|Ice Cup 130g Mr Iceman
7070099910231|Icingfarge Rød 28g Cacas
6430061527064|Idun Natron 100g
7041013250115|Idyll Jordbær Plantebasert 6pk Hennig-Olsen
7037710030549|Ifa Salt 34g
8003753900438|Illy Espresso Malt 250g
7039281546429|Immun Shot Vitamin D 100ml Cevita
7039281546511|Immun Shot Vitamin D 500ml Cevita
7029121012696|Immune Support Gummies 60stk Biopharma
7044610874876|Imsdal 0,5l flaske
7044610874906|Imsdal 0,65l flaske
7044610874920|Imsdal 1,5l flaske
7044610877471|Imsdal Eple 0,65l flaske
7044610876627|Imsdal Fersken 0,65l flaske
7044610878027|Imsdal Limonade Bringebær&Lime 0,5l flaske
7044610878034|Imsdal Limonade Sitron 0,5l flaske
7029992000006|Inderøysodd 2kg
2000781300007|Indrefilet Av Kalv hel pr Kg
2000781400004|indrefilet Av Kalv i skiver pr Kg
2000731500006|Indrefilet Av Storfe hel pr Kg
2000731600003|indrefilet Av Storfe i skiver pr Kg
2000707800000|indrefilet Av Storfe prime i skiver pr Kg
2000750000006|Indrefilet Av Svin pr Kg
2000681200001|Indrefilet Midtstykke Av Storfe pr Kg
2000461200009|Ingefær Frisk
9311827001271|Ingefær Knust 210g Jensens
7045010001114|Ingefær Malt 10g Pos Hindu
3234750047603|Ingefær Malt 30g Albert Ménès
5705001432052|Ingefær Shot 0,5l flaske Rynkeby
7033352301931|Ingefær Syltet 120g Lerøy
5010338302917|Ingefær Syltet 145g Blue Dragon
5010392005120|Ingefær Syltet 280g Opies
8850316070103|Ingefær Te 100% 10pos Gingen
8850316070110|Ingefær Te m/Honning 10pos Gingen
7039281546573|Ingefær Økologisk 150g Beger
7035450101291|Ingefærbrus 0,33l boks Røros Mineralvann
7090056760143|Ingefærbrus Økologisk 0,33l flaske Lykki
7040518551178|Ingefærshot Eple&Lime 100ml Cevita
7040518551192|Ingefærshot Eple&Lime 500ml Cevita
7044610871219|Ingefærøl 1,5l flaske
7035260004584|Ingefærøl 1l flaske Roma
7035260005956|Ingefærøl u/Sukker 1l Roma
7037204198083|Innherredsodd 1,9kg Gilde
4820179259148|Instant Noodles Pho Bo Gl.Fri 65g Glads
4820179259162|Instant Noodles Tomyum Gl.Fri 65g Glads
4002359041082|Intensify Creamy Garlic 390g Dolmio
7040913336875|Intenso Kaffe Filtermalt 250g
7040913336196|Inzovu Rwanda Hele Bønner 340g Cotw
7040913335076|Irish Coffee Finmalt 200g Kaffemester'n
7090062960018|Irish Whiskey 500ml Go'Is Hadeland
7041018008506|Isabella Dobbel Sjoko 10stk Sommervibber
7041018009404|Isabella Vaniljeis m/Sjokotrekk 12stk Hennig-Olsen Is
7023026071307|Isberg Mix 250g Grønn&Frisk
7039281543657|Isbergsalat 300g Økologisk
2000437600000|Isbergsalat stykk
7090000830069|Isbiter 1kg Mr.Iceman
7090000830045|Isbiter 2kg Mr.Iceman
7090000830120|Isbiter 9kg Mr.Iceman
7037120034373|Isbjørn Cider Fersken&Bringebær 0,5lx6 boks
7037120034489|Isbjørn Hard Seltzer Blåbær 0,33l boks
2000920200007|Isgalt filet pr kg
7090006473802|Iskaffe 0,5l Rørosmeieriet
7038010001321|Iskaffe Brasil 330ml Tine
7038010042454|Iskaffe Cappuccino 1l Tine
7038010003813|Iskaffe Cappuccino 330ml Tine
7038010058561|Iskaffe Cappuccino uten 330ml Tine
7038010066801|Iskaffe Caramel Salty uten 330ml Tine
7038010073182|Iskaffe Latte Protein uten 1l Tine
7038010072291|Iskaffe Latte Protein uten 330ml Tine
7038010055621|Iskaffe Latte uten 330ml Tine
7038010003820|Iskaffe Mocca 330ml Tine
7038010066115|Iskaffe Mocha uten 1l Tine
7038010062988|Iskaffe Mocha uten 330ml Tine
7393253002307|Iskjeks glutenfri 10stk Våffelbagaren
70117769|Isklar Sparkling 1,5l flaske
70121001|Isklar Sparkling Brusende Aprikos 0,5l
70121056|Isklar Sparkling Brusende Aprikos 1,5l
70121117|Isklar Sparkling Brusende Eple 0,5l
70121094|Isklar Sparkling Brusende Eple 1,5l
70120998|Isklar Sparkling Brusende Grapefrukt 0,5l
70121049|Isklar Sparkling Brusende Grapefrukt 1,5l
70121124|Isklar Sparkling Brusende Sitron 0,5l
70121100|Isklar Sparkling Brusende Sitron 1,5l
70121018|Isklar Sparkling Fersken&Bringebær 0,5l
70118490|Isklar Sparkling Fersken&Bringebær 1,5l flaske
70117813|Isklar Sparkling Granateple 1,5l flaske
70119022|Isklar Sparkling Ingefær&Sitron 1,5l flaske
70118476|Isklar Sparkling Lime 1,5l
70118575|Isklar Sparkling Mango 1,5l
70120974|Isklar Sparkling Naturell 0,5l
70117776|Isklar Sparkling Sitron 1,5l flaske
70118001|Isklar Stillvann 0,5l flaske
70118186|Isklar Stillvann Naturell 1,5l flaske
70118018|Isklar Stillvann Sportcap 0,66l flaske
8006922077078|Iskrem Cappuccino 1l G7
8006922025659|Iskrem Cioccolato Affogato Laktosefri 1l G7
8006922020234|Iskrem Cioccolato Fondente 1l G7
8006922077221|Iskrem Ciock Menta 1l G7
7035620055027|Iskrem Hasselnøtt 500ml Jacobs Utvalgte
8006922077016|Iskrem Panna Con Fragole1l G7
8006922077139|Iskrem Pistacchio 1l G7
7035620054686|Iskrem Portvin &Svisker 500ml Jacobs Utvalgte
8006922077030|Iskrem Spagnola 1l G7
8006922077153|Iskrem Vaniglia Del Madagascar 1l G7
7035620055676|Iskrem Vaniljesmak 3l First Price
7038010067327|Iste Fersken 0,5l flaske Sunniva
7035620050077|Iste Fersken 1,5l Eldorado
7038010067365|Iste Fersken 1l Sunniva
9006900011529|Iste Fersken 2l Pfanner
7035620051272|Iste Fersken u/Sukker 0,33l boks Eldorado
7035620058660|Iste Fersken u/Sukker 0,33l boks Sommervibber
7035620051050|Iste Fersken u/Sukker 0,33lx6 boks Eldorado
7035620059353|Iste Fersken u/Sukker 0,33lx6 boks Sommervibber
7038010067358|Iste Fersken u/Sukker 0,5l flaske Sunniva
7035620048555|Iste Fersken u/Sukker 1,5l Eldorado
7038010067372|Iste Fersken Zero 1l flaske Sunniva
7035620070297|Iste Grønt Eple u/Sukker 0,33l boks Sommervibber
7035620069468|Iste Grønt Eple u/Sukker 0,33lx6bx Sommervibber
7038010072567|Iste Jordbær u/Sukker 0,5l flaske Sunniva
7038010067334|Iste Lime 0,5l flaske Sunniva
7035620049408|Iste Sitron 1,5l Eldorado
7035620049583|Iste Sitron u/Sukker 0,33l boks Eldorado
7035620048579|Iste Sitron u/Sukker 0,33lx6 boks Eldorado
7035620048722|Iste Sitron u/Sukker 1,5l Eldorado
9006900212131|Iste White Tea 2l Pfanner
7058040624802|Italiana hel 220g Grilstad
7058040665805|Italiana skivet 100g Grilstad
7040913335052|Italiensk Espresso Mørk 200g Kaffemester'n
7036110211206|Italiensk Salat 200g Mills
7036110211213|Italiensk Salat 320g Mills
7035620053542|Italiensk Salat 400g First Price
2000150100009|Italiensk Salat m/Kjøtt pr Kg
7055330029019|Italiensk Salat m/Skinke 200g Meny
5304000430085|Jaffa Blåbær 2l
5304000430054|Jaffa Fersken 2l
5304000430023|Jaffa Jordbær 2l
5304000430078|Jaffa Kirsebær 2l
5304000430030|Jaffa Multivitamin 2l
7040518005381|Jalapeno 50g Grønn
7350115940191|Jalapeno Lime Mayo 200ml El Taco Truck
7041810010059|Jalapeno Ost 175g Tube Kavli
748159416609|Jalapeno Pepper Hele 355ml Trappeys
748159416678|Jalapeno Pepper skivet 355ml Trappeys
7350115940177|Jalapeno Sauce Cheezy 200ml El Taco Truck
7045386068902|Jalapeno&Cheddar Pølser 220g Sommervibber
7045010030015|Jalapeno&Chili Hot Mix m/Kvern 38g Hindu
8410076460721|Jalapenos 250g Old El Paso
7622210855251|Jam Fruktpektin 70g Freia
7622400948237|Jam Frysepulver 45g Freia
7622400948251|Jam Syltepulver 45g Freia
5051777000934|Jammy Wheels Gl.Fri 115g Lovemore
2000121100007|Jarlsberg 15+ Mnd Xo
7038010021145|Jarlsberg 27% skivet 120g Tine
7038010019777|Jarlsberg 27% skivet 250g Tine
2000100500002|Jarlsberg 28% 3+ Mnd
2302436900007|Jarlsberg 28% Vellagret Ca500g Tine
2000102000005|Jarlsberg 5+ År Reserva
7038010017018|Jarlsberg Lett 16% skivet 150g Tine
7038010073748|Jarlsberg Original Burgerost skivet 100g
7038010053382|Jarlsberg Skorpefri 450g Tine
7038010053368|Jarlsberg Skorpefri 700g Tine
90478001142|Jarritos Grapefrukt 370mml flaske
1230000096560|Jarritos Guava 370ml flaske
90478001067|Jarritos Lime 370ml flaske
90478001043|Jarritos Mandarin 370ml flaske
90478001104|Jarritos Mango 370ml flaske
90478001128|Jarritos Pineapple 370ml flaske
8854404001680|Jasmine Ris 500g Blue Elephant
7052090000029|Jasmine Ris Premium 2kg Emmys
7311041001363|Jasminris 2kg Eldorado
7311041013380|Jasminris 4kg First Price
7035620009563|Jasminris Boil In Bag 1kg Eldorado
7039010612388|Jasminris Boil In Bag 1kg Toro
7310500113388|Jegerblanding 500g Findus
5017375070854|Jelly Babies m/Cola 150g Millions
8410525116834|Jelly Sharks Gl.Fri 75g Fini
5017375070878|Jellybabies Strawberry & Bubblegum 150g
7035620044908|Jern Tyggetablett Appelsin 70stk Løft
7090058690042|Jersey Smør 250g Jerseymeieriet
7029121011200|Jod Dråper 30ml Biopharma
7392555502089|Joddlarkorv 50g Ridderheims
7090009920068|Jomfrusild Frys 175g Matjes
7039010013260|Jordbær &Markjordbær Hj.Laget 400g Nora
7035620042300|Jordbær 2kg Eldorado
7035620024924|Jordbær 400g First Price
2000335500006|Jordbær 500g Import
7039010013192|Jordbær Moste Hjemmelaget 390g Nora
7039010013512|Jordbær Moste Lett 530g Nora
2000419700001|Jordbær Norsk 500g
3052910033071|Jordbær Pure 1l Monin
7035620066542|Jordbær Økologisk 225g Vilje
7039010575249|Jordbær&Rabarbra Kompott 455g Nora
7090049650321|Jordbær&Yuzu Sorbet 0,5l Gioia
7038010057656|Jordbærgele 1l Piano
7033330052633|Jordbærsaus 250g Kos
7035450041115|Jordbærsorbet 0,5l Galåvolden
7035620054945|Jordbærsorbet 500ml Jacobs Utvalgte
7090049650291|Jordbærsorbet Norsk 0,5l Gioia
7025443735008|Jordbærsyltetøy 370g Askim
7023511011009|Jordbærsyltetøy 60% Bær 420g Lisa
7055080003260|Jordbærsyltetøy 80% Frukt 320g Hervik
7039010535236|Jordbærsyltetøy 80% Uts 275g Nora
7070841003372|Jordbærsyltetøy 800g Lerum
7035620053139|Jordbærsyltetøy 960g First Price
7039010013222|Jordbærsyltetøy Hjemmelaget 400g Nora
7070841005383|Jordbærsyltetøy Klem 410g Lerum
7070841006588|Jordbærsyltetøy Klem Mindre Sukker 380g Lerum
7023511012280|Jordbærsyltetøy m/Rabarbra 420g Lisa
7039010599467|Jordbærsyltetøy Mindre Sukker 530g Nora
7039010015042|Jordbærsyltetøy Rørte 280g Nora
7037400001330|Jordbærsyltetøy u/Sukker 330g Lerum
7070841004270|Jordbærsyltetøy u/Sukker 425g Lerum
7058040449108|Jubelsalami 100g Grilstad
7058040614704|Jubelsalami 170g Grilstad
7058040448408|Jubelsalami Bordpakning 250g Grilstad
7035620008405|Juice m/Druer og Blå Bær 1l Eldorado
5011053013591|Juicy Drop Pop Sour 26g
7055596050819|Julepølse 350g Toten Kjøtt
7613287402554|Junior Smoothie Eple&Banan 12m 110g Nestle
7038010069611|Junior Yoghurt Banan 90g Tine
7038010070372|Junior Yoghurt Bringebær 90g Tine
7038010063459|Junior Yoghurt Jordb 90g Tine
7038010073472|Junior Yoghurt Naturell 90g Tine
7035380006581|Jyttemel Arv glutenfri 500g Holmen Crisp
7035380000077|Jyttemel Fibra glutenfri 500g Holmen Crisp
7035380000084|Jyttemel Teff glutenfri 400g Holmen Crisp
7090040910400|Jåla Trøffelsalami 250g Ask
7090040913265|Jåla Trøffelsalami skivet 60g Ask
7090040912916|Jåla Trøffelsalami skivet 80g Ask Gård
7039610011222|Jædersylte 200g
7090052423998|Jærsk Havsletteost 300g Ystepikene
2000116700007|Jærsk Kvitskimmel med Pepper, Ystepikene
2000148700006|Jørns Lagret 6 Mnd, Ostegården
5908230523199|Kabanos Chili 120g Snackit
5908230523182|Kabanos Klassisk 120g Snackit
5908230523205|Kabanos Kylling 120g Snackit
5908230523212|Kabanos Ostesmak 120g Snackit
8034028339509|Kaffebønner Crema Classica 1kg Borbone
8034028339516|Kaffebønner Espresso Intense 1kg Borbone
7038010043307|Kaffefløte 10% 3dl Tine
7090049650406|Kaffeis 0,5l Gioia
4013200882068|Kaffir Lime Blader 5g Tørket Lien Ying
7055596051809|Kaiser Bratwurst m/Ost 230g Toten Kjøtt
7029121011439|Kajennepepper Økologisk 30g Helios
7090064950314|Kakaonibs 200g Vigdis Rosenkilde
7072130014397|Kakefyll Vanilje 37g Idun
7622300435530|Kakefyll Vanilje 80g Freia
7037610057233|Kakemix Fin glutenfri 370g Toro
7090060240273|Kald Hard Seltzer Exotic 0,33l boks
7090060240167|Kald Hard Seltzer Lemon&Lime 0,33l boks
7090060240068|Kald Hard Seltzer Raspberry&Peach 0,33l boks
7090060240099|Kald Hard Seltzer Strawberry&Kiwi 0,33l boks
7039610011130|Kalkun Grillskiver 500g Prior
2323568000007|Kalkun hel 3,9-6,9kg Prior
7039610013745|Kalkun Steakh Burger 250g Prior
7034170004295|Kalkunbacon 120g Bjerke
7039610026233|Kalkunbacon skivet 140g Prior
2323568100004|Kalkunbryst Marinert Ca1,6kg Prior
7039610001506|Kalkunfilet Naturell 110g Prior
7039610001575|Kalkunfilet Røkt 110g Prior
7039610032845|Kalkunfilet Salt&Pepper 750g Prior
7039610055493|Kalkunkorv 450g Prior
7039610012380|Kalkunkorv Naturell 110g Prior
7039610001568|Kalkunkorv Pepper 110g Prior
7039610001537|Kalkunskiver Krydder 110g Prior
7040913336134|Kalossi Blend Espresso hel 700g Cotw
4003011400544|Kalve-Fond 200g Englert
7322550052715|Kalvefond 180ml Touch Of Taste
4007680475308|Kalvefond 500ml Jurgen Langbein
7037206100015|Kalverullade 110g Gilde
5063270101575|Kamille Te 20pos Lipton
7039410010111|Kamille Te Økologisk 24pos Fairtrade
7090040560025|Kampens Hete Chilipølse 300g Metervare
7035620050732|Kamskjell Msc Rå 200g Jacobs Utvalgte
7035620015526|Kamskjell Msc Rå 300g Fiskemannen
2000199100008|Kamskjell pr stykk
7310340472027|Kandissukker Biter 500g Dansukker
7045010001145|Kanel hel 10g Pos Hindu
3234750047535|Kanel hel 15g Albert Ménès
7045010001138|Kanel Malt 14g Pos Hindu
7035620047824|Kanel Malt 30g Jacobs Utvalgte
7045010003125|Kanel Malt 46g glass Hindu
7311311014031|Kanel Malt 67g Santa-Maria
7045010002050|Kanel Malt 84g boks Hindu
7330242200658|Kanelboller glutenfri 230g Fria
7330242200702|Kanelgiffel glutenfri 280g Fria
7090031240509|Kanelsnurrer glutenfri 2stk 280g Klæbu
7090014610961|Kanelsnurrer glutenfri Frys 225g Tangent
7035620049637|Kantarell Hermetisk 184g Eldorado
3112309996490|Kantarell Tørket 20g Borde
7072836000915|Kantefølflak Fjellsalt 150g
7072836000687|Kantefølflak Mango&Raud Chilipepar 150g
7072836000373|Kantefølflak Tyttebær&Rømme 150g
7045010003033|Kapers 100g glass Hindu
5201043115965|Kapers 100g Iliada
8410159301019|Kapers 200g glass Figaro
8410159301101|Kapers 65g glass Figaro
8410159305116|Kapers med Stilk 120g Figaro
4015537003550|Karamellkjeks m/Vaniljekrem 120g Hammermühle
7090040840172|Karamellkos 6biter 75g Jentene På Tunet
7055330031333|Karamellpudding 145g Meny
7038010036224|Karamellpudding 1l Piano
7090000518004|Karamellpudding 2x170g Ek
7622400944581|Karamellpudding 75g Freia
7033330036640|Karamellpudding m/Saus 2x150g Kos
8006040000484|Karamellpudding m/Saus Melkefri 2x115g Valsoia
7072130060936|Karamellsaus 360g Idun
8717496860873|Karamellvafler Gl.Fri 240g Consenza
5022374055122|Karamelmandler Sjokolade 120g Forest Feast
2000554800000|Karbonade Av Storfe Ca100g pr stykk Kald
7035620040948|Karbonadedeig 400g First Price
7020097009819|Karbonadedeig 5% u/Salt og Vann 400g Meny
7020097033111|Karbonadedeig 5% u/Salt og Vann 600g Meny
7020098005780|Karbonadedeig Angus 5% 400g Meny
2000660100001|Karbonadedeig Av Storfe pr Kg
7020098003106|Karbonadedeig u/Salt og Vann 400g Gilde
7035620043390|Karbonadekaker 1kg First Price
7055330026209|Karbonader 2x100g Meny
7055596053100|Karbonader 370g Toten Kjøtt
7035620066351|Karbonader 525g Folkets
7037203636159|Karbonader 720g Gilde
7071341002520|Karbonader Grove m/Løk 270g Brødr.Ringstad
7055330026353|Karbonader m/Løk 250g Meny
3234750031930|Kardemomme Grønn 45g Albert Ménès
5710175121046|Kardemomme hel Økologisk 25g Mill&Mortar
7311311004346|Kardemomme Kjerner 21g Santa Maria
7045010003132|Kardemomme Malt 35g glass Hindu
7045010001152|Kardemomme Malt 8g Pos Hindu
7029123164775|Kardemomme Økologisk 23g Helios
7034280010971|Kardemommebrunost 480g Synnøve Finden
7040913337636|Karengera Rwanda Ltd Edt Hele Bønner 250g Cotw
7311311016080|Karri 34g Santa-Maria
7045010003163|Karri Malt 34g glass Hindu
7035620048289|Karrisild 335g Fiskemannen
7045010001176|Karve 14g Pos Hindu
7041810013746|Karveost 200g Beger Kavli
4001686536742|Kastanjer 120g Maoam
7035620062360|Kaviar 185g Fiskemannen
7036110009834|Kaviar 185g Tube Mills
7035620066726|Kaviar 190g First Price
7036110009940|Kaviar 245g Mills
7023539702491|Kaviar Klassisk 185g Lofoten
7036110009865|Kaviarmix 175g Mills
7037203642372|Kebab Av Storfe 280g Gilde
7043570006716|Kebab Av Storfe 300g Kanda
7350090453082|Kebab Klassisk 275g Super Mønsj
7043570009434|Kebab Porsjon 4x130g Kanda
7043570004989|Kebabdressing Mild 300ml Bislett Kebab House
7043570004996|Kebabdressing Sterk 300ml Bislett Kebab House
7350090454133|Kebabsaus Mild 250ml Super Mønsj
7350090454140|Kebabsaus Sterk 250ml Super Mønsj
7048840000470|Kefir 1kg Q
7048840211487|Kefir Blåbær&Solbær 1l Q
7048840227778|Kefir Bringebær 1kg Q
7038010054822|Kefir Økologisk 1000g Tine
7038010072970|Kesam Mager Naturell 420g Tine
7038010072987|Kesam Naturell Laktfri. 420g Tine
7038010072994|Kesam Vanilje Laktfri. 420g Tine
7035620023170|Ketchup 1kg First Price
4027400149807|Ketchup Curry Original 348g Hela
7052860000730|Ketchup Mindre Sukker 510g Bergbys
8715700118109|Ketchup uten Sukker og Salt 425g Heinz
7331755000667|Kettle Corn 100g Sundlings
7310350135851|Kick Lakris Lemon 19g Malaco
5700417006804|Kick Lakris Original 19g Malaco
7310350117116|Kick Lakris Seasalt 19g Malaco
3083681012583|Kidney Bønner Røde Gourmet 160g Bonduelle
7311041085011|Kidneybønner 380g First Price
7310130009761|Kidneybønner Økologisk 380g Gogreen
7035620058271|Kidneybønner Økologisk 380g Vilje
7090042172523|Kikertcurry 370g Grønne Folk
7071992000630|Kikertemel 500g Masalamagic
7311041085028|Kikerter 380g First Price
7090034903869|Kikerter 500g Jasmin
3083681012668|Kikerter Gourmet 150g Bonduelle
7035620058110|Kikerter Økol. 380g Vilje
7310130009822|Kikerter Økologisk 380g Gogreen
7071992002948|Kikertgryte 685g Masalamagic
5941634004758|Kikertspaghetti Gl.Fri 250g Sam Mills
7090040561206|Kikut Grillpølse 300g Metervare
7315200184669|Kimchi Økologisk 350g Green Choice
7073627000008|Kims Potetgull Golden Gourmet 200g
7039317008945|Kims Potetgull Mexican Fiesta 200g
7039317008648|Kims Potetgull Paprika Kick 200g
7039317008631|Kims Potetgull Pepper Punch 200g
7039317008655|Kims Potetgull Salt Crunch 200g
7039317008204|Kims Potetgull Sour Cream&Onion 200g
2000435500005|Kinakål stykk
80050094|Kinder Maxi Sjokolade 21g Ferrero
80310167|Kinder Maxi Sjokolade 21gx6stk Ferrero
5413548280189|Kinder Schoko-Bons 125g Ferrero
40084107|Kinder Surprise 20g Ferrero
8000500026731|Kinder Surprise 3x20g
7027110037378|Kippers 106g King Oscar
7045615000468|Kirsebær 300g Eldorado
7090062960667|Kirsebær 500ml Go'Is Hadeland
4008122021404|Kirsebær 700g Odenwald
5022374054255|Kirsebær Mørk Sjokolade 120g Forest Feast
7090049650352|Kirsebær&Sjokolade Iskrem 0,5l Gioia
7039010575201|Kirsebærkompott 455g Nora
7090042143479|Kirsebærsaft 0,75l Røyse
7025441018028|Kirsebærsaft 0,7l Askim
7025441018103|Kirsebærsaus 250ml Askim
7070841003433|Kirsebærsyltetøy 340g Lerum
7070841006977|Kirsebærsyltetøy 375g Lerum
3425471303257|Kirsebærsyltetøy m/Timian 110g Charles Antona
7090064950086|Kiteni 70% 60g Vigdis Rosenkilde
2000327900005|Kiwi Gul stykk
2000403000001|Kiwi stykk
7090059280150|Kjekkas Grønn Ekeblad Salat 140g Onna
7350017542141|Kjeks Black&White glutenfri 90g Vilmas
7045386069107|Kjempegrill m/Cheddar 360g Sommervibber
7391523021317|Kjempeklumper Salte 80g
7041614001321|Kjernebrød glutenfri 500g Bakehuset
7090058690523|Kjernemjølk 5dl Jerseymeieriet
70115185|Kjærlighet Badeball 11g Brynild
70115178|Kjærlighet Blåbærkiss 11g Brynild
70115161|Kjærlighet Chokiss 11g Brynild
54130104|Kjærlighet Hjerte 12g Lovly
7039610012717|Kjøttbolle Av Kylling 800g Prior
7034280010872|Kjøttboller 120g Peppes
7029992110002|Kjøttboller 500g Inderøy
7037204725234|Kjøttboller Kokt 300g Gilde
7035620052293|Kjøttboller M Potetmos 540g Fersk & Ferdig
7020098000235|Kjøttboller Rå Italia 20stk 360g Folkets
7034280010889|Kjøttboller Spicy 120g Peppes
7035620058318|Kjøttboller Svenske 600g Folkets
7037204725524|Kjøttboller Svenske Stekte 800g Gilde
8714100783511|Kjøttbuljong 10stk Knorr
7035620041709|Kjøttdeig 14% Fett 400g First Price
7020097026113|Kjøttdeig Angus 14% 400g Meny
7035620064661|Kjøttdeig Hakket 800g Folkets
7052930000332|Kjøttdeig Halal Frys 500g Kuraas
7020098006497|Kjøttdeig Kylling&Storfe 400g Folkets
7037203627492|Kjøttdeig Storfe Økol.14% u/Salt&Vann 400g Gilde
7020098005070|Kjøttdeig Storfe&Svin 600g Meny
7020097026915|Kjøttdeig Svin 9% u/Salt og Vann 300g Jacobs
7020097005415|Kjøttdeig Svin 9% u/Salt og Vann 400g Meny
7020098003052|Kjøttdeig u/Salt&Vann 400g Gilde
7037610015738|Kjøttdeigsaus Toro
7035620066627|Kjøttkaker 550g Folkets
7037204726255|Kjøttkaker 800g Gilde
7055596053506|Kjøttpudding 450g Toten Kjøtt
7037204721335|Kjøttpudding 500g Gilde
7034170006220|Kjøttpudding Grov Grillet 500g Bjerke
7037204640124|Kjøttpølse Original 300g Gilde
7037204640162|Kjøttpølse Original 900g Gilde
7055596050024|Kjøttpølse Røkt 450g Toten Kjøtt
7039610038519|Kjøttpølse Røkt Kylling&Kalkun Sk.Fri 450g Prior
7045386067707|Kjøttpølse Skinnfri 425g Leiv Vidar
7037206101371|Kjøttpølse Skinnfri 450g Gilde
7037204655432|Kjøttpølse u/Skinn 450g Go & Mager
7037203643706|Kjøttpølser Grov Skinnfri 450g Gilde
7029992200000|Kjøttsuppe 2kg Inderøy Slakteri
7033330087987|Kjøttsuppe 350g Fjordland
7039010610568|Kjøttsuppe 91g Toro
7330242290123|Kladdkaka Sjokolade glutenfri 400g Fria
7035620064197|Kladdkake 400g Eldorado
2000405500004|Klementin pr stk
7040518510489|Klementinjuice m/Fruktkjøtt 1l Cevita
7038420002406|Klippfisk Biter u/Skinn&Ben 400g Dybvik
7038420001003|Klippfisk Gryteklar 400g Dybvik
7038420002604|Klippfisk i Biter Benfri 1kg Dybvik
7038420017103|Klippfisk i Biter Utvannet 400g Dybvik
7038420007203|Klippfisk Loins Ferdig Utvannet 300g Dybvik
7038420002703|Klippfisk Loins u/Skinn&Ben 400g Dybvik
7038420002109|Klippfisk u/Skinn&Ben 400g Dybvik
7038420004561|Klippfiskboller Bolinhos 200g Dybvik
7090038380123|Klippfiskstrimler Gryteklar 500g Halvors
7025050014442|Knacker Bratwurst 250g Finsbråten
7025050012783|Knacker Chorizo 250g Finsbråten
7041111157361|Knatter Cola 100g Brynild
7041111157385|Knatter Frukt 100g Brynild
7041111157354|Knatter Skogsbær 100g Brynild
7090022850304|Knekkebrød Gl.Fri 150g Brisk
7071848007035|Knekkebrød Havre Gl.Fri 190g Sigdal
8008698048696|Knekkebrød m/Surdeig Gl.Fri 130g Schär
7090022850229|Knekkebrød m/Tomat Gl.Fri 150g Brisk
7300400481861|Knekkebrød Naturell Gl.Fri 240g Wasa
720516022234|Knekkebrød Quinoa glutenfri 125g Orgran
7300400481878|Knekkebrød Sesam&Havsalt Gl.Fri 240g Wasa
7071848008438|Knekkebrød Solsikke Gl.Fri 190g Sigdal
7071848106448|Knekkebrød Urter&Havsalt Gl.Fri 190g Sigdal
7037713032212|Knott 80g
2387563200008|Knubbost Naturell Ca350g Lega
2000462800000|Knutekål
7090049650437|Kokos & Karamell Is 0,5l Gioia
7090004038607|Kokosboller Gammeldagse 6stk United Bakeries
7037421067667|Kokosboller u/Sukker 6stk Berthas
5411188119753|Kokosdrikk Professional 1l Alpro
5411188131380|Kokosgurt Naturell 350g Absolutely Alpro
7035620036934|Kokosmasse 250g Eldorado
7035620062384|Kokosmelk 250ml Eldorado
7035620042812|Kokosmelk Lett 250ml Eldorado
7029121011484|Kokosolje Ex Virgin Økologisk 220ml Helios
5707381014057|Kokosolje Økologisk 400g Greenchoice
7090049650147|Kokossorbet 0,5l Gioia
7029121012061|Kokossukker 600g Økologisk Helios
7035620056376|Kokt Skinke 100g Grøstad
7035620063688|Kokt Skinke 100g Jacobs Utvalgte
7058040679802|Kokt Skinke 250g Grilstad
7037206100022|Kokt Skinke Ekte 110g Gilde
7037203639723|Kokt Skinke Ekte 200g Gilde
7025050023246|Kokt Skinke Ekte 90g Finsbråten
7034170020004|Kokt Skinke skivet 100g Bjerke
2000926500002|Koljekaker 95g pr stykk
7029121012276|Kollagen Beauty Gummies 60stk Biopharma
7090040560827|Kollenwinner'n 420g Metervare
7090041830257|Kombucha Bringebær 0,33l flaske Råstad
7090041830288|Kombucha Ingefær 0,33l flaske Råstad
7090041830318|Kombucha Rabarbra&Jordbær 0,33l flaske
4030011300109|Kondensmelk 397g Steinhauer
4030011300123|Kondensmelk Kokt 397g Steinhauer
5701073041413|Konditorfarge Konsentrert Blå 15g Dr.Oetker
5701073041406|Konditorfarge Konsentrert Gul 15g Dr.Oetker
5701073041451|Konditorfarge Konsentrert Rosa 15g Dr.Oetker
5701073064399|Konditorfarger 4x10g Dr. Oetker
2389403500002|Kongekrabbe Ben Rå Ca50-250g Vaag
2000174800008|Kongekrabbe klør Ekstra store, ca 350g pr stk
7034280008060|Kongsgård Ost 480g Synnøve
7034280008497|Kongsgård skivet 120g Synnøve
7027620023007|Koriander 12cm Stor
7045010003590|Koriander 29g glass Hindu
7045010003316|Koriander Blad 10g glass Hindu
7045010003781|Koriander hel 25g glass Hindu
3234750047566|Koriander Malt 30g Albert Ménès
7090064950352|Koribeni 70% 60g Vigdis Rosenkilde
7037610224352|Korma 360g Saritas
5011308303255|Korma Cooking Sauce 450g Patak's
7071992002535|Korma Saus 360g Masalamagic
7037590000632|Kornbrød glutenfri 500g Brisk
7090011155892|Kornbrød glutenfri 500g Elda Bakeri
2360561300000|Kotelettflesk Lettsaltet Ca500g Toten Kjøtt
2000175000001|Krabbeklør bestilles pr stykk á ca.100g
7034170002772|Krabbesalat 180g Bjerke
2000173000003|Krabbeskjell Fylt 150g stykk
2000195100002|Krabbeskjell Håndrenset m/Klokjøtt 120g pr stykk
2000124300008|Krabbeskjell Håndrenset pr stykk Vikingkrabben
2000744500000|Kraftben Av Svin pr Kg
2000560400003|Kraftkar Verdensmester 2016,Tingvollost
7041614007217|Kransekake 18 Ringer 1,05kg Meny
7037421095875|Kransekake 18 Ringer 900g Berthas
5709521049226|Kransekakemasse 400g Odense
7035620027550|Kransekakemasse 500g Eldorado
7037421095899|Kransekakestenger 150g Berthas
7070646233448|Kreatin 500g Pf
7035620017650|Krem Topping Av Kremfløte 250ml Eldorado
4020400877015|Kremdrops Bringebær Sukkerfri 110g Vivil
4020400697453|Kremdrops Kirsebærsmak Sukkerfri 90g Vivil
4020400697439|Kremdrops Latte Macchiato Sukkerfri 90g Vivil
4020400697408|Kremdrops m/Jordbær Sukkerfri 90g Vivil
4020400697422|Kremdrops m/Karamell Sukkerfri 90g
7055330015050|Kremet fiskesuppe 4dl + fersk fisk
7055330033733|Kremet fiskesuppe 4dl + norske reker
7048840090433|Kremfløte 0,3l Q
7038010041914|Kremfløte 37% 3dl Tine
7038010003103|Kremfløte 37% 7,5dl Tine
7038010071775|Kremfløte Laktosefri 3dl Tine
7038010026416|Kremgo Kremgo Chimichurri 125g Tine
7038010023279|Kremgo Krydder 125g Tine
7038010023248|Kremgo Mandarin&Ananas 125g Tine
7038010024801|Kremgo Naturell 200g Tine
7038010031274|Kremgo Salsiccia 125g Tine
7038010023262|Kremgo Urter 125g Tine
5711953062254|Kremoster Minimiks 100g Castello
7038010003202|Kremtopp 33% 250ml Tine
7037710026351|Kremtopper 140g Nidar
4260024181000|Kremtopping Sjokolade Vegan 200ml Schlagfix
7035620054341|Krepsehaler 150g Fiskemannen
7047716800022|Krepsehaler i Lake 330g Engelsviken
8008698002070|Kringler Salinis Gl.Fri 60g Schar 60g
5060040255506|Krispig Fruktfisk Bringebær 12g Kiddylicious
5701977001841|Krone-Is Cookie Dough 4pk Naturli'
7037210120542|Krone-Is glutenfri 4stk Diplom-Is
5701977000769|Krone-Is Salt Karamell 4-Pk Naturli'
5900102023646|Krowka Mleczna 250g Wawel
7025990003070|Kruspersille 40g pakke
7031540000475|Kruspersille 6,5cm Potte Gartner
5900085011180|Krydder Flytende 200g Maggi
633148100013|Krydder m/Lime og Chili 142g Tajin
7035620039805|Krydderlaks Varmrøkt 125g Fiskemannen
7045010001558|Kryddermiks Ovnsbakt Fisk 11g Pos Hindu
7045010001596|Kryddermiks Potetbåt 10g Pos Hindu
7045010001534|Kryddermiks Shish Kebab 10g Pos Hindu
5701239498532|Kryddermix Jalapeno 20g Meny
3234750047559|Kryddernellik 25g Albert Ménès
7058040675903|Kryddersalami 100g Grilstad
7034170020066|Kryddersalami skivet 90g Bjerke
7051860306354|Kryddersildfilet 580g Sildakongen
7051860040104|Kryddersildfilet Carlo Blå 630g Sildakongen
7090047410170|Kryddersildfilet Original Juviksild
7035620034213|Kryddersildfilet Spiseklar 150g Fiskemannen
7037206100084|Krydderskinke 110g Gilde
7037203630904|Krydderskinke Løvtynn 110g Gilde
7046480000034|Kryddersmør 100g Nesjar
7035620006753|Kryddersmør 65g Jacobs Utvalgte
2000938700001|Kryddersmør Bearnaise 50g
7046480000041|Kryddersmør Hvitløk 100g Nesjar
7034281413009|Kryddersmør Hvitløk 90g Synnøve
7034281412002|Kryddersmør Paprika 90g Synnøve
2000897500001|Kryddersmør Urter 50g
7090040560100|Kuba Chorizo 300g Metervare
7090008302117|Kulinaris Iskrem Kaffe Mocca 0,5l
7090008304203|Kulinaris Iskrem Kirsebær m/Sjokoladebiter 0,5l
7090008302018|Kulinaris Iskrem Lakris 0,5l
7090008304180|Kulinaris Iskrem Mintsjokolade m/Sjokoladebiter 0,5l
7090008302803|Kulinaris Iskrem Pistasj 0,5l
7090008302025|Kulinaris Iskrem Sjokolade 0,5l
7090008302001|Kulinaris Iskrem Vanilje 0,5l
7090008301271|Kulinaris Sorbet Bringebær 0,5l
7090008301325|Kulinaris Sorbet Jordbær 0,5l
7090008301295|Kulinaris Sorbet Mango 0,5l
7090008301318|Kulinaris Sorbet Sitron 0,5l
7038010000737|Kulturmelk 1000g Tine
7090058690516|Kulturmjølk 6% Upasteurisert 1l Jerseymeieriet
2000174600004|Kveite Filet Sterling Oppdrett pr Kg
2000923700009|Kveite skiver Sterling Oppdrett 1-3kg
2000184600001|Kveite skiver Sterling oppdrettskveite 3-5kg
2000718600002|Kveite Villfanget skiver pr Kg
5701027004716|Kvernsalt 500g Jozo
7025090013115|Kviteseidsmør 450g Tine
2302224200005|Kvitlin Ca250g Tine
2000623900006|Kvitlin Geitost Kvit, Lagret 4+ Mnd
2000600100009|Kylling 1/2 Grillet pr stykk
7039610006792|Kylling 390g Prior
7036110212531|Kylling Club 170g Delikat
7090046520054|Kylling Fond Demi 1l Salsus
7071026101173|Kylling Grill Halal 400g Manstad Kjøtt
7035620057885|Kylling Grillfilet Bbq 440g Folkets
2323266900005|Kylling hel 1,5-2kg Kyllinggården
2387709700003|Kylling hel Ca1,8kg Lerstang
2373300100007|Kylling hel Fersk Ca2,2kg Holte
2373310100004|Kylling hel Rå Økologisk Ca2,2kg Holte
2000762100008|Kylling Indisk Punjabi Kald pr Kg
7055330033986|Kylling Jalfrezi 450g
7090013751511|Kylling Lårfilet 2stk 240g Lerstang
7039610026776|Kylling Lårfilet 600g Kyllinggården
7043180081127|Kylling Lårfilet Spiseklar Bbq 200g Dsh
7039610013035|Kylling Lårklubber 650g Kyllinggården
7039610006020|Kylling Lårklubber Grillet 750g Prior
2373313000004|Kylling Lårstek Økologisk Ca500g Holte
2351832300003|Kylling Lårstykker Ca2kg First Price
2000762200005|Kylling m/Ris & Grønnsaker Kald pr Kg
7039610027797|Kylling Nuggets 290g Prior
7039610004736|Kylling Nuggets 500g Prior
7058040668707|Kylling Nuggets 600g Grilstad
7039610013097|Kylling Overlår 650g Kyllinggården
7039610007744|Kylling Salatkjøtt Spiseklar 200g Prior
7037610237024|Kylling Tandoori 450g Saritas
7035620052279|Kylling Tikka 480g Fersk & Ferdig
7037610237017|Kylling Tikka Masala 450g Saritas
2351833600003|Kylling V.Klubber Naturell Ca1,2kg Folkets
7039610012038|Kylling Vingeklubb Grillet 700g Prior
7039610003906|Kyllingbacon skivet 140g Prior
7090013751276|Kyllingbryst 240g Lerstang
2373301000009|Kyllingbryst Fersk Ca300g Holte
7033330088533|Kyllingbryst i Urtesaus 490g Fjordland
7090013751474|Kyllingbryst Pepper&Chili 240g Lerstang
2373311000006|Kyllingbryst Økologisk Ca300g Holte
7039010550901|Kyllingbuljong 80g Toro
7035620058370|Kyllingburger 220g Sommervibber
7090030261611|Kyllingburger Sprøpa 450g Halal Produsenten
2350400500005|Kyllingconfit 2stk Ca600g Lerstang
7039610003876|Kyllingfilet 1400g Kyllinggården
7039610012885|Kyllingfilet 1kg Kyllinggården
7039610007911|Kyllingfilet 2 skiver 210g Kyllinggården
7090013751832|Kyllingfilet 2stk 360g Lerstang
7039610012854|Kyllingfilet 460g Kyllinggården
7039610013004|Kyllingfilet 700g Kyllinggården
7039610000721|Kyllingfilet Biter 600g Kyllinggården
7039610010232|Kyllingfilet Grillet Løvtynn 110g Prior
7039610001353|Kyllingfilet Naturell 110g Prior
7039610012441|Kyllingfilet Naturell 200g Prior
7039610001414|Kyllingfilet Paprika/Urter 110g Prior
7039610001384|Kyllingfilet Pepper/Hvitløk 110g Prior
7043180068524|Kyllingfilet Sanwich Kreolsk Stekt 200g Dsh
7039610008437|Kyllingfilet skivet Grillet 200g Prior
7025050019751|Kyllingfilet Spicy Pålegg 90g Finsbråten
7043180105922|Kyllingfilet Spiseklar Provence 200g Dsh
7090013750811|Kyllingfilet Spiseklar180g Lerstang
7035620057847|Kyllingfilet Spyd Chili&Lime 180g Folkets
7035620060786|Kyllingfilet Spyd Tropical Bbq 180g Folkets
7043180054220|Kyllingfilet Stekt Soltørket Tomat 200g
7043180054121|Kyllingfilet Stekt&Skivet 200g Den Stolte Hane
7039610026677|Kyllingfilet Strimler 400g Kyllinggården
7039610009397|Kyllingfilet Tomat&Urter 450g Kyllinggården
7322550052722|Kyllingfond 180ml Touch Of Taste
7350090454096|Kyllingkebab 275g Super Mønsj
7035620052828|Kyllingkjøttdeig 600g First Price
7039610012595|Kyllingkjøttdeig u/Salt&Vann 400g Kyllinggården
2000605500002|Kyllingklubbe Grillet pr Kg
2373304200000|Kyllingklubber Fersk Ca450g Holte
7090013751788|Kyllingklubber Kryddret 400g Lerstang
2373314100000|Kyllingklubber Økologisk Ca450g Holte
7090046520122|Kyllingkraft 1l Salsus
7035620035531|Kyllingkraft 250ml Jacobs Utvalgte
7090013750514|Kyllingkraft Fersk 240ml Gårdsand
7613038671031|Kyllingkraft Klar 500ml Maggi
7090015501428|Kyllingkraft Økologisk 180ml Holte
7035620053719|Kyllingkrydder 55g Jacobs Utvalgte
7045010003156|Kyllingkrydder 66g glass Hindu
7311311016301|Kyllingkrydder 87g Santa-Maria
7039610011703|Kyllinglever 500g Prior
2373304400004|Kyllinglever Fersk Ca450g Holte
2373314500008|Kyllinglever Økologisk Fersk Ca390g Holte
2387709200008|Kyllinglår Ca300g Lerstang
2373302000008|Kyllinglår Fersk Ca400g Holte
7039610005214|Kyllinglår Grillet 1,12kg Sommervibber
2000525100009|Kyllinglår Grillet pr stykk
7090013751450|Kyllinglår Hvitløk&Pepper 270g Lerstang
7035620015502|Kyllinglår Krydret 850g Folkets
2373312000005|Kyllinglår Økologisk Ca400g Holte
7090013751740|Kyllingminuttfilet Black Garlic 200g Lerstang
7090013751757|Kyllingminuttfilet Wild Garlic 200g Lerstang
7039610002503|Kyllingpostei Ovnsbakt 180g Prior
7035620068355|Kyllingpølse m/Sitron 240g Jacobs Utvalgte
7035620064630|Kyllingsalat 180g Eldorado
7036110211336|Kyllingsalat 200g Mills
7035620062247|Kyllingsalat Tikka Masala 180g Eldorado
2373339300003|Kyllingskrog Ca1kg Frys Holte
2373314700002|Kyllingskrog Økologisk Ca1kg Holte
31440|Kyllingspyd Bbq Kald pr stykk
2000762600003|Kyllingspyd Gyros Kald pr stykk
2000736100003|Kyllingspyd Gyros Varm pr stykk
2000604700007|Kyllingspyd Korean Bbq Varm pr stykk
2000762900004|Kyllingspyd Spicy Chili Kald pr stykk
7034280004116|Kyllingstrimler Bbq 100g Peppes
7090025492068|Kyllingsuppe 500g Mere Mat
7090025492945|Kyllingsuppe Marokkansk 500g Mere Mat
2373304000006|Kyllingvinger Ferske Ca450g Holte
7039610027544|Kyllingvinger Grillet 500g Prior
7090013751764|Kyllingvinger Krydret 300g Lerstang
7043180108428|Kyllingvinger Lollipop Chili Bbq 700g Dsh
2351826000001|Kyllingvinger Naturell Ca1,2kg Folkets
2373314000003|Kyllingvinger Økologisk Ca450g Holte
7071026101203|Kyllingwiener Halal 500g Manstad Kjøtt
7037610042413|Kålrabistappe 94g Toro
2000474700008|Kålrot pr stk
7023026416771|Kålrotstappe 400g Grønn&Frisk
7037710038019|Laban Seigmenn 260g Nidar
70177087807|Lady Grey Te 200g Twinings
70177078775|Lady Grey Tea 25pos Twinings
7090062960605|Lakris 500ml Go'Is Hadeland
7028630004369|Lakris i Sjokolade 150g Hval
7035450041245|Lakris Is 0,5l Galåvolden
8712514917157|Lakris Salt Sukkerfri 100g De Bron
5010169231196|Lakris Toffee 119g Walker's
5010169060857|Lakris Toffee Bar 50g Walkers
8410525241017|Lakrisbiter Gourmet Gl.Fri 180g Fini
8410525252877|Lakrisbiter Sitron Gourmet Gl.Fri 180g Fini
7037710037876|Lakrisbåter 200g Skipper
7035620040597|Lakriskuler m/Hvit Sjoko/Br.Bær/Chili 150g Ju
7035620062346|Lakriskuler m/Karamell 150g Jacobs Utvalgte
7035620041105|Lakriskuler m/Melkesjoko/Havsalt 150g Jacobs
7035620041471|Lakriskuler m/Melkesjoko/Lakris 150g Jacobs
5710175122562|Lakrispulver 45g Mill&Mortar
2387071300009|Laks Backloin 1/1 Ca380g Frøya
7090028512053|Laks Backloin 1/2 180g Frøya
7023539702316|Laks Einerrøkt Bit 250g Lofoten
7023539704938|Laks Einerrøkt skivet 100g Landbasert Lofoten
7023539702835|Laks Einerrøkt skivet 220g Lofoten
2000555400001|Laks Filet Aurora Oppdrett pr Kg
7023539700749|Laks Gravet skivet 100g Lofoten
7090009651306|Laks Gravet skivet 100g Troll
7090009651320|Laks Gravet skivet 250g Troll
7090009651313|Laks Gravet skivet 500g Troll
2364263500003|Laks Loin Large Ca620g Salma
7033352770713|Laks Loin Liten Ca250g Lerøy
2364263400006|Laks Loin Small Ca280g Salma
7033352770706|Laks Loin Stor Ca600g Lerøy
2387071200002|Laks Midloin 1/1 Ca650g Frøya
7090028512046|Laks Midloin 1/2 300g Frøya
7033352688322|Laks Porsjon Renskåret u/Skinn 300g Lerøy
7033352770676|Laks Porsjon u/Skinn 4x125g Lerøy
7033352670464|Laks Porsjoner m/Skinn 2x125g Aluform Lerøy
7033352737471|Laks Porsjoner m/Skinn 4x100g Lerøy
7035620027284|Laks Røkt 100g Jacobs Utvalgte
7090041530003|Laks Røkt Bit 200g Garnvik
2380941300000|Laks Røkt Bit Ca250g Troll
7035620005329|Laks Røkt skivet 100g Fiskemannen
7023539700701|Laks Røkt skivet 100g Lofoten
7090009651122|Laks Røkt skivet 100g Troll
7035620038761|Laks Røkt skivet 200g First Price
7090009651191|Laks Røkt skivet 200g Troll
7090009651177|Laks Røkt skivet 500g Troll
2000870500004|Laks skiver Aurora Oppdrettpr Kg
7090041530058|Laks Varmrøkt Bit 200g Garnvik
7033352724082|Lakseburger 2x130g Lerøy
7023539702408|Lakseburger Naturell 2x130g Lofoten
7033352302969|Laksefilet Frys Porsjoner u/Skinn 4x125g Lerøy
7035620066832|Laksefilet i Biter 400g Fiskemannen
7035620052781|Laksefilet m/Poteter 400g Fersk & Ferdig
7033352756724|Laksefilet m/Skinn 450g Sommervibber
2000178900001|Laksefilet m/Skinn Marinert 125g pr stykk
2000178800004|Laksefilet m/Skinn Naturell 125g Oppdr pr stykk
2000185100005|Laksefilet m/Skinn Oppdrett pr Kg
7035620087509|Laksefilet Naturell 4x125g First Price
2000951800009|Laksefilet u/Skinn Natur 125g Oppdr stykk
7035620064296|Laksefilet u/Skinn&Ben 500g Fiskemannen
7613036876599|Laksegryte 6mnd 190g Nestle
7090009658404|Laksepålegg Wasabi&Ingefær 180g
7021030000030|Lakserogn Naturell 50g Nordic Caviar
7023539702774|Lakserøre Røkt Original 180g Lofoten
7023539702781|Lakserøre Urter&Sitron 180g Lofoten
2000185500003|Lakseskiver Oppdrett
2301009700006|Lam Indrefilet Ca300g Gourmetlam
2301280100007|Lam Lårskiver Hverdagslam Ca500g Gilde
7090040560117|Lambertseter Lammepølse 300g Metervare
4003011400841|Lamme-Fond 200g Englert
2000710100005|Lammebaron Naturell Jæren Smak pr Kg
2301403300000|Lammebiff Av Mørbrad 500g Gourmetlam
2000761100009|Lammebog skiver pr stk
2365602800006|Lammecarre Ca1,1kg New Zealand
2301280300001|Lammecarre Ca1kg Gourmetlam
2000709500007|Lammecarre Jæren Smak pr stk
7037203626952|Lammedeig Hverdagslam 400g Gilde
4007680475360|Lammefond 500ml Jurgen Langbein
7033330084849|Lammefrikasse m/Poteter 520g Fjordland
2301318100009|Lammekjøtt Salt Ca950g Gilde
2301577200007|Lammekoteletter Hverdagslam 400g Gilde
2000707900007|Lammekoteletter Jæren Smak pr stk
2000765000008|Lammekoteletter pr stk
7035620001307|Lammekraft 250ml Jacobs Utvalgte
2373931700003|Lammelår Ca3kg Fryst hel m/Mørbrad og Knoke
2301343900001|Lammelår m/Mørbrad Ca3,1kg Gilde
7058040653703|Lammelår Marinert Speket 80g Tind
7037204542183|Lammelår skiver Frys 1kg Gilde
2000709900005|Lammelår skiver Jæren Smak pr stk
7020099001279|Lammelår skivet Krydret Ca480g Sommervibber
7035620067990|Lammepølse m/Ost 240g Jacobs Utvalgte
7048670400389|Lammepølse m/Ramsløk 300g Vossakjøt
2301642300007|Lammeribbe m/Filet Ca700g Gourmetlam
7037206100039|Lammerull 100g Gilde
2000710300009|Lammesadel Jæren Smak pr stk
7037610204552|Lammesaus m/Urter&Rødvin 42g Toro
2000770900003|Lammeskank pr stk
2351837200001|Lammeskank Rosmarin&Pepper Ca700g Folkets
2301641800003|Lammestek Av Lår Ca1,1kg Gourmetlam
2000766500002|Lammestek skiver Fryst pr Kg
2000159800009|Landpate Belgisk pr Kg
7035620061042|Landpølse Italiensk Sous Vide 240g
5410673005861|Langkornetris 1kg Ben's Original
3336660000164|Langres 180g
7029992040002|Lapskaus 800g Inderøy Slakteri
7039610002046|Lapskaus Brun 500g Gilde
2375304700009|Lapskaus Brun Ca2kg Matbørsen
7045810000423|Lapskaus Lys 800g boks Trondhjems
2375305100006|Lapskaus Lys Ca2kg Matbørsen
7026510156207|Lapskausblanding 2,5kg Norrek
7035620024559|Lapskausblanding 800g First Price
4002359021305|Lasagne Creamy 440g Dolmio
8008698048559|Lasagne glutenfri 250g Schär
7037610230414|Lasagne Kit glutenfri 300g Toro
4002359021251|Lasagne Tomato 450g Dolmio
3234750031947|Lauerbær 2.5g Albert Ménès
7045010001190|Laurbærblader 8g Pos Hindu
8710398016515|Lays Chips Saltet 175g
2350612000003|Le Grand Rustique Ca1kg Le Rustique
2000128000003|Le Roule Hvitløk .
7044610874258|Lemon 1l flaske Schweppes
5000172100138|Lemon Curd 320g Robertsons
9311493002336|Lemon Lime Bitters 375ml flaske Bundaberg
5063270111079|Lemon Tea Ginger 20pos Pukka
615357122253|Lemon&Ginger Tea 20pos Taylors Of Harrogate
9311493004057|Lemonade 375ml flaske Bundaberg
7090036690019|Lemonade Bringebær 0,33l Frigard
5410233710082|Lemonjuice 250ml Realemon
7313619002895|Lemonliscious Lemonade 850ml Brämhults
7038010068065|Lettmelk 0,5% 0,5l Tine
7048840081950|Lettmelk 0,5% 1,75l Q
7038010000911|Lettmelk 0,5% 1,75l Tine
7048840000500|Lettmelk 0,5% 1l Q
7038010001918|Lettmelk 0,5% 1l Tine
7038010052682|Lettmelk 0,5% Laktosefri 1l Tine
7048840000548|Lettmelk 1% 1,75l Q
7048840000029|Lettmelk 1% 1l Q
7038010002748|Lettmelk 1% Laktosefri 1l Tine
7038010000980|Lettmelk 1,0% 1,75l Tine
7038010001642|Lettmelk 1,0% 1l Tine
7038010071188|Lettmelk Sjokolade Usøtet 1,75l Tine
7038010064609|Lettmelk Sjokolade Usøtet 1l Tine
7090006470177|Lettmjølk 0,5% Økologisk 1l Røros
7090006470160|Lettmjølk 1,2% Økologisk 1l Røros
7090006470368|Lettmjølk Fersk 1,2% Laktosefri Økol 1l Røros
7038010045301|Lettrømme 10% 300g Tine
7048840000456|Lettrømme 17% 300g Q
7038010005459|Lettrømme 17% 300g Tine
7048840200016|Lettrømme 17% Laktosefri 300g Q
7038010040351|Lettrømme 17% Laktosefri 300g Tine
7090006473857|Lettrømme 17% Økologisk 250g Rørosmeieriet
2000912400002|Lettsaltet Torsk Filet Tint Råvare pr Kg
7037204195228|Leverpostei Fersk 150g Go&Mager
7039010578851|Leverpostei Fersk 150g Stabburet
7039010010306|Leverpostei glutenfri 100g Stabburet
7039010539579|Leverpostei glutenfri 6x22g Stabburet
7035620017841|Leverpostei Grov Ovnsbakt 185g Folkets
7035620060618|Leverpostei Grovhakket 175g Jacobs Utvalgte
7037204194320|Leverpostei Ovnsbakt 180g Go&Mager
7035620063930|Leverpostei Ovnsbakt 240g First Price
7037203626679|Leverpostei Ovnsbakt Bacon 180g Gilde
7037203626563|Leverpostei Ovnsbakt Original 190g Gilde
7350101604526|Licorice Love 80g Tweek
2000456800009|Lilla blomkål pr stk
8004402119423|Limabønner 400g Cioa
5701125256550|Lime Mixer 0,5l Shake It
2000404800006|Lime pr stk
7040512506211|Lime Økologisk 200g
5410233740072|Limejuice 250ml Realemon
76106026|Limesaft 115ml Sicilia
7035620069420|Limonade Blodappelsin 0,33l boks Eldorado
7040518510663|Limonade Bringebær 1l Jacobs
7023860067092|Limonade Bringebær m/Rips 0,75l Balholm
7040518510656|Limonade Original 1l Jacobs
7035620068492|Limonade Sitron 0,33l boks Eldorado
3046920028004|Lindt Excellence 70% Cocoa Dark 100g
3046920028363|Lindt Excellence 85% Cacao Dark 100g
3046920029759|Lindt Excellence 90% 100g
3046920028721|Lindt Excellence 99% Kakao Mørk
3046920020305|Lindt Excellence Caramelized Hazelnut 100g
7610400070577|Lindt Excellence Chilli Dark 100g
3046920028370|Lindt Excellence Dark Orange 100g
3046920023047|Lindt Excellence Pistachio 100g
3046920029674|Lindt Excellence Seasalt Dark 100g
7610400090230|Lindt Les Grandes Almond Sea Salt 150g
7610400087773|Lindt Les Grandes Dark Hazelnut 150g
7610400087759|Lindt Les Grandes White Almond 150g
7310130004711|Linfrø Knuste 260g Gogreen
7070622010605|Linfrøolje Økologisk 250ml Helios
5060283763615|Linsechips Cheese 85g Proper
8588009438007|Linsechips m/ Sour Cream & Onion 55g
8588009438076|Linsechips m/Smoked Ham Proteinrik 55g
7071992002955|Linsegryte m/Spinat 685g Masalamagic
7310130009792|Linser Grønne 380g Gogreen
7312787710199|Linser Grønne 400g Gogreen
7090034903807|Linser Grønne 500g Jasmin
7310130009716|Linser Røde 380g Gogreen
7312787710182|Linser Røde 400g Gogreen
7090034903838|Linser Røde 500g Jasmin
7029121011880|Linser Røde Tørre Økologisk 500g Helios
7035620058943|Linser Røde Økologisk 380g Vilje
7035620058837|Linser Økologisk 380g Vilje
7044610876849|Lipton Icetea Lemon 0,5l flaske
8720608006663|Lipton Icetea Lemon Pulver 50g
8720608006649|Lipton Icetea Mango Pulver 50g
7044610876856|Lipton Icetea Peach 0,5l
8720608006656|Lipton Icetea Peach Pulver 50g
75076130180|Liquid Smoke 147ml Try Me
7038010070921|Litago Melk Dobbel Sjokolade 0,5l Tine
7038010002663|Litago Melk Jordbær 0,5l Tine
7038010002625|Litago Melk Sjokolade 0,5l Tine
7038010034985|Litago Melk Sjokolade 1l Tine
7038010073489|Litago Melk Sjokolade&Karamell 0,5l Tine
7038010066191|Litago Sjokomelk u/Sukker 0,5l Tine
7090049650185|Litchisorbet 0,5l Gioia
5027324001235|Little Moons 6pk m/Bringebæriskrem 192g
5027324001839|Little Moons Ice Cream Passionfr&Mango 192g
5027324001181|Little Moons Ice Cream Vanilla 192g
7090014610923|Livs Klokkebrød Skåret glutenfri 500g Tangent
7045450609086|Lobnobs 90g Sibelia
7045452501401|Lobnobs Sibelia 110g
7035620087806|Lodderogn Sort 100g Fiskemannen
7037590000663|Loff glutenfri 500g Brisk
7090031240202|Loff Skåret glutenfri 450g Klæbu
7330242240012|Loff Vita Toast Skåret glutenfri 500g Fria
7023530140148|Lofotburger 86% Torsk&Hyse 4x125g Lofoten
7023530140162|Lofotburger 86% Torsk&Sei 4x125g Lofoten
7090012890020|Lofoten Arctic Water m/Kullsyre 0,888l flaske
7090012890013|Lofoten Arctic Water u/Kullsyre 0,888l flaske
7027110001478|Lofotpostei 100g King Oscar
7398818389992|Lohilo Iskrem Salted Caramel 350ml
7037210119690|Lollipop Is 1,2l Diplom-Is
59051947|Lollipop Tyrkisk Peber Original 9g Fazer
7090040912947|Lomo Speket Ytrefilet 60g Ask
7028250003605|Lomper Gl.Fri 6stk Engers Lefsebakeri
5010478248441|Love Hearts Giant 52g Swizzels
5010478477896|Love Hearts Lipstick 6g
5010478402232|Love Hearts Mini Bag 127g Swizzels
7350068294969|Lowcaly Fruktdrikk Hvit Fersken 1l
7350068295867|Lowcaly Fruktdrikk Mango 100cl
7350068293863|Lowcaly Fruktdrikk Raspberry 100cl
7350068292965|Lowcaly Strawberry 1l
7090049650444|Lucumais 0,5l Gioia
5901882014800|Lunch Box m/ Nudler&Kylling Gl.Fri 85g
7037204720536|Lungemos Snabb 400g Gilde
2000531700002|Lunsjkake Varm pr stykk
2375328600002|Lunsjkaker 2,5kg (18stk À 140g) Matbørsen
7055330026261|Lunsjkaker 2x140g Meny
7035620041600|Lunsjkaker 500g Folkets
2386155900005|Lutefisk Loin Frys Ca800g Halvors
2000842900009|Lutefisk Midtstykke pr Kg
3800012193120|Lutenica Hjemmelaget 515g Olinesa
2000179700006|Lyngen Reker pr Kg
70111064|Lynghonning 250g Stavland
7090006090139|Lynghonning 350g Kjartan Dahl
7035456600507|Lynghonning 60g Nordli Gård
7026450054502|Lynghonning Norsk 350g Honningcentralen
7055330034549|Lys Lapskaus 1kg Fersk&Ferdig
2000763400008|Lys Lapskaus Kald pr Kg
2000539800001|Lysing Filet Vill pr Kg
7310350118496|Läkerol Classic Cactus 25g
7310350119035|Läkerol Classic Salty Caramel 25g
7310350118595|Läkerol Classic Salvi 25g
7310350118526|Läkerol Classic Seasalt 25g
7310350135783|Läkerol Classic Triple Treat 75g
7310350505258|Läkerol More Peach 30g
7310350505265|Läkerol More Salmiak 30g
2000726100006|Lårtunge Av Storfe pr Kg
7310050001043|Løfbergs Lila 450g Filtermalt
7310050012230|Løfbergs Lila Black Mystery Bønner 400g
7310050001777|Løfbergs Lila Harmoni Filter Økol.Fairtr. 450g
7391159022016|Løjrom Kalix 100g
7040514001400|Løk Gul 2stk 450g Strømpe
7040514001226|Løk Gul 4stk 700g Strømpe
7037570001567|Løk Sprøstekt glutenfri 100g Foodman
7045386068704|Løkdog 220g Sommervibber
7311311015250|Løkpulver 41g Santa-Maria
7045010003187|Løkpulver 44g glass Hindu
5012427143708|Løksuppe 400g Baxters
60032170188|Lønnesirup 100% 250g Winnetou
7026450053390|Lønnesirup Lys Økologisk 236ml Honningcentralen
7026450053420|Lønnesirup Mørk Økologisk 236ml Honningcentralen
7029123164959|Lønnesirup Økologisk 189ml Helios
7035620028311|Løvbiff 2x100g Folkets
7039010057189|Løvstek 240g Stabburet
6429810608000|Løyrom 100g Blue Saimaa
5060595790477|M'Z Gems Sjokolade Gl.Fri&Vegansk 80g Mummy Meegz
5060595790491|M'Z Gems Sjokolade Peanut Gl.Fri&Veg. 80g Mummy Meegz
2000115300000|Maasdam 3 Mnd Landana
2000142100000|Maasdam 3 Mnd Landana
2000559100006|Maasdam Modnet .
7037120024688|Mack Ginger Beer Chili 0,33l boks
7037120024695|Mack Ginger Beer Chili 0,33lx4 boks
7037120021076|Mack Ginger Beer Lite 0,33l boks
7037120021083|Mack Ginger Beer Lite 0,33lx4 boks
7037120021045|Mack Ginger Beer Original 0,33l boks
7037120021052|Mack Ginger Beer Original 0,33lx4 boks
7037120031051|Mack Isbjørn Cider Cozmo 0,5l boks
7037120031068|Mack Isbjørn Cider Cozmo 0,5lx6 boks
7037120034366|Mack Isbjørn Cider Fersken&Bringebær 0,5l boks
7037120030979|Mack Isbjørn Cider Limonella 0,5l boks
7037120030986|Mack Isbjørn Cider Limonella 0,5lx6 boks
7037120018601|Mack Isbjørn Lite 0,5l boks
7037120018618|Mack Isbjørn Lite 0,5lx6 boks
7037120029171|Mack Isbjørn Lite Blodappelsin 0,5l boks
7037120029188|Mack Isbjørn Lite Blodappelsin 0,5lx6 boks
7037120031358|Mack Isbjørn Lite Fatøl 0,5l boks
7037120031365|Mack Isbjørn Lite Fatøl 0,5lx6 boks
7037120026835|Mack Isbjørn Lite Free 0,33l boks
7037120026842|Mack Isbjørn Lite Free 0,33lx6 boks
7037120018663|Mack Isbjørn Lite Gl.Fri 0,33l boks
7037120029584|Mack Isbjørn Lite Gl.Fri 0,33lx10bx
7037120026736|Mack Isbjørn Lite Mango Gl.Fri 0,5l boks
7037120026743|Mack Isbjørn Lite Mango Gl.Fri 0,5lx6 boks
7037120033789|Mack Isbjørn Lite Sommerpils 0,33l boks
7037120033796|Mack Isbjørn Lite Sommerpils 0,33lx10 boks
7038010055843|Mager Kesam Vanilje 420g Tine
7041810010134|Magerost Jalapeno 175g Tube Kavli
7041810010165|Magerost Kylling 175g Tube Kavli
7041810128921|Magerost Naturell Tube 175g Kavli
7041810010073|Magerost Skinke 175g Tube Kavli
5702070046401|Magnesium Svelgetablett 100stk Sana-Sol
7035620041679|Magnesium Svelgetablett 120stk Løft
8711327624917|Magnum Is After Dinner 8x35ml
8721274813104|Magnum Småis La Pistache 6x55ml
8721274814347|Magnum Småis White Chocolate Strawberry 6x55ml
7039281548201|Mais Biter Sous Vide 1kg
7350028546206|Maiskaker Cheese glutenfri 25g Friggs
7350028543762|Maiskaker Chia/Havsalt 130g Friggs
7350028543779|Maiskaker Linfrø&Rosmarin 130g Friggs
7350028545094|Maiskaker Ost 125g Friggs
7350028549009|Maiskaker Paprika 125g Friggs
7350028546213|Maiskaker Pizza glutenfri 25g Friggs
7350028548644|Maiskaker Smør&Havsalt 120g Friggs
7350028549139|Maiskaker Sourcream&Onion 125g Friggs
3182340511211|Maiskolbe 2pk Sous Vide 500g
7035620060847|Maiskolber 830g Eldorado
7035620066085|Maiskorn 150g Vilje
7311041013601|Maiskorn 340g First Price
7311041048290|Maiskorn 380g Eldorado
7311041000663|Maiskorn 3x198g Eldorado
7035620061707|Maiskorn 450g Eldorado
3254474020683|Maiskorn Extra Crispy 160g Green Giant
3254474019274|Maiskorn Extra Crispy 3x160g Green Giant
8000271000886|Maismel 1kg Maseca
7070848071060|Maismel Økologisk 350g Dgv
7090034901117|Maisolje 3l Jasmin
8588000026517|Maisringer m/Eple&Gulrot 30g Minimi
5745001279073|Maissnack Mais Gulrot Mango Øko 20g Lovemade
7055330035157|Maisstuing 300g
8718114782591|Maizena Maisstivelse 400g
8718114751962|Maizenajevner Brun 250g
8718114751900|Maizenajevner Lys 250g
7036110121024|Majo 330g Mills
7036110212739|Majo Asiatisk 130g Mills
7036110212722|Majo Hamburger 130g Mills
7036110212357|Majo Sriracha 130g Mills
5900085011012|Majones 400ml Winiary
8712566175130|Majones Chilli 253g Hellmann's
7036110009841|Majones Ekte 160g Tube Mills
7036110006079|Majones Ekte 165g Mills
7035620062117|Majones Ekte 170g Eldorado
7036110210933|Majones Ekte 260g Mills
7036110006086|Majones Ekte 2pk 330g Mills
7035620048845|Majones Ekte 330g Eldorado
7036110011462|Majones Ekte 3pk 495g Mills
7311041029268|Majones Ekte 500g First Price
8712566175086|Majones Garlic 253g Hellmann's
8720182666505|Majones Klassisk 125ml Hellmann's
7036110009827|Majones Lett 170g Tube Mills
7036110005560|Majones Lett 175g Tube Vita Hjertego'
7036110009858|Majones Lett 225g Tube Mills
8721317775154|Majones Lett 250ml Hellmann's
7036110006123|Majones Lett 330g Mills
5060194792209|Majones m/Wasabi 160g Saitaku
5060194792186|Majones Original 160g Saitaku
4770583000945|Majones Original 620g Kedainiu
8712100536939|Majones Real 200g Hellmann's
5000184321064|Majones Real 400g Hellmann's
8710522882207|Majones Real Squeeze 250ml Hellmann's
4770583214557|Majones u/Konservering 430g Kedainiu
8008698048399|Makaroni glutenfri 500g Schär
2000187700005|Makrell Filet Vill pr Kg
7027110223719|Makrell Grovrevet i Tomat 100g King Oscar
7023539701531|Makrell i Tomat Original 110g Lofoten
7023539701562|Makrell i Tomat Original 170g Lofoten
7023539701548|Makrell i Tomat Spicy 110g Lofoten
2000180100000|Makrell Kaldrøkt pr Kg
2000180000003|Makrell Varmrøkt pr Kg
7311041027134|Makrellfilet i Tomat 2x110g First Price
7622210159861|Makronfyll 200g Freia
5011428000379|Maldon Flaksalt 1400g Bøtte
5011428300035|Maldon Salt 125g
5011428100048|Maldon Salt 250g
5011428000232|Maldon Salt m/Kvern 55g Grinder
5011053026713|Mallows Raspberry Juicy Drop 100g Bazooka
7311311015298|Malt Ingefær 31g Santa-Maria
7311311014161|Malt Kanel 40g Santa-Maria
7029121012597|Malt Pepper 75g Økologisk Helios
4014400926293|Mamba Sour Mix Fruktkarameller 106g
2000128300004|Manchego 12 Mnd Pasteurisert
2000908500006|Manchego 6 Mnd Pasteurisert, Rocinante
7035620008610|Manchego 6mnd 150g Jacobs Utvalgte
2000534900003|Manchego 9 Mnd Pasteurisert
8420197001260|Manchego Dop 200g
615357124158|Mandarin&Ginger Te 20pos Taylors Of Harrogate
7311040071909|Mandariner 312g Eldorado
5411188125341|Mandel Barista Professional 1l Alpro
7072130111010|Mandel Essens 15ml Idun
5411188138853|Mandel Iskaffe 250ml Alpro
5411188110835|Mandeldrikk 1l Alpro
5411188112709|Mandeldrikk Usøtet 1l Alpro
7312930000634|Mandelkake 400g Almondy
7315361106845|Mandelkake 750g Delicato
7312930009385|Mandelkake Daim 380g Almondy
7622400944659|Mandelkjerne Pudding 96g Freia
7035620044212|Mandelmel 250g Eldorado
7044710020555|Mandelpotetstappe 500g Hoff
7038010036255|Mandelpudding 0,5l Piano
7070622011183|Mandelsmør Lyst Økologisk 250g Helios
2000492400003|Mandler
7311040172521|Mandler 250g Eldorado
7035620044458|Mandler Kvernede 250g Eldorado
5022374051872|Mandler Mørk Sjokolade 120g Forest Feast
7035620055775|Mandler Skivede m/Skall 150g Eldorado
7035620051043|Mandler Skivede u/Skall 50g Eldorado
7039281546528|Mandler Skoldet Naturelle 60g Grønn&Frisk
7029121012092|Mandler Økologisk 150g Helios
7090040560032|Manglerud Bratwurst 300g Metervare
7090053791010|Mango Chili 245g Saritas
7071992000562|Mango Chutney 250g Masalamagic
7311310034061|Mango Chutney Original 350g St.Maria
5011308510264|Mango Chutney Sweet 210g Pataks
7090053790099|Mango Curry 360g Saritas
7028550078044|Mango Curry Dressing 345ml Litt Bedre
70491226500|Mango Daiquiri 1l Master Of Mixes
7035620061684|Mango i Biter 300g Eldorado
5060107339750|Mango Mango Økol 4mnd 70g Ellas
7350115940276|Mango Mayo Mild 200ml El Taco Truck
5901122237365|Mango Milk Chocolat 130g Schofrulade
5701125256574|Mango Mixer 0,5l Shake It
9008700108829|Mango Nektar Happy Day 1l Rauch
7311312003447|Mango Papaya Salsa 230g St.Maria
3760034312117|Mango Puré 1kg Capfruit
7071992000586|Mango Puré 850g Masalamagic
7042961016068|Mango Salsa 200g
38900029401|Mango Snack Cup 4x113g Dole
7035620059476|Mango Sticky Rice 200g Jacobs Utvalgte
2000431100001|Mango stykk Cevita
2000405100006|Mango stykk First Price
7090046319245|Mango Sweet&Sour Lemon 100g Sunshine Delights
7090046311683|Mango Tørket 200g Sunshine Delights
7040512880045|Mango Tørket 60g Grønn&Frisk
7029123164546|Mango Økol 110g Helios
7090058830035|Mango&Berry Cheesecake 2pk 180g Oslo Raw
7090045940136|Mango&Chili Marmelade 110g Litlestøl
7071992000555|Mango&Lime Chutney 250g Masalamagic
70177234638|Mango&Strawberry 20pos Twinings
7038010007873|Mango/Eple Juice Premium 1l Sunniva
7033850010021|Mangobrus u/Sukker 1,5l Oskar Sylte
3052910036324|Mangopure 0,5l Monin
2000526300002|Mangosalat Vegan pr Kg
7055330021372|Mangosalsa 240g
7090049650123|Mangosorbet 0,5l Gioia
4001686580684|Mao Mix 150g Haribo
4001686505021|Maoam Fruktkaramell 5pk
4001686023341|Maoam Sour Karamell 4pk
7035450045403|Marengsbunn Stor 110g Røros
7035450045427|Marengsbunner Små 65g Røros
7037421061962|Marengstopper 125g Berthas
7023860067085|Margaret Sprudlande 0,75l flaske Balholm
7036110210827|Margarin Flytende 500ml Vita Hjertego
7035620034862|Margarin Flytende Smør/Raps 500ml Eldorado
7035620033995|Margarin Flytende u/Melk 500ml Eldorado
70491206502|Margarita Mixer 1l Master Of Mixes
8410376036169|Maria Kjeks Gl.Fri og Vegansk 380g Gullon
7315200593911|Marinade Allround 65ml Caj P
7311310029500|Marinade Allround 75g St.Maria
7311310029524|Marinade Garlic 75g St.Maria
7315200593928|Marinade Hvitløk 65ml Caj P
7315200593966|Marinade Kylling 65ml Caj P
8004690950142|Marinara Saus 340g La Molisana
8026650000353|Marinerte Tomater Semitørkede 100g
7090066570008|Mariusegg M/L 12stk Årsvoll Gård
7090049650116|Markjordbærsorbet 0,5l Gioia
59471315014|Marmelade Blodappelsin 340g Cottage
637793000940|Marmelade Citrus 340g Mackays
8436027673033|Marmelade til Blåmuggost 70g Canbech
3363476237125|Marmelade til Brebis Manchego 120g Lesgards
3363476260123|Marmelade til Brie 120g Lesgards
3363476234124|Marmelade til Camembert 120g Lesgards
8436027673057|Marmelade til Fastost 66g Canbech
8436027673019|Marmelade til Fastost 67g Canbech
8436027673026|Marmelade til Ferskost 72g Canbech
8436027673040|Marmelade til Kittmodningsost Canbech
3363476247124|Marmelade til Roquefort 120g Lesgards
52600112751|Marshmallow Fluff Vanilje 213g
7044772171578|Marshmallows Bbq 250g Sweetfire
7044771213774|Marshmallows Mini 100g Sweetfire
7044772175859|Marshmallows Mini Multicolor 100g
5060374400177|Marshmallows Sjoko &Vanilje 100g Mallow&Marsh
5060374400108|Marshmallows Sjoko Vanilje 35g Mallow&Marsh
5060374400245|Marshmallows Sjokolade 100g Mallow&Marsh
5060374400238|Marshmallows Sjokolade 35g Mallow & Marsh
5709521022656|Marsipan 23% Mandel 400g Odense
7035620032172|Marsipan 500g Eldorado
5709521049196|Marsipan Ekte 200g Odense
4006262379690|Marsipan Gulrøtter 42g Richie's Bakery
5709521047932|Marsipan u/Tilsatt Sukker 150g Odense
57540597|Marsipanbrød 40g Anthon Berg
5774540921808|Marsipanbrød 4x25g Anthon Berg
5774540980805|Marsipanbrød Baileys 33g Anthon Berg
57540573|Marsipanbrød Cognac 40g Anthon Berg
5774540980706|Marsipanbrød Hasselnøtt 33g Anthon Berg
5774540873800|Marsipanbrød Pistasj 33g Anthon Berg
5709521000364|Marsipanlokk 290g Odense
7033330089448|Masalamagic Butter Chickpeas 400g Fjordland
8002670002010|Mascarpone 250g Granarolo
3760056265217|Mascarpone Laktosefri 250g Casa Azurra
4260024180256|Mascarpone Melkefri 250g Schlagfix
7090049650451|Mascarponeis m/Fiken 0,5l Gioia
7037204606083|Matblod 500g Gilde
855919004027|Matcha Latte Mix Grønn Te 340g Kav
7038010043291|Matfløte 18% 3dl Tine
7038010043321|Matfløte 18% Laktosefri 3dl Tine
7038010043338|Matfløte Lett 10% 3dl Tine
7090047411009|Matjessildfilet Krydret 800g Juviksild
5411188121374|Matlag Soyabasert 250ml Alpro
5411188121435|Matlag Soyabasert Piskbar 250ml Alpro
7311041085394|Matolje 2l First Price
7023539701487|Matpakkekaker 100g Lofoten
5036582005060|Matvin Hvit 187ml Montebello
5036582005084|Matvin Rød 187ml Montebello
2000105800008|Maxi Bocage Camembert
5704190111649|Maxim Brusetablett Total Hydration Orange 100g
5704190111762|Maxim Energy Gel Strawberry 33g
7070866042721|Maxim Protein Shake Karamell Latte 250ml
7070866042752|Maxim Protein Shake Sjokolade 250ml
5704190113797|Maxim Sports Drink Lemon 480g
5704190113834|Maxim Sports Drink Orange 480g
7311312008367|Mayo Chipotle& Chili 250ml St.Maria
7311312008381|Mayo Lime&Jalapeño 250ml St.Maria
8721201908590|Mayo Plantebasert 250ml flaske Hellmann's
7311312008022|Mayo Sesame&Soy 250ml St.Maria
8719189240184|Mayonnaise 500ml Kewpie
47997123107|Meat Magic 57g Chef Paul
7055596051106|Medisterfarse 550g Toten Kjøtt
7037204195426|Medisterfarse Snabb Frys 750g Gilde
7055596053018|Medisterkaker 350g Toten Kjøtt
7071341002551|Medisterkaker 390g Brødr.Ringstad
7055596053001|Medisterkaker 750g Toten Kjøtt
2000727500003|Medisterkaker Brødr.Ringstad løsvekt
7055596050512|Medisterpølse 350g Toten Kjøtt
7037204643330|Medisterpølse Kokt 400g Gilde
5011053014451|Mega Mouth Candy Spray 23g
4001686372586|Mega Roulette Fruit 45g Haribo
7038010010347|Meierismør 250g Bordpk Tine
7038010010316|Meierismør 250g Tine
7038010010187|Meierismør 500g Tine
2000900100006|Meierismør Kuvert 12g Tine
7039010543323|Meksikansk Gryte glutenfri 183g Toro
7023026084307|Meksikansk Kit 270g Grønn&Frisk
7036110210797|Melange Flytende 500ml
7036110210803|Melange Flytende Margarin m/Smør 500ml
7036110009735|Melange Margarin 1kg
7036110009698|Melange Margarin 500g
7036110009711|Melange Margarin u/Melk/Salt/Soya 500g
7029121011194|Melatonin Dråper 30ml Biopharma
7029121012283|Melatonin Sleep Gummies 60stk Biopharma
7029121011521|Melatonin Tyggetabletter 20stk Biopharma
7090011155762|Melblanding Allbruks glutenfri 500g Elda
7020655682348|Melblanding Fin glutenfri 700g Møllerens
7090056640018|Melblanding Grov Gl.Fri 500g Pappa uten Gluten
7037610057332|Melblanding Grov glutenfri 415g Toro
7020655682379|Melblanding Grov glutenfri 700g Møllerens
7090056640001|Melblanding Lys Gl.Fri 500g Pappa uten Gluten
7037610057134|Melblanding Lys glutenfri 375g Toro
5705550304800|Melbu Kaviar 190g Tube Arctic Blue
7311041000403|Melis 500g Eldorado
7315200015406|Melk Kondensert 397g Tørsleffs
8716200488365|Melk Kondensert Søtet 397g Rainbow
4770209048955|Melk Kondensert Usøtet 320g Tørsleffs
8716200613194|Melk Kondensert Usøtet 410g Rainbow
7038010065477|Melk m/Vanilje 1l Tine
7622300137847|Melkehjerter 130g Freia
7310040010857|Melkesjokolade 100g Cloetta
7028630003959|Melkesjokolade 150g Hval
4000194332037|Melkesjokolade Laktosefri 100g Green Star
4000194332303|Melkesjokolade Salty Caramel 100g Green Star
7090046151296|Melkesjokolade Sukkerfri 75g Godtesjuk
7312930007497|Melkesjokoladekake Freia 420g Almondy
5413623700281|Melksjokolade Stevia 44g Cavalier
7330242240050|Mellomgrovtbrød Skåret glutenfri 500g Fria
7038010071751|Mellommelk Melk 2% Fett 1l Tine
8014601651969|Melmix Ekstra Fin glutenfri 1kg Caputo
8008698049266|Melmix m/Fiber glutenfri 500g Schär
8935001728016|Melody Pops 15g Chupa Chups
2000432000003|Melon Snowball hel
7023026110556|Melonmiks 200g Cevita
7023026110372|Melonmiks 400g Cevita
7090049650192|Melonsorbet 0,5l Gioia
8008698026540|Melto Pocket Sjokoladebar Gl.Fri 30g Schär
87368338|Mentos Discovery 37,5g
87353891|Mentos Fresh Cola 37,5g
87108026|Mentos Frukt 37,5g
87108064|Mentos Liquorice Mint 37,5g
90375897|Mer Jordbær&Eple 0,2l
54490475|Mer Pære 0,2l
7045010003200|Merian 6g glass Hindu
7035620052613|Mestersalami 120g Folkets
90478001180|Mexican Cola 370ml flaske Jarritos
8052747931804|Mezze Maniche Gl.Fri 400g Massimozero
7050122161090|Micropop Salt 3x80g Maarud
7050122161106|Micropop Smør 3x80g Maarud
7035620043215|Micropopcorn m/Smør 300g Eldorado
7035620041389|Micropopcorn Saltet 300g Eldorado
5900919053782|Middag Salat 900ml Rolnik
7033352753365|Middagsfavoritt Sprøpanert 500g Lerøy
7311041016237|Middagsris 2kg First Price
7039010612418|Middagsris m/Villris Bib 1kg Toro
7035620058783|Middagsris Økologisk 1kg Vilje
7023026087308|Middelhavs Mix 100g Grønn&Frisk
7036110011547|Middelhavsalat Bønne&Oliven 300g Plantego'
7090040840417|Midnattsol 6biter 55g Jentene På Tunet
7090047200009|Midsummer Hot Sauce 100ml
7090021170014|Mild Mester 200g Tingvoll Ost
7038010071867|Milkshake Sjokolade 250ml Tine
8007885755850|Mimosa Mocktail Økol 200ml Galvanina
7613035605893|Min Frukt Smoothie Eple&Bringebær 90g Nestle
7613033881824|Min Frukt Smoothie Eple/Pære 6mnd 90g Nestle
7613033880537|Min Frukt Smoothie Jordbær 6mnd 90g Nestle
7072175114373|Mince 280g Wauw!
50172672|Mincemeat 411g Robertsons
4770405227079|Mineralvann 1,5l flaske Vytautas
7330242200900|Minibaguette glutenfri 240g Fria
8008698048849|Minibaguetter glutenfri 300g Schär
8713189018217|Minibakels glutenfri 250g Van Diermen
7311040082349|Minimais 425g Eldorado
7042961012831|Minimi Skumpinner Mais&Bokhvete 30g Minimi
7041111154216|Minimix Salt 100g Brynild
7041111154209|Minimix Sur 100g Brynild
7041111154193|Minimix Søt 100g Brynild
7090053791072|Mint Koriander 215g Saritas
5012427334403|Mint Saus 170g Baxters
5012427334304|Mintgele 210g Baxters
8008698049242|Mix Melblanding glutenfri 500g Schär
5011563001729|Mixed Fruit Drops Simkins Sugar Free 150g
24000063056|Mixed Fruit Tropical 3x220g Del Monte
7090000518011|Moccapudding 2x170g Ek
2390341300005|Modningsost 1879 Bit Ca200g Rygge Meieri
3052910015961|Mojito Mint Sirup 70cl Monin
70491225503|Mojito Mixer 1l Master Of Mixes
7070848073590|Monicas Rundstykker Håndlagde 320g Dgv
7040913336219|Monsooned Malabar Hele Bønner 340g Cotw
5060947542921|Monster Aussie Lemonade 0,5l boks
5060166693732|Monster Energy 0,5l boks
5061013940917|Monster Energy Zero 0,5lx4 boks
5060896625638|Monster Full Throttle Zero 0,5l boks
5060751216070|Monster Juiced Monarch 0,5l boks
5056784902363|Monster Juiced Rio Punch 0,5l boks
5056784907580|Monster Lando Norris Zs 0,5l boks
5060517889937|Monster Mango Loco 0,5l boks
5060947544000|Monster Mango Loco 0,5lx4 boks
5060639126095|Monster Pipeline Punch 0,5l boks
5056784910023|Monster Ultra Fantasy Ruby Red 0,5l boks
5060639126378|Monster Ultra Paradise 0,5l boks
5060947547483|Monster Ultra Peachy Keen 0,5l boks
5060947541214|Monster Ultra Rosa 0,5l boks
5056784903766|Monster Ultra Strawberry 0,5l boks
5060337502238|Monster Ultra White 0,5l boks
5060517887735|Monster Ultra White 0,5lx4 boks
5056784909140|Monster Valentino Rossi Zs 0,5l boks
5056784912188|Monster Viking Berry 0,5l boks
5061013940566|Monster Zero Sugar 0,5l boks
2000102900008|Montagnolo Affine Verdensmester 2013
7090040561244|Montebello Rå Parmesanpølse 300g Metervare
5060235830952|Moofree Sjokolade Bunnycomp Melkefri 20g
4008122021374|Moreller 700g
2000404500005|Moreller Kg
7090037180045|Morenepoteter Gule 650g Bjertnæs&Hoel
8008698049556|Morgonknäcke Gl.Fri 205g Schär
3112309996483|Morkler Tørket 20g Borde
5060519148711|Morning Berry 20pos Pukka
7035620064401|Mortadella 100g Jacobs Utvalgte
8003948000646|Mortadella m/Pistasje 80g Negrini
8003948000561|Mortadella m/Trøffel 120g Negrini
8016451150708|Mortadella skivet 70g Tanzi
7040913336912|Mount Kenya Filtermalt 200g Jacobs Utvalgte
7040913336158|Mount Kenya Hele Bønner 700g Cotw
7310070003263|Mountain Dew Sugar Reduction 0,5l flaske
7044610871110|Mozell Drue&Eple 0,5l flaske
7044610871226|Mozell Drue&Eple 1,5l flaske
7044610877167|Mozell Light 0,33l boks
7044611877166|Mozell Light 0,33lx10 boks
7044610873190|Mozell Light Drue&Eple 0,5l flaske
7044610871233|Mozell Light Drue&Eple 1,5l flaske
7035620026416|Mozzarella 210g Eldorado
8002670004205|Mozzarella 220g Granarolo
8002670004342|Mozzarella Cherries 210g Granarolo
8002670016000|Mozzarella Cubetti 150g Granarolo
80067160|Mozzarella Di Bufala 250g Granarolo
8002670006612|Mozzarella Maxi 400g Granarolo
7038010072864|Mozzarella Norsk 225g Tine
7038010022364|Mozzarella Norsk 250g Tine
7034280000569|Mozzarella Ostestrenger 100g Synnøve
5711953156595|Mozzarella Revet 200g Apetina
7042961012855|Msc Kamskjel 20/30 200g, Blister Pack
8008696030495|Muffins Gl.Fri 4-Pk 180g Nutrifree
7044416016999|Muffins Lys 350g Regal
7037610232142|Muffins Mix Lyse 331g Toro
7037610048330|Muffins Mix Sjokolade 342g Toro
7331217017042|Muhammara 150g Sevan
5702070046395|Mulitvitamin Appelsin 90stk Sana-Sol
7090049650079|Multeis 0,5l Gioia
7023511020025|Multer Rørte Gourmet 250g Lisa
8000113010141|Multibar Gl.Fri med Sjokol. 129g Vitabella
8000113010158|Multibar Tranebær 129g Gl.Fri Vitabella
8000113009473|Multigrain Flakes 300g Gl.Fri Vitabella
7029121011026|Multivitamin Brusetablett Appelsin/Ananas
7035620043192|Multivitamin Svelgetablett 100stk Løft
7044610877709|Munkholm Mocktail Grapefruit 0,33l boks
7044611877708|Munkholm Mocktail Grapefruit 0,33lx4 boks
7044610877716|Munkholm Mocktail Peach 0,33l boks
7044611877715|Munkholm Mocktail Peach 0,33lx4 boks
7310340002323|Muscovadosukker Lyst 400g Dansukker
7310340002316|Muscovadosukker Mørkt 400g Dansukker
7045010001213|Muskatblomme Malt 10g Pos Hindu
7045010001237|Muskatnøtt hel 14g Pos Hindu
3162900031274|Muskatnøtt hel 37g Albert Menes
7045010001220|Muskatnøtt Malt 12g Pos Hindu
7311311014604|Muskatnøtt Malt 35g Santa-Maria
7090037971155|Musli Lett Ristet m/Tranebær 400g Dsh
7090037971100|Musli m/Belgisk Sjokolade 400g Dsh
7070848072111|Musli m/Bokhvete u/Havre Gl.Fri Økol 300g Dgv
7090037972107|Musli m/Mango 400g Den Sorte Havre
7070848000756|Muslimiks m/Bær Gl.Fri Økol 425g Dgv
5060318668120|My Little Pony Eplejuice 200ml Appy Kids
7311311014352|Mynte 9g St.Maria
7090047980529|Myntegele 170g Røyland
7025035206329|Myntegele 200g Løiten
64025131|Mynthon Menthol Zip Mint 30g
7310350136636|Mynthon Original Tyggepastill 28g
9005203301733|Måltid Hvite Bønner 100g Grogro
9005203301740|Måltid Linse&Tomat&Gulot 100g Grogro
7613030863434|Mövenpick Chocolata 0,9l
7613030863656|Mövenpick Maple Walnut 0,9l
7613030871811|Mövenpick Vanilla 0,9l
7070866030728|Møllers Omega-3 Trankapsler 160stk
7070866016845|Møllers Total 56stk
7070866013349|Møllers Tran Naturell 250ml
7070866013370|Møllers Tran Naturell 500ml
7070866013400|Møllers Tran Sitron 250ml
7070866013431|Møllers Tran Sitron 500ml
2000732100007|Mørbradbiff Av Storfe i skiver pr Kg
5024278003087|Mørk Sjokolade & Ing glutenfri Flapjack
7310040010864|Mørk Sjokolade 72% u/Sukker 100g Cloetta
7090046151326|Mørk Sjokolade Sukkerfri 75g Godtesjuk
7310130010507|Müsli Papaya glutenfri 350g Axa
5391521691392|Naan Brød glutenfri 240g Bfree
8410076482594|Nachips Crunchy 185g Old El Paso
7311312008077|Nacho Chips 185g St.Maria
7035620035708|Nacho Chips Salt 200g First Price
7035620018060|Nakkebacon Tørrsaltet 100g Jacobs Utvalgte
2000742000007|Nakkekotelett Av Svin Benfri pr Kg
2000556100009|Nakkekoteletter Av Svin Jæren Smak pr Kg
2000742500002|Nakkekoteletter Av Svin pr Kg
8445290748072|Nan Pro 1 Drikkeklar 500ml fra 0m
8445290748133|Nan Pro 1 Drikkeklar fra 0m 200ml Nestle
8445291078932|Nan Pro 1 fra 0mnd 800g Nestle
8445290748607|Nan Pro 2 Drikkeklar 500ml fra 6mnd
8445290749079|Nan Pro 2 Drikkeklar fra 6m 200ml Nestle
8445291084711|Nan Pro 2 fra 6mnd 800g Nestle
7613038160023|Nan Pro 3 fra 12mnd 800g Nestle
7613038019208|Nan Pro 3 fra 12mnd Drikkeklar 500ml Nestle
7613038155463|Nan Pro 4 fra 18mnd 800g Nestle
8445290647320|Nan Sensilac 1 fra 0mnd 800g Nestle
8445291514386|Nan Sensilac 2 Drikkeklar 200ml fra 6mnd Nestle
8445292171663|Nan Sensilac 2 fra 6mnd 800g Nestle
8445291012820|Nan Sensilac Drikkeklar fra 0mnd 200ml Nestle
5996379193724|Nappar Fruit 80g Haribo
5701090043933|Nappar Lakris 80g Haribo
8711000476314|Natreen Flytende 125ml
8711000476345|Natreen Pulver 70g
8711000476277|Natreen Stevia Tabletter 120stk
8711000476208|Natreen Tabletter Borddispenser 500stk
8711000476246|Natreen Tabletter Refil 1500stk
5701073066225|Natron 100g Dr.Oetker
5701977002008|Naturli' Smørbar 200g
7090040912442|Nduja 100g Ask
8007548011279|Nduja 135g Delizie Di Calabria
7090040912435|Nduja Extra Hot 100g Ask
7039281548973|Nektarin Flate Ondine 500g
7040511103251|Nektarin Runde 600g
7045010001251|Nellik hel 8g Pos Hindu
5710175129899|Nellik hel Økologisk 30g Mill&Mortar
7045010001244|Nellik Malt 8g pose Hindu
9120085630020|Neoh Berry Bar 30g
9120085630907|Neoh Caramel Nuts Bar 28g
9120085630242|Neoh Coconut Bar 30g
9120085630013|Neoh Crunch Bar 30g
9120085632222|Neoh Hazelnut Choco 55g
9120085632215|Neoh Milk Choco 55g
9120085631768|Neoh Peanut Bar 28g
2000481000009|Neper Bunt
7037711023564|Nero 40g
7613035850194|Nescafe Azera Espresso 100g
7613035962965|Nescafe Brasero 100g
7613287934819|Nescafe Brasero Refill 180g
8445291346048|Nescafe Gold Caramel 95g Nestle
7613287111180|Nescafe Gold Koffeinfri 100g
7613035830974|Nescafe Gold Organic 100g
8445291346062|Nescafe Gold Vanilla 95g Nestle
7613039860380|Nescafe Gull 100g
7613039866092|Nescafe Gull 100g Refill
7613039860885|Nescafe Gull 200g Nestle
8445291766983|Nescafe Iced Jar 95g
8445291561564|Nescafe Latte 144g
7613037099423|Nescafe Original 180g Refill
8445291513365|Nescafe Vanilla Latte 136g
8445291509863|Nescafé 3in1 155g
8445290914200|Nescafé 3in1 Creamy Latte 150g Nestle
8445291582330|Nescafé Cappuccino 100g Nestle
9556001328991|Nescafé Concentrate Black 500ml
9556001329059|Nescafé Concentrate Caramel 500ml
9556001329035|Nescafé Concentrate Vanilla 500ml
8445291509207|Nescafé Ice Coffee 112g Nestle
8445291566187|Nescafé Mocha 136g Nestle
7613033442681|Nesquik 16kapsler Dolce Gusto
8445291570009|Nesquik Kakaopulver 700g
7350104402235|Nick's Chocolate Caramel Crunch 75g
7350104401078|Nick's Chocolate Coconut 40g
7350104401108|Nick's Chocolate Crunchy Caramel 28g
7350104404703|Nick's Chocolate Peanut Butter Cups 2x15g
7350104401085|Nick's Chocolate Peanuts N' Fudge 40g
7350104404741|Nicks Chocolate Choco Crush 32g
7350104402358|Nicks Chocolate Wafer 35g
7350104401115|Nicks Mandelbar u/ Sukker 40g
7350104401122|Nicks Nut Bar Peanøtt u/Sukker 40g
7350104403003|Nicks Protein Bar Caramel Chocolate 50g
7350104403041|Nicks Protein Bar Peanut Butter 50g
7350104402488|Nicks Soft Toffee 28g
2000141700003|Nidelven Blå Gangstad Verdensmester 2023
5065000523183|Night Te 20pos Pukka
6418257411809|No Bacon Gl.Fri og Vegan
7340131607185|Nocco Electrolyte Blood Orange u/Sukker 355ml boks
7340131607192|Nocco Electrolyte Lemon Lime u/Sukker 355ml boks
7340131605143|Nocco Grand Sour 0,33l boks
7340131603385|Nocco Ramonade 0,33l boks
7340131605983|Nocco Stellar Blend 0,33l boks
5010775200661|Nomo Sjokoladebar Caramel Gl.Fri&Vegansk 38g
7090023903580|Nordisk Urtepølse 230g Jens Eide
7090040840400|Nordlyssjokoladen Konfekt 6bit 55g Jentene På Tunet
7090040840325|Nordlyssjokoladen Konfekt 9bit 80g Jentene På Tunet
5060194791530|Nori Snacks 10g Saitaku
2000459500005|Norsk agurk Hel
7026450030094|Norsk Honning Stor 700g Honningcentralen
7090037448107|Norsk Kombucha Berryboost 0,5l flaske
7090037448206|Norsk Kombucha Gingerade 0,5l flaske
7090037448305|Norsk Kombucha Mangomiracle 0,5l flaske
7090037448404|Norsk Kombucha Mojitomagic 0,5l flaske
7090037448008|Norsk Kombucha Originalkick 0,5l flaske
7038010062490|Norsk Mozzarella Revet Ost 170g Tine
2000132100003|Norvegia 15+ Mnd Ekstra Vellagret
7038010013966|Norvegia 26% skivet 150g Tine
7038010013973|Norvegia 26% skivet 300g Tine
7038010014604|Norvegia 26% Skorpefri 500g
2302725200009|Norvegia 26% Skorpefri Ca1,25kg Tine
2000100800003|Norvegia 28% Vellagret pr Kg
2302693400005|Norvegia Lett 16% Ca1kg Tine
7038010016745|Norvegia Lett 16% skivet 150g Tine
2302139200008|Norvegia m/Skorpe Ekstra Vellagret Ca550g Tine
7038010068737|Norvegia Nøkkelost Lett 16% skivet 150g
7038010068720|Norvegia Nøkkelost skivet 150g
2302687100003|Norvegia Nøkkelost Skorpefri Ca423g
7038010062322|Norvegia Revet Ost 400g
7038010022340|Norvegia Smaksrik 830g Tine
7038010022357|Norvegia Smaksrik skiver 250g Tine
2302140600002|Norvegia Vellagret m/Skorpe Ca540g Tine
7038010020254|Norzola Ost 150g Tine
2000103200008|Norzola Tine, Selbu
5700417000727|Nox Karamell Lakris 2bit 14,5g Malaco
7041015201115|Nude Mango 80% Frukt 500ml Hennig-Olsen
7041013150118|Nude Mango 80% Frukt 6stk Hennig-Olsen
7041015202112|Nude Strawberry 80% Frukt 500ml Hennig-Olsen
7041011110114|Nude Strawberry 80% Frukt 80ml Hennig-Olsen
8935311173063|Nudler i Kopp m/ Kylling Gl.Fri 60g Vifon
7039010075954|Nugatti Air 340g
70110982|Nugatti Kuvert 23g
7039010073998|Nugatti Max 450g
7021010001057|Nugatti Original 500g
7039010076647|Nugatti Porsjon 5x25g Tube
7039010076616|Nugatti Tube 250g
7072130076609|Nugattisaus 300g Idun
7035620061783|Nutbag Cashew 50g Eldorado
7035620061325|Nutbag Frukt&Nøtt 50g Eldorado
7035620060885|Nutbag Mandler 50g Eldorado
7035620057243|Nutbag Nøttemix 50g Eldorado
80177173|Nutella 350g Ferrero
2000600000002|Nygrillet kylling Pr stk
2000184100006|Nykokt sjøkreps bestilles pr stk
2000183700009|Nykokt sjøkreps Bestilles pr stykk
7070643005840|Nypeekstrakt 180ml Biopharma
5063270102190|Nypete 20pos Lipton
7039410010012|Nypete 24pos Confecta
7039281554677|Nypotet Gule 1kg
7039281554684|Nypotet Røde 1kg
2000783500009|Nyskåret Pastrami Av Angus Storfe pr Kg
2000633000000|Nyskåret Roastbiff Av Storfe pr Kg
2000835000006|Nyskåret skinke Bøkerøkt Jæren Smak
7041015183114|Nyt Iskrem Dobbelsjoko 0,5l Hennig-Olsen Is
7041015182117|Nyt Iskrem Saltkaramell 0,5l Hennig-Olsen
7041018009107|Nyt Iskrem Sjokopro 0,5l Hennig-Olsen Is
7038010006982|Nyt Yoghurt Nøttetoffee/Sjokocrisp 119g
7038010006975|Nyt Yoghurt Sjokolade/Sjokocrisp 119g
2000104000003|Nøkkelost u/Skorpe 27% Skorpefri
7071451214127|Nøkkelpølse Lettrøkt 240g Prima Jæren
7311041048931|Nøttemix 600g First Price
5022374055979|Nøttemix Salt&Vinegar 120g Forest Feast
5022374050998|Nøttemix Seasalt&Pepper 120g Forest Feast
5022374059748|Nøttemix Trøffel&Pecorino 120g Forest
7029121011125|Nøttesmør Mix Økologisk 180g Helios
7622201150686|O'Boy Mindre Sukker 500g pose Freia
7622300248987|O'Boy Original 1,1kg pose Freia
7622210664181|O'Boy Original 450g Freia
7090057101327|Oat&Coconutmilk Choc 70g Vgan
5709521038305|Odense Choko 70g
8809041427423|Okf Aloe Vera Mango 500ml
7090046520023|Okse Fond Demi 1l Salsus
4003011400643|Okse-Fond 200g Englert
7322550052784|Oksefond 180ml Touch Of Taste
4007680475315|Oksefond 500ml Jurgen Langbein
4007680103256|Oksehalesuppe Madeira&Sherry 400ml Jurgen
7090046520139|Oksekraft 1l Salsus
7035620036071|Oksekraft 250ml Jacobs Utvalgte
7613038667133|Oksekraft Klar 500ml Maggi
7037206100053|Okserull 100g Gilde
7090007391112|Okserull Skåret 100g M Ziplås Aron Mat
7035795100300|Olden Frisk Eple 1,25l flaske
5201671801513|Olive Snack Kalamata u/Sten 65g Gaea
8428391404924|Oliven Chupadedos 436g Bernal
7026599600424|Oliven Fersk m/Chili 150g Tapas Qualino
7026599600417|Oliven Fersk m/Hvitløk 150g Tapas Qualino
7026599600431|Oliven Fersk m/Ost 150g Tapas Qualino
7026599600400|Oliven Fersk Provence 150g Tapas Qualino
3548670002186|Oliven Franske Naturell 380g Picholine
8410159076115|Oliven Grønn m/Ansjos 350g Figaro
7053691000487|Oliven Grønn m/Chili 250g Gourmet Line
5201043104099|Oliven Grønn m/Chili u/Sten 120g Iliada
7392555008086|Oliven Grønn m/Hvitløk 175g Ridderheims
5201043001176|Oliven Grønn m/Hvitløk 370g Iliada
5201043001183|Oliven Grønn m/Mandel 370g Iliada
8410159044329|Oliven Grønn m/Paprika 240g Figaro
7053691000463|Oliven Grønn m/Sitron 250g Gourmet Line
5201043104877|Oliven Grønn u/Sten 120g Iliada
7035620059124|Oliven Grønn u/Sten 335g Eldorado
7053691000494|Oliven Grønn u/Sten m/Chili 250g Gourmet Line
7053691000470|Oliven Grønn u/Sten m/Sitron 250g Gourmet Line
5201043105430|Oliven Grønn u/Sten Sitron 120g Iliada
3548670002124|Oliven Grønne Naturell 380g Lucques
5201671801506|Oliven Grønne Oregano&Sitron Snack pakke 65g Gaea
8410086977349|Oliven Grønne skivet 230g Ybarra
7035620062186|Oliven Grønne Store u/Sten 340g Eldorado
8410086977332|Oliven Grønne u/Sten 230g Ybarra
5201671000534|Oliven Grønne u/Sten 290g Gaea
5201671803593|Oliven Grønne u/Sten Økologisk 150g Gaea
5201043100176|Oliven Kalamata i Olje 500g iliada
7035620029394|Oliven Kalamata m/Sten 300g Jacobs Utvalgte
5201043001152|Oliven Kalamata m/Sten 370g Iliada
5201043115897|Oliven Kalamata skivet 370g Iliada
5201043104860|Oliven Kalamata u/Sten 120g Iliada
5201043115910|Oliven Kalamata u/Sten 370g Iliada
5201043004528|Oliven Kalamata u/Sten Økol.184g Iliada
5201671803609|Oliven Kalamata u/Sten Økologisk 150g Gaea
7311040640488|Oliven m/Paprika 140g Eldorado
5201671000558|Oliven m/Paprika 295g Gaea
7035620029523|Oliven Mammut Grønne 300g Jacobs Utvalgte
7035620028991|Oliven Mammut m/Chili 300g Jacobs Utvalgte
8428391000324|Oliven Manzanilla Steinfri 150g Bernal
7035620060861|Oliven Paprikafyll u/Sten 340g Eldorado
5201671801650|Oliven Snack Pack m/Chilli&Pepper 65g Gaea
8410159267117|Oliven Sort skivet 240g Figaro
8410086977301|Oliven Sort u/Sten 230g Ybarra
8410159044077|Oliven Sort u/Sten 240g Figaro
7035620056833|Oliven Sort u/Sten 330g Eldorado
8410159044107|Oliven Sort u/Sten 935g Figaro
5201043755017|Oliven Sort Økologisk 230g Iliada
8410086977318|Oliven Sorte skivet 230g Ybarra
8031403001181|Olivenkrem Sort 130g Cara Cucina
5201043104143|Olivenmiks m/Urter u/Sten 120g Iliada
5201043105447|Olivenmiks u/Sten Picanto 120g Iliada
8019995105005|Olivenolje 0,5l Ravida Premium
8411045610420|Olivenolje 0,5l Unio
8425212002109|Olivenolje 0.5l Arbequina Hellstrøm
7311041019801|Olivenolje 1l First Price
7311041001400|Olivenolje 500ml Eldorado
8690102405050|Olivenolje 5l Taris
8001250015440|Olivenolje Ekstra Virgin 750ml De Cecco
8014512000054|Olivenolje Ex Virgin Roi Taggiasca 500ml
5201043004979|Olivenolje Ex. Virgin Pdo 250ml Iliada
5201671802459|Olivenolje Ex. Virgin Økol. 500ml Gaea
6410708762683|Olivenolje Ex.Virgin 500ml Eldorado
8437000488514|Olivenolje Ex.Virgin 500ml Garcia De La Cruz
7035620029769|Olivenolje Ex.Virgin 500ml Jacobs Utvalgte
8002062000242|Olivenolje Ex.Virgin 500ml Masi
48327203520|Olivenolje Ex.Virgin 500ml Ybarra
5201671803999|Olivenolje Ex.Virgin Fresh 250ml Gaea
7035620030925|Olivenolje Ex.Virgin Kalamata 500ml Jacobs
5201043101395|Olivenolje Ex.Virgin Lakonia 500ml Iliada
5201043113190|Olivenolje Ex.Virgin Premium 1l Iliada
5201043101142|Olivenolje Ex.Virgin Spray 200ml Iliada
5201043106338|Olivenolje Ex.Virgin Squeeze 500ml
8410086002676|Olivenolje Ex.Virgin Økologisk 500ml Ybarra
7035620059582|Olivenolje Ex.Virigin Økol.500ml Vilje
3760081691616|Olivenolje Fransk Ex.Virgin 250ml Chateau V.
3760081691517|Olivenolje Fransk Ex.Virgin 500ml Chateau Virant
5201671000015|Olivenolje Gresk Ex.Virgin 500ml Gaea
5022747560123|Olivenolje Hvitløk 250ml International Collection
5201043112612|Olivenolje Kalamata Ex.Virgin 500ml Iliada
5201043112605|Olivenolje Kalamata Ex.Virgin 750ml Iliada
5201043003668|Olivenolje Kalamata Ex.Virgin Økol.500ml boks
5201043112469|Olivenolje Kalamata Økol 500ml Iliada
5201671000947|Olivenolje Kreta Ex.Virgin 500ml Gaea
5201043113015|Olivenolje Kreta Ex.Virgin 500ml Iliada
5201043005051|Olivenolje m/Chili 250ml Iliada
5028905012664|Olivenolje m/Sitron 250ml Intern.Collection
5201043116054|Olivenolje m/Trøffel 250ml Iliada
48327203421|Olivenolje Original 500ml Ybarra
8410086044584|Olivenolje Original 750ml Ybarra
5201043115064|Olivenolje Pdo Kalamata Ex.Virgin 500ml Iliada
7070622010445|Olivenolje Spansk Ex.Virgin Økologisk 500ml Helios
6191509900701|Olivenolje Terra Delyssa 250ml Extra Virgin
6191509900688|Olivenolje Terra Delyssa 500ml Extra Virgin
5201043116061|Olivenolje X.Virgin m/Basilikum 250ml Iliada
7036110009773|Olivero Smør&Olivenolje 400g
7070866025991|Omega-3 Gelefisk Jordbær 45stk Møllers
2000764300000|Omelett m/Ost&Skinke Kald pr Kg
5774540167251|Opera Mints 120g Anthon Berg
7044711320203|Opphøgde Poteter Airfryer Rifla Båter 450g Hoff
7044711300755|Opphøgde Potteter 2,7% Fett 400g Hoff
7044719020310|Opphøgde Potteter 475g Hoff
7044711301004|Opphøgde Potteter Airfryer Strips 450g Hoff
7044711300823|Opphøgde Potteter Ekstra Sprø 450g Hoff
7044711300533|Opphøgde Potteter Familiepose 800g Hoff
7044711320258|Opphøgde Potteter for Dipping 450g Hoff
7044710030769|Opphøgde Potteter m/Krydder 450g Hoff
7036110010588|Optimal Olje 495ml Vita Hjertego
7027620031002|Oregano 12cm Stor Potte
7045010002210|Oregano 22g boks Hindu
8004694743030|Oregano 30g Tutto Calabria
7045010001268|Oregano 5g Pos Hindu
7045010003231|Oregano 9g glass Hindu
7311311014048|Oregano 9g Santa-Maria
7311311015366|Oregano Økol 9g St.Maria
7029123164805|Oregano Økologisk 6g Helios
8007885404253|Organic Clementine Øko Brus 0,33l boks Galvanina
7072836001257|Original Chips Havsalt 150g Chipsfabrikken
7072836001264|Original Chips Jalapeno 150g Chipsfabrikken
7072836001271|Original Chips Krydder 150g Chipsfabrikken
7071688004713|Original Havsalt 190g Sørlandschips
7034280008886|Original skivet 200g Go'Vegan
7090040561237|Oslo Øst 300g Metervare
2000553900008|Ossau Iraty 12 Mnd Verdensmester 2006/2011
7090011155588|Ostebaguetter glutenfri 250g Elda Bakeri
7090031241049|Ostebaguetter glutenfri 2stk 180g Klæbu
3529380018759|Ostebrett Eksklusive 155g
7045386068803|Ostedog 220g Sommervibber
7037204653544|Ostegrill 480g Gilde
7039610002558|Ostegrill Kylling&Kalkun 600g Prior
7039010581462|Ostekrem Glasur Miks 126g Toro
7090042235600|Ostemasse Twarog 16% 275g Baza
7090042235617|Ostemasse Twarog 30% 275g Baza
7034280008015|Ostemix Revet Kongsgård/Mozarella 170g Synnøve
7039610002824|Ostepanetter Kylling/Kalkun 480g Prior
7311041048597|Ostepop 250g First Price
7050122116076|Ostepop Cheddar 140g Maarud
7035620042614|Ostepølse 80% 240g A.Idsøe/Jacobs Utvalgte
7048670400372|Ostepølse m/Bacon 300g Vossakjøt
7035620061462|Ostepølse Spicy 270g Jacobs
7050122115215|Osteringer Cheddar&Chili 140g Maarud
8850206117130|Oyster Sauce 300g Dek Som Boon
7090040913272|Pablo Chorizo skivet 60g Ask
8850058006644|Pad Thai Sauce 300ml Pantai
7090024960728|Paella 300g Superbra
8424680100300|Paella Ris 500g Antonio Sotos
7070848000145|Paibunn Miks Gl.Fri Økol 400g Dgv
7040513402093|Pak Choy Mini 2pk
2000431200008|Pakistansk mango pr stk
7090017542825|Pancake Mix u/Sukker 100g Sukrin
7035620069123|Pancetta 200g Jacobs Utvalgte
8003948100421|Pancetta Cubetti 80g Negrini
7055330031364|Panna Cotta m/Pasjonsfrukt 145g Meny
7033330089585|Panna Cotta m/Pasjonsfruktsaus 2x150g Kos
7090000513122|Panna Cotta m/Sitrus 110g Ek
8717496861887|Pannekakemix Shaker Gl.Fri 230g Consenza
7039010543309|Pannekaker Mix glutenfri 187g Toro
7071992000609|Papadam 125g Masalamagic
7071992000623|Papadam Orginal 125g Masalamagic
7311310035945|Papadums 110g St.Maria
8052747936571|Pappardelle m/Egg Gl.Fri 250g Massimozero
2000436000009|Paprika 2stk First Price
5310274002125|Paprika Cherry Mix m/Ost 550g
5310274002095|Paprika Cherry Rød m/Ost 550g
3234750030681|Paprika Eikerøkt 75g Albert Ménès
5201671804378|Paprika Grillet Rød 290g Gaea
2000406500003|Paprika Grønn
2000468000008|Paprika Gul
5907632500470|Paprika Konservert 850g Klimex
7045010003248|Paprika Malt 40g glass Hindu
3234750047634|Paprika Mild 35g Albert Ménès
9003454128505|Paprika Ostefylt 140g Die Käsemacher
7040517512040|Paprika Padron 200g
7072620011356|Paprika Pickles Sterk 345g Jasmin
2000408800002|Paprika Rød
8427352685327|Paprika Rød m/Hvitløk 290g La Cestita
8410916914155|Paprika Rød Skinnfri 390g Diamante
4000008753768|Paprika Rød Søt Spiss 300g
7040512575248|Paprika Rød Søt Spiss pakke Økologisk Vilje
7090018972409|Paprika Røde Grillede 680g Jasmin
7045010003491|Paprika Røkt 40g glass Hindu
5710175122548|Paprika Røkt La Vera 50g Mill&Mortar
7311311014413|Paprika Sterk 37g Santa-Maria
7039281547235|Paprika Sweet Bite 150g pakke
7040517509606|Paprika Tricolor Søt Spiss 300g Season
7029123164812|Paprikakrydder Økologisk 28g Helios
7311311014406|Paprikapulver 59g Santa-Maria
7039010087124|Pariseragurker Skivede 580g Nora
7039010087148|Pariserrødbeter Skivede 580g Nora
7039010014298|Parisersurkål Hjemmelaget 450g Nora
7035620061097|Parmaskinke 18mnd 70g Jacobs Utvalgte
8016451012006|Parmaskinke 200g Tanzi
8016451010408|Parmaskinke 40g Tanzi
8016451010705|Parmaskinke 70g Tanzi
8016451011009|Parmaskinke Gran Riserva 100g Tanzi
2000132900009|Parmesan 22+ Mnd Parmareggio
2000140500000|Parmesan 30+ Mnd Parmareggio
8010721001509|Parmesan Revet 12mnd 60g Parmareggio Reggiano
80390800|Parmesan Stick 12mnd 125g Parmareggio Reggiano
8010721977385|Parmesan Trekant 12mnd 150g Parmareggio
8010721997048|Parmesan Trekant 30mnd 150g Parmareggio
7350042721924|Parmesansaus 230ml Eriks
7035620026676|Parmigiano Reggiano 125g Eldorado
7035620000188|Parmigiano Reggiano 24mnd 150g Jacobs
2000439700005|Pasjonsfrukt pr stykk
3052910033156|Pasjonsfrukt Pure 1l Monin
3760034314326|Pasjonsfrukt Puré 1kg Capfruit
4779052061050|Pasjonsfrukt Sparkling 330ml Bonsu
7090040840356|Pasjonsfrukt Turglede 65g Jentene På Tunet
8005110630408|Passata 400g Mutti
8005110004766|Passata Tomatsaus 500g Mutti
7023051001485|Passata Tomatsaus Økologisk 680g Helios
7090040910042|Passe Salami 255g Ask Gård
7090040912886|Passe Salami skivet 80g Ask Gård
7073212010412|Passion Fruit Mango 100g Sunshine Delights
9311493002572|Passionfruit 375ml flaske Bundaberg
5028905028603|Pasta Drizzling Olje 250ml International Collect
720516026195|Pasta Dyrefigurer Gl.Fri 350g Orgran
7071319033945|Pasta m/Ostesaus Gl.Fri 148g Synnøve
7071319033914|Pasta m/Tomatsaus Gl.Fri 163g Synnøve
7311310026738|Pasta Rossa 80g St.Maria
7070622010940|Pastasaus Arrabbiata Økologisk 350g Helios
7035620059971|Pastasaus Basilico 420g Eldorado
7029121012252|Pastasaus Basilikum Økologisk 340g Helios
7037610237314|Pastasaus Basilikum&Ost 32g Toro
8005110004704|Pastasaus Bolognese 400g Mutti
7035620053122|Pastasaus Classico 420g Eldorado
7035620040306|Pastasaus Formaggio 200g Jacobs Utvalgte
7035620008092|Pastasaus Homestyle 450g Jacobs Utvalgte
7035620009259|Pastasaus Hot Chili 450g Jacobs Utvalgte
8005110517006|Pastasaus m/Basilikum 400g Mutti
7035620032677|Pastasaus m/Basilikum 500g First Price
8005110518003|Pastasaus m/Chili 400g Mutti
8005110519000|Pastasaus m/Grillede Gr.Saker 400g Mutti
8005110005695|Pastasaus m/Hvitløk 400g Mutti
8005110000775|Pastasaus m/Parmesanost 400g Mutti
7035620061066|Pastasaus Marinara 420g Eldorado
7035620063787|Pastasaus Mild m/Ost 300g Eldorado
7035620055737|Pastasaus Tomat&Basilikum Økol.390g Vilje
7035620065132|Pastasaus Tomat&Ricotta 300g Eldorado
7035620041198|Pastasaus Tomat/Mascarpone 200g Jacobs
7090062600020|Pastinakk i Biter 400g Frebergs
7035620017315|Pastrami 100g Jacobs Utvalgte
7037610204767|Pavlova Marengs 299g Toro
7038010065392|Pavlovakrem for Pisking 500ml Piano
7350039457690|Peacemerke Jordbær&Lakris 80g Jamtgott
9311493002480|Peach 375ml flaske Bundaberg
5701090043919|Peaches 80g Haribo
7090058830042|Peanut Choco & Brownie Fudge 2pk 180g Oslo Raw
5060088705179|Peanut Delight 35g Nakd
7036110008844|Peanutbutter 350g Mills
7036110211763|Peanutbutter Creamy 350g Mills
5022374050325|Peanuts&Almonds Chili Honey 120g Forest Feast
5022374050301|Peanuts&Cashews Honey Roast 120g Forest Feast
7039317008686|Peanøtter Lettsaltet 275g Polly
7040512834161|Peanøtter m/Skall 300g Husk!
7039317008785|Peanøtter Original 160g Polly
7039317008679|Peanøtter Original 275g Polly
7035620044304|Peanøtter Spicy Lime 175g Eldorado
7040110650705|Peanøttkubbe 60g Freia
5028905003082|Peanøttolje 250ml International Collection
8854404002571|Peanøttsaus Thai 190g Blue Elephant
37600160421|Peanøttsmør Creamy 340g Skippy
7035620061554|Peanøttsmør Creamy Økol.350g Vilje
5701038033248|Peanøttsmør Crunchy 340g Green Choice
7035620062315|Peanøttsmør Crunchy Økol.350g Vilje
7070622011145|Peanøttsmør Grovt u/Salt Økologisk 250g Helios
7090049650307|Peanøttsmør-Is 0,5l Gioia
8002670008531|Pecorino Romano 150g Granarolo
2000136200006|Pecorino Romano Lagret 8+ Mnd, Defendi
7029121012245|Pekannøtter Økologisk 100g Helios
8004690470039|Penne Rigate glutenfri 400g La Molisana
5060318660780|Peppa Gris Appelsin 200ml Appy Kids
7045010003262|Pepper Grovmalt 36g glass Hindu
7045010002159|Pepper hel 93g boks Hindu
7045010001336|Pepper Hvit hel 12g Pos Hindu
5710175122579|Pepper Hvit hel 50g Mill&Mortar
7045010001329|Pepper Hvit Malt 10g Pos Hindu
7045010003293|Pepper Hvit Malt 50g glass Hindu
7045010002104|Pepper Malt 98g boks Hindu
7045010001305|Pepper Sort hel 13g Pos Hindu
7045010003286|Pepper Sort hel 42g glass Hindu
7045010003682|Pepper Sort m/Kvern 42g Hindu
7045010001282|Pepper Sort Malt 13g Pos Hindu
7045010003279|Pepper Sort Malt 46g glass Hindu
7045010001398|Pepper Spansk hel 12g pose Hindu
2000952300003|Pepperbiff Av Storfe Ytrefilet skiver pr Kg
5010392005625|Pepperkorn Grønne 115g Opies
5010392005632|Pepperkorn Rosa 105g Opies
7090009650729|Pepperlaks i Bit 200g Troll
2000187400004|Peppermakrell Filet pr Kg
7035620035944|Peppermakrell Varmrøkt 100g Fiskemannen
7311311017421|Peppermiks 74g St.Maria
5060229011107|Peppermint &Licorice Urtete 20pos Pukka
7045010003309|Peppermix 51g glass Hindu
7045010003699|Peppermix m/Kvern 41g Hindu
7039410000273|Peppermix Refill til Kvern 40g Confecta
7039410010067|Peppermynte Te Økologisk 24pos Confecta
7070439008406|Peppermyntegele 425g Lisa
5022374059939|Peppermyntemandler m/Sjokolade 120g Forest Feast
7037515115106|Pepperoni 100g Grilstad
7034280001658|Pepperoni 70g Peppes
7058040454706|Pepperoni hel 220g Grilstad
7037203643867|Pepperoni skivet 130g Gilde
7056630000210|Pepperonipølse 275g Rekedal
2000160900002|Pepperpate Belgisk pr Kg
5900580000023|Pepperrot m/Rødbeter 280g Provitus
4008100167575|Pepperrot Paste 145g Hengstenberg
5012427334700|Pepperrot Saus 170g Baxters
5900580001624|Pepperrot Wasabi 170g Provitus
7090050620009|Peppersaus 100ml Fungi
7033330086492|Peppersaus 250g Fjordland
7055330015081|Peppersaus 2dl F&S
7090013750507|Peppersaus Fersk 240ml Gårdsand
7035620015311|Peppersaus Kremet 250ml Jacobs Utvalgte
7034280110688|Peppes Loaded Gul Løk m/Chili 125g
7044610876238|Pepsi 0,5l flaske
7044610876245|Pepsi 1,5l flaske
7044610876290|Pepsi Max 0,33l boks
7044614876173|Pepsi Max 0,33lx10 boks
7044610874661|Pepsi Max 0,5l flaske
7044610874685|Pepsi Max 1,5l flaske
7044618874687|Pepsi Max 1,5lx4 flaske
7044614877712|Pepsi Max Koffeinfri 0,5l flaske
7044610877488|Pepsi Max Lemon 0,5l flaske
7044610877808|Pepsi Max Lemon 1,5l flaske
7044610875040|Pepsi Max Lime 0,5l flaske
7044610875057|Pepsi Max Lime 1,5l flaske
7310500114286|Perfekt Lapskaus 750g Findus
7073185000946|Perlende Blåbær 0,33l boks Røros Mineralvann
7073185000885|Perlende Rabarbra 0,33l boks Røros Mineralvann
7073185001738|Perlende Solbær 0,33l Røros Drikkeri
7073185000915|Perlende Tyttebær 0,33l boks Røros Mineralvann
7090037180052|Perlepoteter 400g Bjertnæs&Hoel
5701259507115|Perlesukker 500g Dansukker
3162900031649|Persaillotte 60g Albert Ménès
7045010003255|Persille 12g glass Hindu
7035620009013|Pesto Alla Genovese 130g Jacobs Utvalgte
7035620025204|Pesto Alla Genovese 150g Jacobs
7311041029299|Pesto Alla Genovese 185g Eldorado
8031403000160|Pesto Alla Genovese 1kg Caracucina
7035620062421|Pesto Fersk 140g Eldorado
8031403000108|Pesto Genovese 130g Cara Cucina
8076809513753|Pesto Genovese 190g Barilla
7070622010926|Pesto Grønn Økologisk 130g Helios
7035620028472|Pesto Rosso 135g Jacobs Utvalgte
8076809523547|Pesto Rosso 200g Barilla
7035620004346|Pesto Rød m/Chili 185g Eldorado
7070622012227|Pesto Rød Piccante Økologisk 130g Helios
7392555007423|Pestooliven 180g Ridderheims
8001250016522|Pestosaus 190g De Cecco
8005110001574|Pestosaus m/Grønne Tomater 180g Mutti
8005110001598|Pestosaus m/Gule Tom 180g Mutti
8005110001550|Pestosaus m/Røde Tomater 180g Mutti
9044400898004|Pez Figur +2 Pastill Cloetta
9044400806948|Pez Fizzy 60g Cloetta
7310700676492|Philadelphia Gressløk 200g
7622210166692|Philadelphia Laktosefri 175g
7310700676485|Philadelphia Light Hvitløk&Urter 200g
5700419083360|Philadelphia Light Original 200g
4000339697908|Philadelphia Original 200g
7310700443698|Philadelphia Original 300g
8934563206147|Pho Soup 70g Hello
8934563207144|Pho Soup Kylling 70g Hello
8934563283155|Pho Wok Nuddelboks m/Biff Gl.Fri 76g Hello
8934563284152|Pho Wok Nuddelboks m/Hvitløk&Løk 76g Hello
8934563282158|Pho Wok Nuddelboks m/Kylling Gl.Fri 76g Hello
7709054098379|Physalis 125g Golden Berries
7058040623201|Picante 100g Grilstad
7090018970016|Pickles Mix 720g Jasmin
7039010539043|Picnic 325g Stabburet
2000139700008|Picon Del Valle m/Blader
2000310100009|Piel de sapo hel Melon. Ca. 1,8kg
7311311016899|Piffikrydder 100g Santa-Maria
7045010002180|Piffikrydder 129g boks Hindu
7045010003460|Piffikrydder 77g glass Hindu
7045386072909|Pig Wings 600g Leiv Vidar
2000198800008|Piggvar Filet Oppdrett pr Kg
70491207509|Pina Colada Mixer 1l Master Of Mixes
4001686578216|Pinballs 32g Maoam
7350115941020|Pineapple Salsa Medium 215g El Taco Truck
7040512880175|Pinjekjerner Ristet u/Salt 30g Grønn&Frisk
9311493002503|Pink Grapefruit 375ml flaske Bundaberg
7090044042282|Pink Lemonade 0,33l boks Klokk&Co
8008696033380|Pinsa Gl.Fri 220g Nutrifree
8005110005718|Pinsasaus 300g Mutti
8052747931781|Pipe Rigate Gl.Fri 400g Massimozero
5033060100149|Pipers Crisp Cheddar&Onion 40g
8008698048764|Piruett Salted Caramel glutenfri Schär
7090062960223|Pistasj 500ml Go'Is Hadeland
7035620035555|Pistasj Nøtter Salte m/Skall 150g Eldorado
7090049650024|Pistasjis 0,5l Gioia
7040512880274|Pistasjkjerner Ristet Usaltet 45g Grønn&Frisk
7040512834031|Pistasjnøtter Ristede&Saltede 300g Husk!
7020712014099|Pitabrød glutenfri 2stk 230g Hatting
5391521690289|Pitabrød glutenfri 4pk 220g Bfree
7090064950154|Piura 100% 60g Vigdis Rosenkilde
7090064950123|Piura m/Kakaonibs 70% 60g Vigdis Rosenkilde
7034170002826|Pizza & Kebab Dressing Spicy 480ml Bjerke
7034170007654|Pizza Dressing Ramsløk&Tomat Majonesbasert 240g
5028905028580|Pizza Drizzling Olje 250ml International Collect
7034170007623|Pizza Saus Rømmedressing Majonesbasert 240g
7034281205703|Pizzabunn glutenfri 260g Peppes
5391521690111|Pizzabunn glutenfri 2pk 360g Bfree
7037590000076|Pizzabunn glutenfri 300g Brisk
7090068100074|Pizzabunn glutenfri 300g Scrocchia
7070848000329|Pizzabunn Miks Gl.Fri Økol 350g Dgv
7090056640070|Pizzabunn Mix Gl.Fri 350g Pappa uten Gluten
7020655682072|Pizzabunn Mix glutenfri 300g Møllerens
7039010087728|Pizzadressing 435g Idun
7034280009494|Pizzadressing Rømme 210g Peppes
7039010572491|Pizzafyll Hvitløk&Chili 60g Toro
7039010572484|Pizzafyll Mexicana 62g Toro
7039010572460|Pizzafyll Tomat&Løk 55g Toro
7039010572477|Pizzafyll Tomat&Urter 60g Toro
8014601100016|Pizzagjær 100g Caputo
7038080080882|Pizzagjær 5pk Mors Hjemmebakte Idun
7045010003323|Pizzakrydder 12g glass Hindu
7311311016349|Pizzakrydder 16g Santa-Maria
5701239311572|Pizzakrydder 50g Meny
7045010003545|Pizzakrydder Takeaway 62g glass Hindu
7029123164836|Pizzakrydder Økologisk Helios
7090011231053|Pizzamel glutenfri 500g Paradiso
7035620011146|Pizzasaus 180ml Eldorado
8005110551253|Pizzasaus 210g Mutti
7039010067577|Pizzasaus 290g Idun
8005110551215|Pizzasaus 400g Mutti
7035620062742|Pizzasaus Basilikum 330g Jacobs Utvalgte
7035620018916|Pizzasaus Basilikum&Oregano 280g Eldorado
7034280009487|Pizzasaus Hot 180g Peppes
7034281206304|Pizzasaus Hvit 140g Peppes
7035620051265|Pizzasaus Hvit 170ml Eldorado
7090040910936|Pizzasaus Hvit Type 120g Ask
8005110002052|Pizzasaus Klassisk 400g Mutti
7046280079803|Pizzasaus Oregano 180g Peppes
7034284206103|Pizzasaus Original 180g Peppes
7090040910905|Pizzasaus Type Rød 120g Fersk Ask
7090024960629|Pizzasaus Økologisk 300g Superbra
7026591071291|Pizzatopping Pepperoni 40g Lorentzo
7026591071314|Pizzatopping Prosciutto Crudo 40g Lorentzo
7026591071307|Pizzatopping Ventricina Picante 40g Lorentzo
5411188110743|Plantgurt 750ml Blåbær Alpro
5411188115731|Plantgurt Lemon&Lime 750ml Alpro
5411188141174|Plantgurt Naturell u/Sukker 750g
5411188110712|Plantgurt Vanilje 750ml Alpro
5774540994000|Plomme i Madeira 27g Anthon Berg
7055080003413|Plomme&Kirsebær Syltetøy 320g Hervik
6003678951975|Plommer Cherry 300g kurv
7040511334723|Plommer Røde 450g Cevita
7023511021916|Plommesyltetøy 250g Lisa
3388600000413|Plommesyltetøy 284g St.Dalfour
7055080003406|Plommesyltetøy 320g Hervik
7023511020308|Plommesyltetøy 420g Lisa
8850058006699|Plum Sauce 300ml Pantai
8008698049129|Pofiber Gl.Fri Potetfiber 125g Schär
5060194792544|Poke Ingefær Sticks 190g Saitaku
5060194792520|Poke Ris Boil In Bag 500g Saitaku
5060194792582|Poke Strøssel m/Tang & Sesamfrø 10g Saitaku
7036110009988|Polarkaviar 180g Mills
8009915000459|Polenta Gl.Fri 360g Molino Di Ferro
8001918102499|Polenta Instant 500g Cordero
7035620003677|Pommes Express Eldorado
7035620002113|Pommes Family 1,8kg Eldorado
7035620004537|Pommes Frites 1,2kg First Price
7035620003936|Pommes Frites 600g Eldorado
7044710090497|Pommes Frites Krydder 130g boks Hoff
7035620065958|Pommes Strips 600g Eldorado
7090028512176|Ponzu Saus glutenfri 70g Frøya
7023539706581|Ponzu Saus Original 70g Salma
7311123561044|Pop Cherry Lime 0,33l boks
7311123561006|Pop Green Apple 0,33l boks
7311123561037|Pop Raspb/Lemonade 0,33l boks
7073530000003|Popcorn 100% Air Salt 130g Wonder
7035620026454|Popcorn 200g First Price
7050122161083|Popcorn Poppet Cheddar 75g Maarud
7050122160864|Popcorn Poppet Salt 75g Maarud
7035620019067|Popcorn Upoppet 400g Eldorado
7035620037672|Popcornkrydder Butter 3x8g Eldorado
7071688005635|Poppa Chips Rømme&Urter 80g
7071688004775|Poppa Chips Spansk Paprika 80g
8410376051919|Poppet Havre og Riskjeks Gl. Fri 82g Gullon
5010511479481|Poppets! Caramel Salted Sjokoladekuler 130g
5010511479573|Poppets! Mint Sjokoladekuler 130g
5010511479498|Poppets! Salted Caramel Fudge 40g
50314904|Poppets! Toffee 39g
5060040254639|Poppis Blåbær 16g Kiddylicious
7331340300936|Poppis Popcorn Sjokolade&Havsalt Milky 90g Narr
7331340301131|Poppis Popcorn Sjokolade&Lakris 90g Narr
7310350121991|Pops Original 210g Cloetta
7035620029127|Porchetta 100g Jacobs Utvalgte
2000860200006|Porchetta Av Svin Jæren Smak Svin Rå pr Kg
2353405600008|Porchetta Krydret Ca1kg Jæren Smak
2000860000002|Porchetta Varm pr Kg
7035620045431|Porkwings Sous Vide 450g Jacobs Utvalgte
2365674400005|Porkwings Sticky&Tasty Ca600g Folkets
2000101100003|Port Salut .
7038010018961|Port Salut Bit 270g Tine
7038010019135|Port Salut skivet 100g Tine
7040517002725|Portobellosopp 150g
7025035200426|Portvingele 200g Løiten
7037204195129|Postei Fin&Fersk 150g Gilde
7350045591258|Potatischips m/Parmesan 150g Gårdschips
7350045595355|Potatischips Riflet Jalapeno 150g Gårdschips
7040512520040|Potet 1,5kg Økologisk
8445291061538|Potet&Kjøttboller 8mnd 190g Nestle
7035620065217|Potetbåter m/Skall Express 600g Eldorado
8426944021253|Potetchips Ibericoskinke 150g Torres
7350045591050|Potetchips m/Trøffel 150g Gårdschips
7035620065033|Potetchips Salte 300g First Price
8426944001071|Potetchips Sort Trøffel 125g Torres
7035620044939|Potetchips Tykke Classic Barbeque 150g Jacobs
7035620040320|Potetchips Tykke Dill&Gressløk 150g Jacobs
7035620051135|Potetchips Tykke Double Cheese 150g Jacobs
7035620050985|Potetchips Tykke Sea Salt 150g Jacobs Utvalgte
7035620001710|Poteter Fløtegrat. 750g Eldorado
7023026407250|Poteter Kokte u/Skall 375g Grønn&Frisk
2000407300008|Poteter pr stk
7050122304909|Potetgull Dill Grovrifla 200g Maarud
7050122306095|Potetgull Holiday 200g Maarud
7050122303964|Potetgull Hvitl, Ramsløk, Chili 200g Maarud
7050122305555|Potetgull Intense 175g Maarud
7050122305531|Potetgull Intense Bacon Bbq 175g Maarud
7050122305524|Potetgull Intense Green Pepper 175g Maarud
7050122301441|Potetgull Ost&Løk 200g Maarud
7050122301410|Potetgull Ost&Løk 200g Sommervibber
7050122304350|Potetgull Paprika 250g Maarud
7050122305289|Potetgull Rifla Creamy Onion 200g Maarud
7050122106152|Potetgull Rifla Salt 370g Maarud
7050122301434|Potetgull S.Cream&Onion 200g Maarud
7050122304343|Potetgull Salt 240g Maarud
7050122304367|Potetgull Salt&Pepper 250g Maarud
7050122301663|Potetgull Salt&Vinegar 200g Maarud
7035620055492|Potetkrydder 30g Jacobs Utvalgte
7090014610978|Potetlomper glutenfri Frys 150g Tangent
7044710081006|Potetmel 500g Hoff
7055330013469|Potetmos 300g Meny
7037610042635|Potetmos 94g Toro
2375309900008|Potetmos Ca2kg Matbørsen
7044711300748|Potetmos Familiepose 150g Hoff
2000766000007|Potetmos Kald pr Kg
7036110004778|Potetmos m/Gressløk 90g Mills
7044711300496|Potetmos m/Gressløk& Melk 100g Hoff
35547|Potetmos m/Hvitløk&Sitron Kald pr Kg
7036110004785|Potetmos Vanlig 90g Mills
7035620053504|Potetsalat 400g Jacobs Utvalgte
7036110212333|Potetsalat 500g Sommervibber
7034170001478|Potetsalat 700g Bjerke
7035620054365|Potetsalat 750g First Price
7035620054006|Potetsalat Creme Fraiche 400g Eldorado
7036110212319|Potetsalat Klassisk 500g Mills
7055330028982|Potetsalat m/Nyr 500g Meny
2000154000008|Potetsalat pr Kg
7044710300350|Potetsalat Vårløk og Urter 360g Hoff
7050122115864|Potetskruer Salt 85g Maarud
7050122115888|Potetskruer Salt&Pepper 85g Maarud
7035620060830|Potetsnacks Salt 140g First Price
7023026415316|Potetstappe 450g Grønn&Frisk
7039010013109|Potetstappe Hjemmelaget 450g Nora
5060040253724|Potetstaver 4x12g Kiddylicious
5060040255827|Potetstaver m/Ostesmak 12g Kiddylicious
5060040253731|Potetstaver m/Ostesmak 4x12g Kiddylicious
7039317008778|Potetsticks 215g Kims
47997123152|Poultry Magic 57g Chef Paul
54032552|Powerade Cherry 0,5l flaske
5000112669589|Powerade Golden Mango 0,5l flaske
54035157|Powerade Lemon Zero 0,5l flaske
5000112677577|Powerade Mountain Blast 1l flaske
54492653|Powerade Sport Mountain Blast 0,5l flaske
7611612221771|Powerking Energidrikk 250ml boks
7611612212151|Powerking Proteinbar Choco Brownie 55g
7611612212168|Powerking Proteinbar Peanøtt&Karamell 55g
7611612222358|Powerking Sportsdrikk Blood Orange 0,5l flaske
7611612222365|Powerking Sportsdrikk Mango 0,5l flaske
7611612222341|Powerking Sportsdrikk Tropical 0,5l flaske
7611612221788|Powerking Zero Energidrikk 250ml boks
8008698048634|Powerknekkebrød Gl.Fri 225g Schär
7041111135772|Pp Lakrispastiller Sukkerfrie 24g Brynild
7035620015434|Prager Skinke Upresset 100g Jacobs Utvalgte
7622400633768|Premium Dark 70% Cocoa 100g Freia
7622201517953|Premium Dark 70% Karam. Nøtter 100g Freia
7622300635497|Premium Dark 70% Pekan & Havsalt 100g Freia
7622400928727|Premium Dark 86% Cocoa 100g Freia
7041015301112|Premium Fløteis Ekte Vanilje 0,85l Hennig-Olsen
7041015302119|Premium Fløteis Kirsebær 0,8l Hennig-Olsen
7041015304113|Premium Fløteis Peanøtt&Karamel 0,8l Hennig-Olsen
7041015306117|Premium Fløteis Salt Karamell 0,8l Hennig-Olsen
7622201393410|Premium Hjerter 130g Freia
7622201497637|Premium Mørk Lakris 100g Freia
2000568700006|President Le Blue .
7090020650104|Prim 175g Avdem
7038010030611|Prim Mager 4% 300g Tine
7034281166004|Prim Mild&Snill 190g Synnøve
7038010030628|Prim Original 8% 300g Tine
8711842307111|Prima Donna Maturo 180g Vandersterre
7090058690035|Prima Rømme 250g Jerseymeieriet
70177078799|Prince Of Wales 25pos Twinings
5060283762212|Proper Chips Barbecue Lentil 85g
73143611|Propud Chocolate 200g
7350068291234|Propud Milkshake Cappuccino 330ml
7350068291210|Propud Milkshake Chocolate 330ml
7350068295232|Propud Milkshake Strawberry 330ml
7350068291241|Propud Milkshake Vanilla 330ml
7350068295218|Propud Mousse Chocolate 175g
73143628|Propud Vanilla 200g
7035620041952|Prosciutto Cotto 100g Jacobs Utvalgte
8028257013361|Prosciutto Crudo 85g Negroni
8016451011207|Prosciutto Parma Gran Reserva 120g Tanzi
5900316552192|Protein Cookies Cranberry&Vanilla 50g Frank&Oli
4100290058647|Protein Latte 330ml Starbucks
7039281553052|Protein Smoothie Røde Bær 330ml Bama
7048840228102|Protein Yoghurt Creamy Caramel 125g Q
7350102861027|Proteinbar Sjokolade&Bringebær Økologisk 50g
7350102861133|Proteinbar Sjokolade&Kakao Økologisk 50g
7033330089622|Proteinbowl Taco&Kjøttdeig&Ris 400g
5411188133476|Proteindrikk Soya Sjokolade 250ml Alpro
7350021421425|Proteinella Hasselnøtt&Sjokolade 200g
7090022851011|Proteinknekkebrød 150g Karstens
7048840225507|Proteinmelk Sjokolade 1l Q
5411188137764|Proteinpudding Soya Sjokolade 200g Alpro
7041614024986|Proteinsalat Egg&Edamame 275g Bakehuset
7034280009821|Proteinyoghurt 350g Vanilje Synnøve
7048840225774|Proteinyoghurt Naturell 700g Q
7034280010018|Proteinyoghurt Salt Karamell 350g Synnøve
7048840226689|Proteinyoghurt Vanilje 700g Q
7045010003477|Provence Krydder 11g glass Hindu
7045010003712|Provence Krydder m/Kvern 20g Hindu
7035620016622|Provence Skinke 100g Jacobs Utvalgte
7037203644017|Provenceskinke 70g Gilde
2000908800007|Provolone Piccante .
7320880011846|Psyllium glutenfri 200g Lindroos
7045386071803|Pulled Chicken 500g Leiv Vidar
7045386071704|Pulled Pork 500g Leiv Vidar
2373941900004|Pulled Pork Sv Ca1,5kg Prima Jæren
7038010022265|Pultost Hedemark 230g
7038010022289|Pultost Løiten 180g
7090052030608|Pulvergrøt Chunky Eple&Solbær 300g Grogro
7090052030639|Pulvergrøt Chunky Mango&Kokos&Banan 300g Grogro
7090052030660|Pulvergrøt Chunky Solbær&Bringebær 300g Grogro
7090052030578|Pulvergrøt Creamy Banan&Bringebær 300g Grogro
7311041084700|Pulverkaffe Instant 200g First Price
7041111128422|Pulverpadder Original 120g Brynild
7090053790860|Punjabi Curry 360g Saritas
78895710922|Pure Sesame Oil 207ml Lee Kum Kee
2000462900007|Purre pr Kg
5011053024283|Push Pop Mega Duo 30g Bazooka
7310500115566|Pytt i Panne Original 540g Findus
7311041013571|Pytt i Panne Skinke 500g First Price
2000301700003|Pære conference pr stk
2000441500006|Pære sweet sensation pr stk
7034280010667|Pærebrus 0,33l boks Frukthagen Hardanger
7033850008233|Pærebrus 1,5l flaske Oskar Sylte
7033850008295|Pærebrus Lett 1,5l flaske Oskar Sylte
7090057870056|Pæregele m/Chili 110g Ostegården
7311040065342|Pærer 425g boks Eldorado
7311040065618|Pærer i Lake 825g boks Eldorado
7035620062865|Pølse Cheddar&Jalapeno 240g Jacobs
7035620062452|Pølse Sweet Onion 270g A.Idsøe/Jacobs Utvalgte
7090022857952|Pølsebrød Gluten&Melkefri 4stk Brisk
7330242260188|Pølsebrød glutenfri 210g Fria
8008696030303|Pølsebrød glutenfri 2stk 65g Nutrifree
7090031240226|Pølsebrød glutenfri 3stk 140g Klæbu
6431903340261|Pølsebrød glutenfri 4stk 260g Hatting
7090014610954|Pølsebrød glutenfri Frys 280g Tangent
8008696032529|Pølsebrød Xl Gl.Fri 130g Nutifree
7035620047084|Pølser Mixpakke 240g A.Idsøe/Jacobs Utvalgte
7039010082426|Pølsesennep Bod Sterk & Grov 490g Idun
7039010082402|Pølsesennep Original 490g Idun
7392555006921|Queenoliven m/Urtemarinade 160g Ridderheims
7090064950109|Quellouno 70% 60g Vigdis Rosenkilde
2000562900006|Queso De Cabra Al Vino
5996071691092|Quick Milk Magic Cookies&Cream 5stk Felfoldi
5996071650655|Quick Milk Magic Sipper Jordbær 5pk Felfoldi
5996071650648|Quick Milk Magic Sipper Sjokolade 5pk Felfoldi
7312787710489|Quinoa 400g Gogreen
7070848071114|Quinoamel Økologisk 350g Dgv
7034280008787|Rabagast Ost skivet 120g Synnøve
7034280110565|Rabagast Ternet 80g Synnøve
7090025820137|Rabarbra 0,75l Ringi
2000474500004|Rabarbra pr Kg
7090051520094|Rabarbramarmelade 156ml Heimstølen
7025441017960|Rabarbrasaft 0,7l flaske Askim
7025440076005|Rabarbrasaft Drikkeklar 0,33l Askim
7023511012181|Rabarbrasyltetøy 420g Lisa
2000133000005|Raclette Ermitage .
3250551815432|Raclette skivet 400g Ermitage
3444570200823|Ragu m/Potet&Okse Øko 8mnd 185g
7090053791102|Raita 250g Saritas
7071992000593|Raita Miks 50g Masalamagic
7311311003639|Raita Spice Mix 8g St.Maria
2000117700006|Rambol m/Valnøtt .
3175360005006|Rambol Valnøtt Creme 125g
5701116017702|Ramsløk Dressing 300ml Svansø
7090040560902|Ramsløkaioli 225ml Metervare
7090023900145|Ramsløkpølse 230g Jens Eide
7055596051816|Ramsløkpølse 230g Toten Kjøtt
1230000098281|Ranch Dressing 320ml
1230000098298|Ranch Dressing Jalapeno 320ml
7035620060595|Raps&Olivenolje 1l Eldorado
7035620048883|Rapsolje 1l Eldorado
7090034901186|Rapsolje 3l Jasmin
7025441296006|Rapsolje 500ml Askim
8410086235456|Rapsolje 500ml Ybarra
7090009370108|Rapsolje Baking 0,45l Odelia
7090009370269|Rapsolje Chili 0,45l Odelia
7035620060571|Rapsolje Kaldpresset 0,5l Jacobs Utvalgte
7090062490003|Rapsolje Kaldpresset 250ml Inderøy 64°
7090009370306|Rapsolje Steking 0,45l Odelia
5901122237136|Raspb Milk Chocolat 130g Schofrulade
9004131537252|Raspb White Chocolat 130g Schofrulade
8410916915138|Ratatouille 390g Diamante
7090009900190|Raudberg Ost Økologisk 240g Himmelspannet
7039010524766|Ravigottesaus 285g Idun
9002490241148|Red Bull Energidrikk 250ml 4pk boks
90433917|Red Bull Energidrikk 250ml boks
9002490241247|Red Bull Energidrikk 355ml boks
9002490241407|Red Bull Energidrikk 473ml boks
90448652|Red Bull Energidrikk Blue Edition 250ml boks
90456282|Red Bull Energidrikk Sf Aprikos 250ml boks
90433924|Red Bull Energidrikk Sukkerfri 250ml boks
9002490200381|Red Bull Energidrikk Sukkerfri 250mlx4 boks
9002490257231|Red Bull Energidrikk Sukkerfri 355ml boks
9002490241438|Red Bull Energidrikk Sukkerfri 473ml boks
90435027|Red Bull Energidrikk Yellow Edition 250ml boks
90474125|Red Bull Lilac Edition 250ml
90474651|Red Bull Sukkerfri Peach Edition 0,25l
90474118|Red Bull Sukkerfri Pink Edition 250ml
9002490279776|Red Bull Sukkerfri Pink Edition 473ml
9002490263089|Red Bull Yellow Edition 250mlx4 boks
90474101|Red Bull Zero 250ml
9002490279745|Red Bull Zero 473ml boks
7055330018419|Red Curry Base 500g Meny
7311312005274|Red Curry Paste 110g St.Maria
7392555502096|Red Devil 50g Ridderheims
748159107309|Red Devil Hot Saus 178ml Trappeys
7090002764027|Reddik Spirer 50g Økologisk
7031540008709|Reddiker 250g Flow Gartner
41500888125|Redhot Sause Original 148ml Frank´S
41500934303|Redhot Wings Sauce 354ml Frank's
46000820118|Refried Beans 453g Old Elpaso
7622300473983|Regia Kakao Original 260g Freia
2000197100000|Regnbueørret Filet m/Sk u/Ben Oppd pr Kg
7090013710327|Rein Finnbiff 400g Finnmark Rein
2385446200008|Rein Indrefilet Frys Ca250g Finnmark Rein
2387392100005|Rein Indrefilet Frys Ca400g Rørosrein
2384870700009|Rein Margbein Frys Ca1kg Varanger
7090013710778|Rein Medaljong Frys 300g Finnmark Rein
2385446100001|Rein Mørbrad Ca260g Finnmark Rein
7090013710570|Rein Røkt Finnbiff 300g Finnmark Rein
2385444200000|Rein Stek Surret Frys 1kg Finnmark Rein
7090013710693|Rein Ytrefilet Frys 300g Finnmark Rein
7090013710921|Reinsdyr Biff Speket 70g Finnmark Rein
7035620013058|Reinsdyr Skav 400g First Price
7090012291360|Reinsdyrpølse 250g Eine
7056630000241|Reinsdyrpølse 255g Rekedal
7090012290370|Reinsdyrpølse 90g Eine
2385446500009|Reinsdyrskank Langtidskokt Ca820g Finnmark
7041810010400|Rekeost 175g Tube Kavli
7035620012693|Reker Argentinske 170g Fiskemannen
2000188800001|Reker Frosne 60/80 5kg
7035620071768|Reker Frosne m/Skall 50/70 1kg Fiskemannen
7036110211541|Reker i Aioli 170g Delikat
7039750003033|Reker i Lake 540g Reimes
7090009658114|Reker i Lake Håndpillede 500g Troll
7035620063886|Reker i Lake Msc 365g Fiskemannen
7035620060052|Reker i Lake Msc 775g First Price
7035620059438|Reker i Lake Msc Håndpillede 510g Fiskemannen
7036110211398|Reker i Majones 180g Mills
7055330029071|Reker i Majones 200g Meny
7034170004974|Reker i Majones 60% 180g Bjerke
2000150600004|Reker i Majones pr Kg
7035620037337|Reker m/Skall Msc Kokte 90/130 2kg First Price
7035620041686|Reker Msc Pillede Kokte 150g Fiskemannen
7033352756694|Reker Norske Ferdigpillede 250g Sommervibber
7035620036125|Reker Pillede Ferske Msc 100g Fiskemannen
7036110212494|Rekesalat 180g Denja
7036110211251|Rekesalat 200g Mills
7036110211268|Rekesalat 320g Mills
7035620053757|Rekesalat 400g First Price
3850104051029|Relish Ajvar Mild 350g Podravka
7035620055591|Remulade 150g Jacobs Utvalgte
7036110006093|Remulade 165g Mills
7036110006109|Remulade 330g Mills
7036110009810|Remulade Ekte 160g Tube Mills
5900862212540|Remulade Tatarski 250g Winiary
5701092114006|Repsils Honning&Sitron Sukkerfri 24stk
5701092112422|Repsils Ta Jordbær 24stk
7613032483968|Resorb Original Bringebær 90g
7035620056956|Revet Topping 500g First Price
7034280010865|Revet Økonomipakke 370g Synnøve
5701125256598|Rhubarb Mixer 0,5l Shake It
7035620047077|Rib Fingers Barbeque 500g Folkets
7037206100060|Ribberull 100g Gilde
7034170020011|Ribberull skivet 100g Bjerke
7311312000545|Rice Noodles 180g St.Maria
7610700028872|Ricola Fresh Mint Sukkerfri 50g
7610700029138|Ricola Ginger Orangemint Sukkerfri 50g
7610700028940|Ricola Original Sukkerfri 50g
7610700028841|Ricola Rasberry Mint 50g
7610700028902|Ricola Tranebær Sukkerfri 50g
80344346|Ricotta 250g Granarolo
7038010019241|Ridderost 285g Tine
2000101300007|Ridderost Classic
7038010022012|Ridderost skivet 170g Tine
7090040560148|Ring-1 Fransk Landpølse 300g Metervare
7044610874944|Ringnes Lite 0,5l boks
7044613876143|Ringnes Lite 0,5lx6 boks
5400279000070|Rips Røde 125g kurv
7025441017991|Rips&Bringebærsaft 0,7l Askim
7055080003147|Rips&Bringebærsaft Ufiltrert 0,5l flaske Hervik
7055080003116|Rips&Solbærsaft Ufiltrert 0,5l flaske Hervik
7090047980673|Ripsgele 170g Røyland
7025035206220|Ripsgele 200g Løiten
7055080003208|Ripsgele 330g Hervik
7070439008345|Ripsgele 425g Lisa
7090047980062|Ripsgele m/Vanilje 125g Røyland
7090047980888|Ripsgele m/Vanilje 70g Røyland
7090042143301|Ripssaft 0,75l Røyse
7025441018011|Ripssaft 0,7l Askim
7055080003123|Ripssaft Ufiltrert 0,5l flaske Hervik
3444570200779|Ris & Kylling m/Karri Øko 6mnd 185g
7028630004499|Ris Sjokolade 150g Hval
8854404005732|Ris Svart 2x250g Blue Elephant
7310100974853|Ris, Kylling & Grønnsaker 6m 120g
5411188112549|Risdrikk Original m/Kalsium 1l Alpro
5010338404529|Riseddik 150ml Blue Dragon
5060194790014|Riseddik 150ml Saitaku
7037610058933|Risengrøt 258g Toro
7037610058834|Risengrøt Snarkokt 148g Toro
7037610082310|Risgrøt 385g Velbekomme
7033330087086|Risgrøt 460g Fjordland
7033330086935|Risgrøt 970g Fjordland
7033330089356|Risgrøt Laktosefri 400g Fjordland
7033330087857|Risgrøt Sukker&Kanel 470g Fjordland
7035620069093|Riskaker 100g First Price
7029121011712|Riskaker m/Mørk Sjokolade 100g Helios
5060040255483|Riskjeks Bringebær&Rødbet 6g Kiddylicious
8719153043858|Riskjeks Sjokolade Gl.Fri 100g Consenza
7033330052640|Riskrem 675g Kos
7038010056970|Rislunsj Bringebær/Blåbær 150g Tine
7038010035524|Rislunsj Bringebær/Rips 150g Tine
7038010035463|Rislunsj Jordbær 150g Tine
7038010064128|Rislunsj Jordbær uten 150g Tine
8014601654571|Rismel 500g Caputo
7070848071039|Rismel Fullkorn Økologisk 350g Dgv
8995899480311|Risnudler 250g Bali Kitchen
8710605092011|Risnudler 250g Go-Tan
8032542741006|Risotto m/Asparges Økol 250g Superbra
8032542740993|Risotto m/Paprika Økol 250g Superbra
8032542740955|Risotto m/Steinsopp Økol 250g Superbra
8032542741044|Risotto m/Tomat Økol 250g Superbra
8001860257131|Risotto m/Trøffel 210g Riso Scotti
7090024961022|Risotto m/Trøffel 250g Superbra
8001860257773|Risotto med Ost 210g Riso Scotti
8001420003840|Risottoris Arborio 1kg Riso Gallo
8001420001327|Risottoris Arborio 500g Gallo
7035620055911|Ristet Pepper hel 55g Jacobs Utvalgte
4001724022398|Ristorante Pizza Gl.Fri Mozzarella 370g Dr.Oetker
4001724022442|Ristorante Pizza Gl.Fri Prosciutto 345g Dr Oetker
4001724022473|Ristorante Pizza Gl.Fri Salame 315g Dr.Oetker
7035620059827|Roastbiff 100g Folkets
7037204740640|Roastbiff Vår Fineste 100g Gilde
7350115941037|Roasted Salsa Hot Garlic&Guajillo 215g El Taco Truck
2000108900002|Roche Baron .
7311310026790|Rock Salt m/Kvern 140g St.Maria
7090047980970|Rognebærgele 160g Røyland
7025035206121|Rognebærgele 200g Løiten
2000812500000|Rokoll Orkladal Ysteri
7072130110976|Rom Essens 15ml Idun
7023026073301|Romano Mix 175g Grønn&Frisk
7038010035364|Romkrem 500ml Piano
7090049650154|Romrosinis 0,5l Gioia
5063270101612|Rooibos Te 20pos Lipton
7039410000082|Rooibos Te Økologisk 20pos Confecta
93492171|Root Beer 375ml flaske Bundaberg
3023260001362|Roquefort 100g Société
2000121400008|Roquefort Orchis .
2000134500009|Roquefort Papillon Black
2000141300005|Roquefort Societè .
2000130500003|Roquefort Verniers .
5710175131281|Rose Harissa 50g Mill& Mortar
7090062600129|Rosenkål 350g Frebergs
7035620025273|Rosenkål 600g First Price
7310500130576|Rosenkål Våre Utvalgte 320g Findus
7037610237321|Rosepepper Kyllingsaus 18g Toro
7035620003424|Rosiner 250g Eldorado
41143024324|Rosiner 250g Sun Maid
5701410689223|Rosiner 500g Eldorado
41143028919|Rosiner 500g Sun Maid
7311041000175|Rosiner 6x42g Eldorado
41143020128|Rosiner 6x42g Sun Maid
41143024966|Rosiner Økologisk 250g Sun Maid
7027620034003|Rosmarin 12cm Stor Potte
7045010003330|Rosmarin 26g glass Hindu
3162900031441|Rosmarin 35g Albert Ménès
7045010001039|Rosmarin 5g pose Hindu
5701239023093|Rosmarin&Hvitløk Glaze 50g Meny
3165350001460|Roséeddik 250ml Martin Pouret
7311311015656|Rosépepper hel 21g Santa-Maria
7613036876537|Rotfrukter m/Laks 8mnd 190g Nestle
7310500141121|Rotgrønnsaker Rustikk 450g Findus
7310350112548|Rox Karamell Bringebær/Sitron 2bit 14,5g
7310350133727|Rox/Fox/Nox 200g Malaco
7037210118846|Royal Is Crème Brûlée 0.9l Diplom-Is
7037210118822|Royal Is Pistasj&Sjokolade 0.9l Diplom-Is
7037210121433|Royal Is Salt Karamell 0,9l Diplom-Is
7037210118815|Royal Is Sjokolade 0.9l Diplom-Is
7037210118853|Royal Is Skogsbær&Sjokolade 0.9l Diplom-Is
7037210118839|Royal Is Vanilje 0.9l Diplom-Is
7023026089401|Ruccula 65g Grønn&Frisk
7023026081306|Ruccula Mix 175g Grønn&Frisk
7039281545187|Ruccula Salat 50g Økologisk
7040516536023|Ruccula Salat 75g
7090040501189|Rundbrød 4stk 120g Pure Food Norway
7070848073071|Rundstykker 450g Det Glutenfrie Verksted
7090040500533|Rundstykker Fine Gl.Fri 240g Pure Food
6431901440246|Rundstykker Fine glutenfri 4stk 280g Hatting
7090040500564|Rundstykker Grove glutenfri 4stk 240g Pure Food
6431901440130|Rundstykker Grove glutenfri 4stk 320g Hatting
7330242200863|Rundstykker m/Valmuefrø glutenfri 280g Fria
7044610873947|Russchian 0,5l flaske Schweppes
7090018450020|Russiske Erter Kokt 220g Culinar
2000479800000|Rustikktomat brun 1 stk, ca 180g
7021450001174|Rype Gryteklar 1stk
7021450003741|Rypebryst 500g Øfas
7034280003546|Rå Appelsinjuice 1l med Fruktkjøtt
7034280003539|Rå Eplejuice Kaldpresset 1l
7072425001125|Rå Kake Blåbær&Vanilje 2pk 160g
7072425001309|Rå Kake Sitron&Chiafrø 2pk 160g Veg. Gl.Fri
2000107800006|Råblå Grindal Ysteri
7023026094719|Råkost Mix 250g Grønn&Frisk
7070643001095|Råmelk Honning 20stk Biopharma
7090040913289|Råny Pepperoni skivet 60g Ask
7029121011828|Rårørsukker Lyst Økologisk 1kg Helios
7025445906000|Råshot Blåbær 260ml Askim
7310340111056|Råsukker Biter 500g Dansukker
5774540702506|Råtne Fisk 125g Bonbon
7090052030196|Råwbar Aprikos Havre Bringebær 30g Grogro
7090052030189|Råwbar Dadler Havre Kakao 30g Grogro
5711953111464|Rød Cheddar 200g Apetina
2000470700002|Rød chilipepper pr stk
7035620060212|Rød Daal 325g Vilje
2000169700009|Rød Ku Thorbjørnrud Ysteri
8421251893562|Rød Paprika Ekstra 185g Mendavies
7070622010032|Rødbetejuice Økologisk 0,75l Helios
5900919001578|Rødbeter 370ml Rolnik
7040518212055|Rødbeter 500g pakke
3281440000301|Rødbeter 500g Økologisk Sous Vide
2000453900009|Rødbeter Bunt
7045617010229|Rødbeter God Gammeldags 550g Grimstad
7070622011077|Rødbeter i skiver Økologisk 340g Helios
5907632500326|Rødbeter Raspet 500g Klimex
4770583000938|Rødbeter Raspet/Marinert 265g Kedainiu
7311041084854|Rødbeter Skivede 490g First Price
7039010087155|Rødbeter Skivede 580g Nora
7036110212517|Rødbetsalat 180g Denja
7036110211299|Rødbetsalat 200g Mills
7035620032974|Rødkål 450g First Price
7041310115100|Rødkål 450g Nora
7045617010502|Rødkål Gammeldags 450g Grimstad
7039010014199|Rødkål Hjemmelaget 450g Nora
8007548011149|Rødløk 150g Delize Di Calabria
7040514003763|Rødløk 2stk i Strømpe
7035620057991|Rødløk Syltet 235g Eldorado
7055330020993|Rødløk Syltet 240g Meny
7039281544166|Rødløk Økologisk 500g Vilje
7034170002901|Rødvinsalami skivet 100g Bjerke
7035620034510|Rødvinsaus 250ml Jacobs Utvalgte
7090013750477|Rødvinsaus Fersk 240ml Gårdsand
8014347107911|Rødvinseddik 250ml Il Torrione
3165350225071|Rødvinseddik 250ml Martin Pouret
7310155505415|Rødvinseddik 300ml Druvan
7090047980550|Rødvinsgele 155g Røyland
7071070916181|Rødvinsnabb 300g Smedstuen
7056630000326|Rødvinspølse 275g Rekedal
2000184700008|Røkt kolje i skiver
7058040684103|Røkt Svinefilet 250g Grilstad
7048840225064|Rømme 35% 300g Q
7090006470313|Rømme 39% Økologisk 250ml Røros
7035620058523|Rømmedressing 225ml Eldorado
7028550078013|Rømmedressing 345ml Littbedre
7039010015790|Rømmedressing 435g Idun
7034170002819|Rømmedressing m/Hvitløk 480ml Bjerke
7046280079902|Rømmedressing Original 125g Peppes
7033330089561|Rømmegrøt Laktosefri 350g Fjordland
7038010001420|Rømmekolle 175g Tine
7035620052323|Rømmesild 335g Fiskemannen
7020350010675|Rømmesild 580g Norrøna
7035450045205|Røros Majones 165g
7035450045212|Røros Majones m/Ramsløk 165g
7090006474045|Røros Smør 1% Salt 250g Øko Rørosmeieriet
7090006474687|Røros Yoghurt Blåbær Økol. 500g Rørosmeieriet
7090006474717|Røros Yoghurt Jordbær Økol. 500g Rørosmeieriet
7090006474441|Røros Yoghurt Naturell Fyldig 10% Fett Øko
7090006474595|Røros Yoghurt Naturell Økol. 500g Rørosmeieriet
7090006474656|Røros Yoghurt Tyttebær Økol. 500g Rørosmeieriet
7090006474625|Røros Yoghurt Vanilje Økol. 500g Rørosmeieriet
7035450040057|Røroskake glutenfri 430g Galåvolden
7035450040774|Rørosost m/Krydder 270g Galåvolden
7310340111049|Rørsukker Strø Demerara 500g Dansukker
7350039457614|S-Marke Salt Skum 70g Jamtgott
7350039457607|S-Marke Surt Skum 70g Jamtgott
7340146506480|S-Märke Chews Salte Samiakkuler 70g
7340146506473|S-Märke Chews Sure Fruktkuler 70g
7350039457669|S-Märke Colasura 80g Candy People
7350039457676|S-Märke Hallonsura 80g Candy People
7045010003750|Safran 0,25g glass Hindu
7035620055898|Safran 0,75g Jacobs Utvalgte
8413700070389|Safran Molido Malt 0,4g Carmencita
8413700054389|Safran Tråder 0,375g Carmencita
7035620069086|Saftis Jordbær/Appelsin 12stk First Price
2000118600008|Saga Classic .
7044711300922|Sagogryn 250g Hoff
2000116100005|Saint Agur .
3222110025286|Saint Agur 115g
2000118800002|Saint Albray .
7058040691903|Salami 200g Grilstad
7035620045011|Salami 250g First Price
8028257013347|Salami 85g Negroni
7058040675002|Salami Familia 100g Grilstad
7037203631222|Salami Familiens 80g Gilde
7058040630407|Salami Fersk 80g Grilstad
8003948999988|Salami Finocchio 80g Negrini
8016451170706|Salami Italiano 70g Tanzi
7090040913036|Salami Italo Mild skivet 100g Ask Gård
7035620004322|Salami M Fennikel 80g Jacobs Utvalgte
8003948003289|Salami m/Fennikel 125g Negrini
8003948002169|Salami m/Hvitløk 125g Negrini
7034170020479|Salami m/Italiensk Ost skivet 100g Bjerke
8003948003548|Salami m/Trøffel 125g Negrini
7035620019760|Salami Milano 80g Jacobs Utvalgte
8003948003531|Salami Milano Snabb 125g Negrini
7035620017766|Salami Napoli San Gennaro 80g Jacobs Utvalgte
8003948003579|Salami Napoli Sterk 125g Negrini
8003948003869|Salami Nduja 125g Negrini
8003948001568|Salami Peperoni 80g Negrini
7035620013324|Salami Piccante 80g Jacobs Utvalgte
7037203643836|Salami Siliana skivet 130g Gilde
7037204190926|Salami skivet 130g Go&Mager
3449865239267|Salami Snack Naturell 120g Aoste
7037204198724|Salami Spesial skivet 130g Gilde
8003948004989|Salami Strolghino 125g Negrini
7023026072328|Salat Mix 300g Grønn&Frisk
3234750030674|Salatkrydder 60g Albert Ménès
7038010071676|Salatost Chili&Fenikkel 220g Tine
7038010072253|Salatost Naturell 220g Tine
7038010071607|Salatost Urter&Hvitløk 220g Tine
7058040455000|Salchicha Pikante hel 220g Grilstad
8412954021031|Salchichon Extra Tapas 40g Ridderheims
7026591041973|Salciccia Toscana 300g Tanzi
7026591041980|Salciccia Toscana Picante 300g Tanzi
47997130204|Salmon Seasoning Magic 198g Chef Paul
7311312000897|Salsa Chunky Hot 230g St.Maria
7311312000873|Salsa Chunky Medium 230g St.Maria
7050122131970|Salsa Dip 220g Maarud
7311312002341|Salsa Dip Medium 250g St.Maria
8410076420121|Salsa Dip Medium 312g Old El Paso
7090024960681|Salsa Frisk Mango&Lime Økol 240g Superbra
711381327388|Salsa Ghost Pepper 454g Stonewall Kitchen
711381023075|Salsa Mango&Lime 454g Stonewall
7090024960667|Salsa Mild Tomat&Kor. Økol 240g Superbra
7311312000941|Salsa Pineapple 230g St.Maria
7023026098069|Salsa Ranch Dressing Girard's 56g
7090024960704|Salsa Sterk Chili&Hvitløk Økol 240g Superbra
7311041024690|Salsadip Mexican Medium 315g First Price
7035620022197|Salsiccia Rå 295g A.Idsøe/Jacobs Utvalgte
7090040913098|Salsiccia Rå Pølse m/Fennikel 300g Ask
7035620068683|Salsicciadeig Chili 300g Jacobs Utvalgte
7035620068737|Salsicciadeig Fennikel 300g Jacobs Utvalgte
7037203638467|Salsicciapølse 225g Gilde
8715800002230|Salt Fint m/Jod 600g Jozo
5701027004259|Salt Fint u/Jod 1kg Jozo
8715800002391|Salt Fint u/Jod 600g boks Jozo
8715800100516|Salt Grovt u/Jod 800g Jozo
7090049650031|Salt Karamellis 0,5l Gioia
7041011095602|Salt Karamellsaus 325g Hennig-Olsen Is
5701027004303|Salt m/Jod 1kg Jozo
7310350119752|Salt Sild 100g Malaco
7090050620023|Salt Umami 40g Fungi
8008698002049|Salti Kjeks glutenfri 175g Schar
7090057101310|Salty Caramel&Almond 70g Vgan
7045010003347|Salvie 9g glass Hindu
7072770008756|Salvie Culinaria 750g Ravnsborg
7310611021305|Samarin 18 Porsjoner
7311310036218|Sambal Oelek 200g St.Maria
7029121011781|Sambal Oelek Chili 100g Økologisk Helios
8710605010237|Sambal Oelek Chili Paste 100g Go-Tan
8410655002083|San Miguel Alkoholfri 0,33l flaske
8002270009235|San Pellegrino 0,5l flaske glass
8002270000201|San Pellegrino 0,5l flaske Plast
8002270049941|San Pellegrino 0,5lx6 flaske
8002270000218|San Pellegrino 1l flaske
8002270044892|San Pellegrino 1lx6 flaske
8002270166884|San Pellegrino Aranciata 0,33l boks
8002270186882|San Pellegrino Aranciata Rossa 0,33l
8002270206887|San Pellegrino Limonata 0,33l
7070866041786|Sana-Sol 500ml Flytende Multivitamin
7070866042370|Sana-Sol Host&Hals Honning&Ingefær 48g
7070866042400|Sana-Sol Sår Hals 20stk
5900919001394|Sancwich Agurk 720ml Rolnik
7039010559904|Sandefjordsaus 300ml Toro
7037610232012|Sandefjordsmør Original 29g Toro
8410376061789|Sandwich Kjeks m/Sjok.Fyll Gl.Fri 225g
6431901840558|Sandwichbrød Grovt glutenfri 4stk Hatting
7090030762026|Sangnæspølsa skivet 150g
7090030762019|Sangnæspølsa Snabb 420g
7090064950116|Santa Ana 70% 60g Vigdis Rosenkilde
7315361106883|Sara Bernard 6pk 150g Delicato
7311041000830|Sardiner Brisling i Olje 105g Eldorado
7311041000823|Sardiner Brisling i Tomat 105g Eldorado
7027110222453|Sardiner Classic i Olivenolje 106g King Oscar
7027110222422|Sardiner i Olivenolje 106g King Oscar
5601010211032|Sardiner i Olivenolje 124g Ramirez
7090042235068|Sardiner i Olje 240g Baltika
4751001585336|Sardiner i Olje 250g Riga Gold
7027110222460|Sardiner i Tomat 106g King Oscar
5601010211162|Sardiner m/Chili i Olivenolje 124g Ramirez
5601010211070|Sardiner Naturell i Saltlake 125g Ramirez
40081922|Sauerkraut Mildessa 300g Hengstenberg
40081908|Sauerkraut Mildessa 770g Hengstenberg
7037610231299|Saus til Laks Mild 39g Toro
7035620040139|Scampi Asc 16/20 Rå u/Skall 1kg Unil+
7035620056680|Scampi Asc 270g Fiskemannen
7035620027215|Scampi Asc 31/40 Rå u/Skall 500g Fm
7035620029141|Scampi Asc 41/50 Kokt u/Skall 500g
7035620070273|Scampi Asc m/Hvitløkssmør 160g Fiskemannen
7035620042270|Scampi Asc Rå u/ Skall 16/20 400g Fm
7035620041648|Scampi Chili Hvitløk Asc 170g Fiskemannen
7035620066191|Scampi Ingefær Asc 170g Fiskemannen
5702008269957|Scampi Rå u/Skall 16/20 1kg
7035620028052|Scampi Vannamei Asc 31/40 Rå u/Skall 1kg Fiskem.
7044610877099|Schous Lite 0,5l boks
7044611877098|Schous Lite 0,5lx6 boks
7044610877952|Schweppes Citrus Fruits Zero 0,33l boks
7044610877969|Schweppes Lemon Zero 0,33l boks
7044615877568|Schweppes Russian 1l flaske
7072889000009|Sea Salt Snacks 75g Wabba
47997123206|Seafood Magic 57g Chef Paul
7311310026721|Seafood&Fish Kvern 90g St.Maria
7021450005110|Seafoodmix Rå Stå pose 400g Øfas
47997130006|Seasonic Salt Magic 198g Chef Paul
2000190300001|Sei Filet Vill pr Kg
7035620057021|Seibiff m/Løk 460g Fiskemannen
7035620068669|Seifilet Blokk 400g First Price
7041111151666|Seigmenn 200g Brynild
7038010021121|Selbu Blå 150g Tine
2000563100009|Selbu Blå Ekstra Lagret 8+ Uker
7038010024726|Selbu Blå Kraftig 150g Tine
2000141400002|Selbu Blå Lagret 4 Uker
7090062600013|Sellerirot i Biter 400g Frebergs
2000439000006|Sellerirot pr stk
7035620048661|Sellerirot&Blomkål Suppe 570ml Eldorado
7055330017245|Sellerirotpure 250g Meny
7039672243852|Selskapsdressing 500g Fader Martin
7045615000017|Selskapserter 250g Eldorado
7041310117302|Selskapserter 390g Nora
7029150600222|Selskapspudding Fersk 450g Fjordfisk
7310619136209|Seltin Original 250g
7310619135707|Seltin Original 550g
7310619138203|Seltin Original 90g
7052860000518|Sennep Curry-Mango 250g Bergbys
3230140002719|Sennep Dijon Estragon 210g Fallot
3230140002511|Sennep Dijon Grov 205g Fallot
3230140003716|Sennep Dijon Honning/Balsamico 210g Fallot
3230140002412|Sennep Dijon Lys 210g Fallot
3230140002214|Sennep Dijon Lys Fransk 390g Fallot
3036810201372|Sennep Dijon Original 380g Maille
3230140006229|Sennep Dijon Valnøtt 100g Fallot
7029121012290|Sennep Dijon Økologisk 200g Helios
4041131008998|Sennep Extra Sterk 250ml Löwensenf
7035620032721|Sennep Grov 180g Jacobs Utvalgte
7052860000303|Sennep Grov 230g Bergbys
42094739|Sennep Grov&Søt 250ml Löwensenf
7310155600769|Sennep Grovsterk 500g Johnnys
5901044003611|Sennep Sarepska 175g Roleski
7039010081061|Sennep Sterk 250g glass Idun
7052860000143|Sennep Sterk 465g Bergbys
7052860000549|Sennep Svartpepper 235g Bergbys
7052860000433|Sennep Søt 250g Bergbys
7052860000037|Sennep Søt 510g Bergbys
7052860000204|Sennep Søt&Sterk 460g Bergbys
7035620029035|Sennep Søt/Sterk 200g Jacobs Utvalgte
57420271|Sennep Tørr 100g Colman
3036810207589|Sennep Whole Grain 210g Maille
7045010003828|Sennepsfrø 50g glass Hindu
7035620030055|Sennepssaus 130ml Eldorado
7034170002864|Sennepssaus 200ml Bjerke
7039010524773|Sennepssaus 265g Idun
8711000393888|Senseo Friele Medium Kopp 36puter
8711000393765|Senseo Strong Medium Kopp 36puter
8410783349692|Serrano Løvtynn 90g Noel
7035620010828|Serrano Skinke 80g Porxas
8410783332557|Serrano Skinke skivet 12mnd 80g Noel
8410783321346|Serrano Skinke skivet 70g Noel
8410783032716|Serrano Skinke skivet 9mnd 80g Noel
8412954021956|Serrano Skinke Tapas 40g Ridderheims
7035620008207|Serranoskinke 300g
7035620057298|Serranoskinke Gran Reserva 80g Jacobs Utvalgte
7037204755231|Servelat 100g Go & Mager
7037206100008|Servelat 110g Gilde
7037204745041|Servelat 150g Gilde
7035620096600|Servelat 250g First Price
7090017540272|Sesam Mel glutenfri Fettredusert 250g
5010338404468|Sesam Oil 150ml Blue Dragon
5060194790472|Sesamfrø Hvite 95g Saitaku
5060194790465|Sesamfrø Svarte 95g Saitaku
7035620057007|Sesamfrø Økologisk 300g Vilje
7029121011743|Sesamfrø Økologisk 325g Helios
5022747360129|Sesamolje 250ml International Collection
7090040840028|Sesongfavoritter 6biter 70g Jentene På Tunet
7038010004858|Seterrømme 35% 300g Tine
3165351325220|Sherryeddik 250ml Martin Pouret
7020350010644|Sherrysild 580g Norrøna
3112309996513|Shiitake Sopp Tørket 20g Borde
7035620036521|Siciliana Picante Rå 240g A.Idsøe/Jacobs Utvalgte
7040913336165|Sidamo Etiopia Hele Bønner 340g Cotw
2365696600001|Sideflesk Lettsaltet i Bit Ca400g Folkets
7021030001136|Silderogn Rød 50g Nordic Caviar
7021030001129|Silderogn Sort 50g Nordic Caviar
7037203643928|Siliana Løvtynn 80g Gilde
7037203637125|Siliana&Ostepølse 225g Gilde
7034280110626|Silky Cheddar Dressing 60g Peppes Loaded
8445291080706|Sinlac Spesiallgrøt 6m 500g
7090040561220|Sinnataggen 300g Metervare
7090040560131|Sinsenkrysset Salsiccia 300g Metervare
7090049731587|Siracha Ketchup 30g Solina
5010115902941|Sirup 454g Lyles Golden
7310340002309|Sirup Lys 400g Dansukker
7311041020418|Sirup Lys 500g Eldorado
7311041020401|Sirup Mørk 500g Eldorado
7090061430024|Sitron 330ml Oppegård Brus
7072130110990|Sitron Essens 15ml Idun
3760034311004|Sitron Pure 1kg Capfruit
2000403300002|Sitron stykk
70177084752|Sitron Te 25pos Twinings
94033|Sitron økologisk pr stk
7070841005840|Sitron&Limesaft 0,75l Lerum
7033850008578|Sitronbrus 1,5l flaske Oskar Sylte
7090034396623|Sitronbrus Gamlebyens 0,33l flaske Nøisom
7090056760136|Sitronbrus Økologisk 0,33l flaske Lykki
7090049650062|Sitrongress &Pasjonsfruktsorbet 0,5l Gioia
8717662025754|Sitrongress 50g pakke
4013200882105|Sitrongress i Lake 100g Lien Ying
7035620053993|Sitronlimonade m/Ingefær 1l Eldorado
7036110007021|Sitronmajones 100g Tube Mills
7090059090469|Sitronola! 330ml Glassflaske O.Mathisen
7311311016356|Sitronpepper 102g Santa-Maria
7045010003668|Sitronpepper m/Kvern 63g Hindu
7045010003439|Sitronpepper Malt 56g glass Hindu
76106002|Sitronsaft 115ml Sicilia
7090049650093|Sitronsorbet 0,5l Gioia
7035620047626|Sitronsorbet 500ml Jacobs Utvalgte
7039010528696|Sitronsyre 23g Gimsøy
7040514506059|Sjalottløk 350g pakke
7055330024151|Sjampignonstuing Kremet 300g Meny
7039010540247|Sjokade 30% Mindre Sukker 450g
7090062960360|Sjokolade 500ml Go'Is Hadeland
7090046151302|Sjokolade Hasselnøtt 75g Sukkerfri
7035620045004|Sjokolade Iskrem 500ml Jacobs Utvalgte
8008696030501|Sjokolade Muffins m/Sjok.Biter 4-Pk 180g Nutrifree
3395328348581|Sjokolade Mørk 70% Hjemmebaking 250g Valrhona
8008698005286|Sjokolade Snack 105g Schar
5013092002871|Sjokoladebar 72% Low Sugar 40g Plamil
5013092002864|Sjokoladebar Kaffe 60% 40g Plamil
5701073064184|Sjokoladeblader 45g Dr. Oetker
7090004038591|Sjokoladeboller Gammeldagse 6stk United Bakeries
7622300277239|Sjokoladedrikk 10pk 320g Regia
7039010563857|Sjokoladedrikk 10x32g Rett i Koppen
7622300286675|Sjokoladedrikk 450g boks Regia
7039010563833|Sjokoladedrikk 512g Rett i Koppen
7612100063576|Sjokoladedrikk Belgian 220g Options
7039010564595|Sjokoladedrikk Lett 10x14g Rett i Koppen
7039010563864|Sjokoladedrikk Refill 512g Rett i Koppen
7090040840455|Sjokoladefryd 10biter 120g Jentene På Tunet
7090040840448|Sjokoladefryd 15biter 180g Jentene På Tunet
7039010581479|Sjokoladeglasur Kremet 126g Toro
7039010603218|Sjokoladeglasur Kremet 340g Toro
7039010579599|Sjokoladeglasur til Langpanne 350g Toro
7035450041252|Sjokoladeis m/Chili 0,5l Galåvolden
7090049650017|Sjokoladeis Valrhona 0,5l Gioia
7044416016937|Sjokoladekake Langpanne 750g Regal
7039010606554|Sjokoladekake Langpanne 880g Toro
7070848070223|Sjokoladekakemiks Gl.Fri Økol 600g Dgv
5051777000927|Sjokoladekjeks Fylte Gl.Fri 125g Lovemore
5709521049769|Sjokoladeknapper Hvite 115g Odense
5709521049790|Sjokoladeknapper Melkesjokolade 115g Odense
5709521049738|Sjokoladeknapper Mørke 115 Odense
87188653|Sjokolademedalje m/Snor 23g Steenland
7048840090174|Sjokolademelk 0,5l Q
7048840090150|Sjokolademelk 1l Q
7038010066689|Sjokolademelk Laktosefri 1l Tine
7038010070099|Sjokolademelk Mørk uten 1l Tine
7622300123239|Sjokolademousse Daimbiter 100g Freia
7090017542962|Sjokolademousse Hasselnøtt u/Sukker 83g Sukrin
7090017542047|Sjokolademousse u/Tilsatt Sukker 85g Sukrin
7038010045103|Sjokoladepudding 0,5l Piano
7622400944635|Sjokoladepudding 113g Freia
7038010044915|Sjokoladepudding 1l Piano
7090000518028|Sjokoladepudding 2x170g Ek
7033330036695|Sjokoladepudding m/Vaniljesaus 2x155g Kos
7038010063411|Sjokoladepudding u/Sukker 0,5l Piano
7311041046487|Sjokoladepulver 800g First Price
7041011095800|Sjokoladesaus 325g Hennig-Olsen Is
7072130060943|Sjokoladesaus 360g Idun
7072130060950|Sjokoladetrekk Hard 300g Idun
7038010042461|Sjokomelk 1l Tine
7038010035159|Sjokomelk 250ml Tine
7090058690097|Sjokomjølk 5dl Jerseymeieriet
7090006473772|Sjokomjølk Økol.0,5l Rørosmeieriet
7035620052248|Sjøkreps Kokt 400g Jacobs Utvalgte
2389404800002|Sjøkreps Rå Str 5/8 Ca140g Vaag
7034170005483|Skagenrøre 180g Bjerke
31423|Skagenrøre pr Kg
7036110211275|Skagensalat 180g Mills
7035620043680|Skalldyrkraft 250ml Jacobs Utvalgte
7037203643980|Skinke 70g Gilde
2354122600005|Skinke Bøkerøkt Kokt hel Ca1kg Bjerke
7034170006169|Skinke Bøkerøkt skivet 120g Bjerke
7035620080609|Skinke Kokt 250g First Price
7037206100107|Skinke Løvtynn 110g Gilde
7035620017742|Skinke Salvie 100g Jacobs Utvalgte
7330242500048|Skinke&Ost Pizza glutenfri 420g Fria
7071341001677|Skinkebiff 100g Brødr.Ringstad
7071341001691|Skinkebiff Marinert 100g Brødr.Ringstad
2000757500004|Skinkeknoke Av Svin pr Kg
2379250100005|Skinkeknoke Salt&Røkt Langtkokt Ca1,2kg
7041810010394|Skinkeost 175g Tube Kavli
7041810128099|Skinkeost Beger 200g Kavli
7036110212371|Skinkesalat 180g Mills
7090007395042|Skinkestek 100g Aron Mat
7035620060083|Skinkestek 100g Folkets
2000743200000|Skinkestek Av Svin Surret pr Kg
2365654400001|Skinkestek u/Svor Salvie Ca1,3kg Stekt Perfekt
7037204743245|Skinkestek Vår Fineste 100g Gilde
5760466995870|Skinny Latte 220ml Starbucks
4009900482967|Skittles Fruits 152g
4009900492829|Skittles Wild Berry 152g
7035620087400|Skivet Ost 350g First Price
7090006470023|Skjørost Økologisk 300g Røros
7090049280054|Skog 03 0,33l flaske Villbrygg
7090049280092|Skog 03 0,75l Villbrygg
7037203635954|Skogsbacon 140g Gilde
7045615000383|Skogsbær 400g Eldorado
7026510024049|Skogsbærblanding 2,5kg Norrek
7090006090122|Skogshonning 350g Kjartan Dahl
7090009900169|Skogshorn Ost Økologisk 240g Himmelspannet
3112309996537|Skogsopp Blandet Tørket 20g Borde
7090031240134|Skolebrød glutenfri 2stk 300g Klæbu
8410525250095|Skolekritt Gl.Fri 160g Fini
2389400900003|Skrei Backloin Short u/Skinn Ca300-500g Vaag
2389400700009|Skrei Kjake u/Skinn Ca200-400g Vaag
7038010002434|Skummet Kulturmelk 1000g Tine
7048840000036|Skummet Melk 1l Q
7038010002151|Skummet Melk 1l Tine
7090006470436|Skummet Mjølk Økologisk 1l Røros
8588000026555|Skumpinner Mais&Hirse 6mnd 40g Minimi
7051862488003|Skutesild 580g Sildakongen
7090044042039|Skviz Bringebær 0,33l boks Klokk&Co
7090044042220|Skviz Eple & Ingefær 0,33l boks Klokk&Co
7090044042008|Skviz Sitrusfrukt 0,33l boks Klokk&Co
7048840224203|Skyr Aktiv Blåbær&Acai 125g Q
7048840224210|Skyr Aktiv Jordbær&Banan&Guava 125g Q
7048840217076|Skyr Banan&Pasjonsfrukt 160g Q
7048840230846|Skyr Blåbær&Acai 160g Q
7048840207299|Skyr Bringebær Panna Cotta 160g Q
7048840225781|Skyr Fersken&Pasjonsfrukt 160g Q
7048840290819|Skyr Luftig Bringebær 130g Q
7048840230945|Skyr Luftig Salt Karamell 130g Q
7048840290826|Skyr Luftig Sitron 130g Q
7048840230907|Skyr Mango & Vanilje 160g Q
7048840090952|Skyr Mini Banan 90g pose Q
7048840091041|Skyr Mini Bringebær 90g pose Q
7048840090969|Skyr Mini Jordbær 90g pose Q
7048840291052|Skyr Mini Tropisk 90g Q
7048840222896|Skyr Naturell 450g Q
7048840225521|Skyr Vanilje 450g Q
7090040910059|Slegge Salami 255g Ask Gård
7090040912855|Slegge Salami skivet 80g Ask Gård
2000801800005|Sleggeburger 120g stykk Varm
2000767200000|Slottspoteter Kald pr Kg
7058040690104|Smash Burger 4x80g Grilstad
7037710090055|Smash! 100g
7037710021998|Smash! 200g Nidar
7072130082754|Smash! Saus 220g Idun
7037710044638|Smash! Xl Bag 250g
7090023904228|Smashburger 280g Jens Eide
7023026403313|Smashed Potatoes 600g Grønn&Frisk
7622202245237|Smil Chewies 110g Freia
190298002326|Smoked Chipotle 177ml Louisiana Brand
7350115906012|Smokey Spice Mix 24g El Taco Truck
70177236045|Smooth Vanilla 20bg Twinings
7035620055355|Smoothie Amazing Acai 400g Eldorado
7090052030073|Smoothie Ananas&Søtpotet 100g Grogro
7035620028328|Smoothie Banan/Jordbær 90g Lillego
7035620028205|Smoothie Banan/Mango/Søtpotet 90g Lillego
7035620069574|Smoothie Berry Banana 400g Eldorado
5060040255452|Smoothie Biter Jordbær&Banan 6g Kiddylicious
7040518520334|Smoothie Blåbær&Eple 250ml Bendit
7090027350472|Smoothie Bowl Acai 400g Smoothiexchange
7040518520310|Smoothie Bringebær&Jordbær 250ml Bendit
7040518520228|Smoothie Bringebær&Jordbær 750ml Bendit
7350101604588|Smoothie Chews m/Berry 70g Tweek
7035620071072|Smoothie Dazzling Dragon 400g Eldorado
5060107330016|Smoothie Den Røde Øko 6m 90g Ellas
7035620020629|Smoothie Eple/Gulrot/Grønnkål 90g Lillego
7035620029486|Smoothie Fersken/Mango 90g Lillego
7035620054327|Smoothie Glorious Green 400g Eldorado
7035620041884|Smoothie Gresskar/Gulrot/Mango 90g Lillego
7040518520723|Smoothie Guava&Dragefrukt 250ml Bendit
7040518520730|Smoothie Kiwi&Eple 250ml Bendit
7090052030028|Smoothie m/Eple &Blåbær 100g Grogro
3444570200984|Smoothie m/Quinoa Eple&Søtpotet Øko 100g
3444570200991|Smoothie m/Quinoa Gulrot, Mais&Mango Øko
7090052030011|Smoothie Mango&Banan 100g Grogro
7040518520303|Smoothie Mango&Pasjon 250ml Bendit
7040518507427|Smoothie Mango&Pasjon 750ml Bendit
7035620069017|Smoothie Matcha Magic 400g Eldorado
7035620071201|Smoothie Mocktail Coco Loco 400g Eldorado
7035620069581|Smoothie Mocktail Passion Storm 400g Eldorado
7035620070020|Smoothie Mocktail Raspberry Heaven 400g Eldorado
7090027350380|Smoothie Pack Acai 400g Smoothiexchange
7090027350397|Smoothie Pack Acai Usukret 400g Smoothiexchange
7090027350274|Smoothie Pack Pasjon 400g Smoothiexchange
7090052030080|Smoothie Pære&Erter 100g Grogro
7040518525209|Smoothie Tropical Breeze 250ml Sommervibber
7035620024658|Smoothie Tropical Twist 400g Eldorado
5060107330412|Smoothie Øko 6m 90g Ellas
5060040252109|Smoothiebiter 4pkn Jordbær&Banan Kiddylicious 24g
7090031241001|Smultringer glutenfri 6stk 240g Klæbu
7310780002983|Smurf Pastiller 3pk Assortert
7090007560211|Småmat 1l Herlig
7090007560228|Småmat 2l Herlig
7023026409353|Småpoteter m/Hvitløk 350g Grønn&Frisk
7055330026384|Småpoteter Ovnsbakte m/Timian 300g Meny
7035620032646|Smårett m/Bacon 2x90g Folkets
7039610013370|Smårettbacon Kylling&Kalkun 180g Prior
7037204651342|Smårettpølse 200g Gilde
7035620004766|Smårettskinke 170g First Price
7037204687747|Smårettskinke 200g Gilde
7035620023309|Smårettskinke Duopk 2x90g Folkets
7039317005104|Småsulten Mix Nøtter&Bær 60g
7039317005111|Småsulten Mix Nøtter&Frukt 60g
7039317005128|Småsulten Nøttemiks 60g
7038010061172|Smør Laktosefritt 250g Tine
7038010010354|Smør Setertype 250g Bordpk Tine
7038010011092|Smør Setertype 500g Tine
7038010011702|Smør Usaltet 250g Tine
7090006470047|Smør Økologisk 250g Røros
7037710034424|Smørbukk Original 150g Nidar
7038010073168|Smøremyk 390g Tine
7035620044830|Smøremyk 600g Eldorado
7035620029509|Smøremyk Lett 400g Eldorado
7071319024981|Smøremyk Melkefri 400g Berit
3228024000128|Smøreost Porsjon 8x17,5g President
2000984400009|Smørflyndre Filet Vill pr Kg
7039317008761|Snack Chips 160g Kims
6431903740399|Snackpizza glutenfri 100g Hatting
4015537002713|Snacks Kuler 90g Gl.Fri Hammermühle
7090010730052|Snadderost 170g Gangstad
5010478328310|Snap&Crackle Giant Original 18g
5000382100560|Snapple Kiwi Strawberry 473ml
5000382100584|Snapple Mango 473ml
5000382100683|Snapple Peach 473ml flaske
5000382100645|Snapple Pink Lemonade 473ml
4902161010002|Snegler 2 Dusin 212g Achatina
7021450001358|Snegler i Hvitløksmør 85g
5900951310973|Snickers 2pk 75g
5000159560061|Snickers 3pk 150g
5000159541336|Snickers Iskrem Multipack 6pk 274g
5900951310546|Snickers Peanutbutter 54,75g
5900951311505|Snickers Single 50g
7039610002459|Snurring 500g
7038010023507|Snøfrisk 125g Tine
7038010023767|Snøfrisk Dill 125g Tine
2302691100006|Snøfrisk Hvit Ekte Geitost Ca340g Tine
7038010024481|Snøfrisk Kantarell 125g Tine
7038010031199|Snøfrisk Stranda Spekeskinke 125g Tine
7044610873954|Soda Water 0,5l flaske Schweppes
7045810000188|Sodd 800g Trondhjems
5013092003076|Sofree Sjokolade Lys 45% u/Melk&Sukker 80g
5013092000587|Sofree Sjokolade Mørk 72% u/Melke&Sukker 80g
7036110011943|Soft Flora Lett 540g
7036110011936|Soft Flora Original 540g
7036110010472|Soft Flora Original Margarin 400g
7036110008172|Soft Flora Spesial Margarin 380g
7036110009704|Soft Flora Steke&Bake 500g
7041011320117|Soft Shake Jordbær 210ml Hennig-Olsen
7041011327116|Soft Shake Sitron 210ml Hennig-Olsen
7041011321114|Soft Shake Sjokolade 210ml Hennig-Olsen
7037204191220|Sognemorr skivet 130g Gilde
7090047980499|Solbær 400g Røyland
70177084745|Solbær Te 25pos Twinings
7090042143295|Solbærsaft 0,75l Røyse
7025441017946|Solbærsaft 0,7l Askim
7055080003109|Solbærsaft Ufiltrert 0,5l flaske Hervik
7090006131344|Solbærsaft Økologisk 0,5l Bærgården
7070841003150|Solbærsirup 0,75l Lerum
7070841003280|Solbærsirup 1,5l Lerum
7070841005895|Solbærsirup u/Tilsett Sukker 0,75l Lerum
7090049650086|Solbærsobet 0,5l Gioia
7090033270221|Solbærsorbet 0,5l Bamsrudlåven
7090047980307|Solbærsyltetøy 125g Røyland
7055080003307|Solbærsyltetøy 320g Hervik
7070841006991|Solbærsyltetøy 375g Lerum Den Gode Smaken
7090047980918|Solbærsyltetøy 70g Røyland
7039010013345|Solbærsyltetøy Hjemmelaget 400g Nora
7622300286811|Solbærtoddy 10pk 320g Freia
7039010555043|Solbærtoddy 41g Rett i Koppen
7090009900152|Solglad Ost 240g Himmelspannet
7044610876368|Solo 0,33l boks Sleek
7044617876583|Solo 0,33lx10 boks
7044610874531|Solo 0,5l flaske
7044610874494|Solo 1,5l flaske
7041011336118|Solo Fruktis Appelsin 110ml Hennig-Olsen
7044610876351|Solo Super 0,33l boks
7033850010762|Solo Super 0,33lx10 boks
7044610874555|Solo Super 0,5l flaske
7044610874579|Solo Super 1,5l flaske
7044610877754|Solo Super Rød Appelsin 0,33l boks
7044610877761|Solo Super Rød Appelsin 0,5l
7044610877945|Solo Super Rød Appelsin 1,5l
7044611877753|Solo Super Rød Appelsin 10x0,33l boks
7044610872667|Solrik Appelsin Lettere 0,25l
7044610872674|Solrik Jordbær/Appelsin Lettere 0,25l
7090034901094|Solsikke Olje 3l Jasmin
4770266186256|Solsikkefrø 300g Bazarnye
4770266186348|Solsikkefrø Salte 300g Bazarnye
7029121011859|Solsikkefrø Økologisk 275g Helios
7312787710137|Solsikkekjerner 350g Gogreen
7035620059636|Solsikkekjerner Økologisk 300g Vilje
7035620049439|Solsikkeolje 1l Eldorado
8026650000346|Soltørkede Tomater 100g
7029121011750|Soltørket Basilikum 20g Økologisk Helios
7044610876061|Somersby Cider Pear Lite 0,5l boks
7044611876060|Somersby Cider Pear Lite 0,5lx6 boks
7044610877990|Somersby Lite Pink Grapefruit 0,5l boks
7044611877999|Somersby Lite Pink Grapefruit 6x0,5l boks
7090034396449|Sommerbrus Gamlebyens 0,33l flaske Nøisom
7050122305548|Sommergull Tzatzik 200g Maarud
7050122116144|Sommerhjerter 100g Sommervibber
7090042652513|Sommerhonning 210 Gr 210g Honning As
7090042651271|Sommerhonning 750g Honning As
7026450030124|Sommerhonning Norsk 350g Honningcentralen
7041018008605|Sommeris Appelsinsorbet 10stk Sommervibber
7041011980113|Sommeris Appelsinsorbet 90ml Hennig-Olsen
7039281547471|Sommerjuice Eple Ananas Mynte 1l Sommervibber
2000740900002|Sommerkotelett Av Svin Filet pr Kg
7020099000890|Sommerkotelett Bøkerøkt Ca1,1kg Gilde
7020099000937|Sommerkotelett Bøkerøkt Ca440g Gilde
2000741500003|Sommerkoteletter Av Svin pr Kg
2365674700006|Sommerkoteletter Ca1,3kg First Price
2000305100007|Sommerkål Nykål
7036110211459|Sommersalat 350g Mills
2365628800004|Sommerskinke Lettrøkt Ca1kg Folkets
2301529400004|Sommerskinke Røkt På Flis 1,1kg Gilde
2365614800001|Sommerskinke Røkt/Kokt Ca1kg First Price
7058040690203|Sommervibber Burger 4x100g Grilstad
2000464800008|Sopp Aroma
2000465100008|Sopp Shitake
7310300000567|Soppbuljong 6stk Terning Knorr
7026593837420|Soppekstrakt 100ml Fungi
7090013750491|Soppsaus Kremet Fersk 240ml Gårdsand
7090033270108|Sorbet Gårdsepler 0,5l Bamsrudlåven
7090040840806|Sorbet Mangotango 0,5l Sjokoladefryd
7311311014055|Sort Pepper Grov 59g Santa-Maria
3234750047665|Sort Pepper hel 40g Albert Ménès
3162900031359|Sort Pepper hel 75g Albert Ménès
7311311015670|Sort Pepper Malt 31g Santa-Maria
5056086500069|Sour Gum Stick 22g Brain Blasterz
7310350136551|Sour Mushrooms 100g Malaco
7622202811852|Sour Patch Kids Fruit Mix 105g
7622202812170|Sour Patch Kids Original 105g
5411188138839|Soya Iskaffe m/Karamell 250ml Alpro
7035620058080|Soyabønner Pillede 400g Eldorado
5411188091622|Soyadessert Mørk Sjoko u/Melk 4x125g Alpro
54051140|Soyadessert Vanilje 4x125g Alpro
5411188115472|Soyadrikk Orginal m/Kalsium 1l Alpro
5411188130055|Soyadrikk Protein Sjokolade 1l Alpro
5411188115458|Soyadrikk Sjokolade 1l Alpro
5411188121947|Soyadrikk Sjokolade 250ml Alpro
5411188115496|Soyadrikk Usøtet 1l Alpro
5411188115533|Soyadrikk Vanilje 1l Alpro
5411188100324|Soyagurt Blåbær 4x125g Alpro
5411188124191|Soyagurt Go On Greek Style Jordb/Br.Bær 150g Alpro
5411188121237|Soyagurt Go On Greek Style Pasjonsfrukt 150g Alpro
5411188121305|Soyagurt Go On Mango 150g Alpro
5411188125808|Soyagurt Mango 400g Alpro
5411188082583|Soyagurt Mixed Fruit 4x125g Alpro
5411188137979|Soyagurt Naturell 400g Alpro
5411188138099|Soyagurt Naturell Sukkerfri 400g Alpro
7035620054402|Soyaolje 1l Eldorado
8715035150300|Soyasaus glutenfri 250ml Kikkoman
5060194790076|Soyasaus Tamari 150ml Saitaku
7039010547871|Spagettisaus Tomat & Urter 4pk Toro
7037610014540|Spagettisaus Toro
8076809545440|Spaghetti Gl.Fri 400g Barilla
5948935002605|Spaghetti Gl.Fri 500g Sam Mills
7045386071209|Spareribs 500g Leiv Vidar
2000557200005|Spareribs Av Svin Rå Jæren Smak pr Kg
2365689500004|Spareribs Ca700g Jacobs Utvalgte
7035620049613|Spareribs Habanero 500g Folkets
2301513000005|Spareribs Sousvide 840g Gilde
4779052061074|Sparkling Ananas Bonsu 330ml
4779052060992|Sparkling Appeslin Bonsu 330ml
4779052061036|Sparkling Litchi 99% Bonsu 330ml
4779052060145|Sparkling Melon Bonsu 330ml
4779052060190|Sparkling Vannmelon Bonsu 330ml
8003948000233|Speck Affettato 80g Negrini
7058040624307|Speka Pølse Elg&Einerbær 80g Tind
7058040653604|Speka Pølse Hjort&Blåbær 80g Tind
7090013611365|Speka Pølse m/Elg&Einebær 220g Tind
7090013611846|Speka Pølse m/Skogssopp 220g Tind
7058040624208|Speka Pølse Skogsopp 80g Tind
7058040684202|Spekefilet 250g Grilstad
7058040458506|Spekepølse hel Bacon 220g Grilstad
7058040434401|Spekepølse hel Pepper&Chili 220g Grilstad
7058040454904|Spekepølse hel Reinsdyr 220g Grilstad
7058040454805|Spekepølse hel Rødvin 220g Grilstad
7035620039089|Spekesildfilet 150g Fiskemannen
7023539703030|Spekesildfilet 250g Frys Lofoten
7090047410200|Spekesildfilet 250g Juviksild
7051860040203|Spekesildfilet Carlo Gul 630g Sildakongen
7035620071430|Spekeskinke 250g First Price
7058040430908|Spekeskinke 80g Stranda
7058040669506|Spekeskinke Deli Godt Modna 12mnd 80g Tind
7037203642259|Spekeskinke Familiens 150g Gilde
7037206101654|Spekeskinke Familiens 80g Gilde
7058040631107|Spekeskinke Godt Modna 12mnd 70g Tind
7058040459701|Spekeskinke Lev Litt Lettere 100g Grilstad
7025050034310|Spekeskinke Prosciutto Crudo 80g Finsbråten
2301083800005|Spekeskinke Røkt Bit u/Ben 1,2kg Gilde
7048670620060|Spekeskinke skivet 100g Vossakjøt
7071341004371|Spekeskinke skivet 75g Brødr.Ringstad
2301085200001|Spekeskinke Urøkt Bit u/Ben Ca1,2kg Gilde
7058040661401|Spekeskinkeflak 150g Stranda
7058040678805|Spekeskiver Sweet Chili Marinerte 70g Stranda
7058040678706|Spekeskiver Teriyaki Marinerte 70g Stranda
7058040616104|Spekesnacks Kompis Cabanossy 55g Grilstad
7058040446800|Spekesnacks Kompis Great Garlic 40g Grilstad
7058040447005|Spekesnacks Kompis Jalapeno 40g Grilstad
7058040653000|Spekesnacks Kompis Jalapeno 55g Grilstad
7058040616005|Spekesnacks Kompis Original 55g Grilstad
7058040615909|Spekesnacks Kompis Sicilia 55g Grilstad
7058040458605|Spekesnacks Kompis Smoked Bacon 40g Grilstad
7058040665904|Spekesticks Kompis Chili 60g Grilstad
7058040666000|Spekesticks Kompis Salami 60g Grilstad
7037203644673|Spesialpølse Chili 225g Gilde
7037203644611|Spesialpølse Dobbel Ost 225g Gilde
7037203644642|Spesialpølse Røkt Bratwurst 225g Gilde
7350115906029|Spice Mix Classic 24g El Taco Truck
8410076490711|Spice Mix Fajita 30g Old El Paso
8410076490049|Spice Mix Guacamole 20g Old El Paso
70177150242|Spicy Indian Chai Tea 20pos Twinings
7090028512244|Spicy Poke Sauce 70g Frøya
7023026089456|Spinat 200g Grønn&Frisk
7039281545170|Spinat 200g Økologisk
7035620025716|Spinatblader 450g Eldorado
7090040500632|Spirebrød Skåret glutenfri 500g Pure Food
5010338012663|Spisepinner 8par Blue Dragon
7311311015304|Spisskummen 33g Santa-Maria
5710175121084|Spisskummen hel 50g Mill&Mortar
7029123164898|Spisskummen Økologisk 30g Helios
7040513909523|Spisskål Grønn stykk Gartner
2000339700006|Spisskål Rød stykk
5000112634129|Sprite 0,5l flaske
5000112634136|Sprite 1,5l flaske
5000112692488|Sprite Chill Zero 330ml boks
2000126600007|Sprite u/Sukker 0,33l boks Brett A 20stk
5000112641455|Sprite Zero 0,33l boks
5449000262929|Sprite Zero 0,33lx10 boks
5000112664430|Sprite Zero 0,33lx4 boks
5000112633795|Sprite Zero 0,5l flaske
5000112633801|Sprite Zero 1.5l flaske
99282|Sprite Zero Chill Lemon Mint 0,33l Brett 20bx
8007885755782|Spritz Mocktail Økol 200ml Galvanina
7023860013099|Sprudle Eple &Bringebær 0,33l flaske Balholm
7023860013037|Sprudle Eple 0,33l flaske Balholm
7023539705454|Sprø Hyse Sitron/Persille 270g Lofoten
7023539705430|Sprøbakt Hyse 320g Lofoten
7392050123413|Sprøde Maisbrød 70g Oldas
7392050123420|Sprøde Risbrød 70g Oldas
7040512883275|Squash Grønn Norsk Økologisk 350g Vilje
7040518221088|Squash Grønn stykk
5010478585577|Squashies Love Hearts 120g Swizzels
5010478014510|Squashies Original 140g Swizzels
5010478051140|Squashies Sour Cherry & Apple 140g Swizzels
5010478091337|Squashies Strawberry&Cream 140g
8710605030556|Sriracha Ketchup 215ml Go-Tan
8710605030006|Sriracha Mayo 215ml Go-Tan
7315200590910|Sriracha Mayo 250ml Caj P
8853662056661|Sriracha Mayosauce 455ml Flying Goose
8853662056012|Sriracha Sauce Hot Chilli 455ml Flying Goose
8710605030051|Sriracha Saus 215ml Go-Tan
7072889000023|Sriracha Snacks 75g Wabba
7044711320265|Srirachakrydder 100g Hoff
7037204191954|Stabbur skivet 130g Gilde
7039010016476|Stabbur-Laks 4x40g Stabburet
7039010016599|Stabbur-Laks Varmrøkt 90g Stabburet
7039010149020|Stabbur-Makrell 170g Stabburet
70390148|Stabbur-Makrell Hakket 22g Stabburet
7039010016285|Stabbur-Makrell Hakket Filet 110g Stabburet
7039010016322|Stabbur-Makrell i Tomat 110g Stabburet
7039010016346|Stabbur-Makrell Porsjon 6x22g Stabburet
7039010617574|Stabbur-Makrell Tube 180g
7039281542490|Stangselleri 300g Økologisk
7039281550952|Stangselleri 350g Import
5016143222228|Stangselleri 400g Gartner
7090062600112|Stangselleri i Biter 350g Frebergs
5016143006415|Stangselleri Økologisk 400g Vilje
7613036961608|Starbucks Blonde Espresso 10x53g
7613287186829|Starbucks Breakfast Blend 10x56g
7613036959001|Starbucks Caffe Verona 10x55g
7613036961721|Starbucks Colombia 10x57g
8445290156105|Starbucks Creamy Vanilla 10x51g
8445290183477|Starbucks Espresso Dark Roast Wb 450g
8445291366329|Starbucks Espresso Roast 10x55g
8445291362710|Starbucks House Blend 10x52g
7613287302137|Starbucks Italian Roast 10x56g
8445290183507|Starbucks Medium Pike Place Wb 450g
7613036961806|Starbucks Pike Place 10x53g
4100290058630|Starbucks Protein Caramel Hazelnut 330ml
8445291451780|Starbucks Ristretto 10x57g
8445290154507|Starbucks Smooth Caramel 10x51g
5711953205880|Starbucks Summer Escape 220ml
2390332000006|Staslin Ca220g Snertingdal Ysteri
2387560200001|Stavsfjell Geitost Kvit Ca300g Lega
7090026030061|Steike 200g Strandli Gård
2000192700007|Steinbitfilet Fersk Vill pr Kg
2000987700007|Steinbitfilet Frossent Råstoff pr Kg
5905643070029|Steinsopp 280g Lesne Skarby
3112309996520|Steinsopp Tørket 20g Borde
3112309997091|Steinsopp Tørket 6g Borde
7035620065224|Steke/Bake Margarin 500g First Price
7035620003523|Stekegrønnsaker 500g Eldorado
7070622010193|Stekeolje Økologisk 500ml Helios
2000671400008|Stekt ribbe Kald
7090017541927|Stevia Drops Vanilla 30ml Sukrin
7090049731570|Sticky Fingers Curry Ketchup 30g Solina
7023511022104|Stikkelsbær Syltetøy 250g Lisa
87337594|Stimorol Air Rush Spearmint 14g
87337525|Stimorol Original 14g
87337518|Stimorol Wild Cherry 14g
5701090080570|Stjerne Mix 220g Haribo
5701090034566|Stjerne Mix 80g Haribo
5701090080532|Stjerne Mix Sour 200g Haribo
3234750031923|Stjerneanis 20g Albert Ménès
7045010001589|Stjerneanis hel 10g Pos Hindu
7045010001404|Stjerneanis Malt 10g Pos Hindu
7037204303258|Stjernebacon skivet 140g Gilde
7037204303265|Stjernebacon Ternet 150g Gilde
7037204305528|Stjernebacon Tørrsaltet 105g Gilde
5010134913935|Stones Ginger Joe Alkoholfri 0,33l flaske
2000868500009|Storehorn Himmelspannet
7020098000686|Storfe Angus Biffstrimler 300g Meny
2301644700003|Storfe Brisket Ca650g Gilde
7035620023132|Storfe Entrecote 180g First Price
2365612400005|Storfe Entrecote Ca275g Jacobs Utvalgte
7020099001316|Storfe Entrecote Ca300g Folkets Sommervibber
7020099000579|Storfe Entrecote skivet Ca350g Meny
7020099001392|Storfe Flank Steak 380g Folkets Vib
2365646700003|Storfe Indrefilet Ca170g Jacobs Utvalgte
7020099000609|Storfe Indrefilet skivet Ca350g Meny
2365652200009|Storfe Kraftbein Ca500g Folkets
2365665400007|Storfe Margbein 500g Folkets
2000674600009|Storfe Margbein Fersk løsvekt
7020099000692|Storfe Minuttbiff Av Flatbiff Ca400g Meny
7035620036637|Storfe Mørbrad 150g First Price
2365646800000|Storfe Mørbrad Ca200g Jacobs Utvalgte
7020099000661|Storfe Mørbrad skivet Ca385g Meny
7020099001286|Storfe Newyork Strip Ca300g
7020099001330|Storfe Picanha 300g Folkets Vib
7035620027086|Storfe Ytrefilet 150g First Price
2365605700006|Storfe Ytrefilet Ca225g Jacobs Utvalgte
7020099000975|Storfe Ytrefilet skivet Black Garlic Sommervibber
7020099000630|Storfe Ytrefilet skivet Ca400g Meny
2365663400009|Storfehaler Ca500g Folkets
2365654500008|Storfelever Ca500g Folkets
8002670011289|Stracciatella 150g Granarolo
7090062960278|Stracciatella 500ml Go'Is Hadeland
7035620068911|Stracciatella Ferskost Fryst 140g
7090049650345|Stracciatella-Is Mint 0,5l Gioia
7090049650277|Stracciatellais 0,5l Gioia
7058040611802|Strandamør Snacks 120g Stranda
7058040611901|Strandamør Snacks 250g Stranda
7058040617309|Strandaskinke 135g Stranda
7058040690302|Strandaskinke Mindre Salt 85g Stranda
7058040612700|Strandaskinke Renskåret 120g
7058040637604|Strandaskinke Renskåret 70g Stranda
7029993230020|Straumpølse 250g Inderøy Slakteri
5901122237129|Strawb Milk Chocolat 130g Schofrulade
90478006161|Strawberry 370ml flaske Jarritos
70491211506|Strawberry Daiquiri Mixer 1l
5701125256635|Strawberry Mixer 0,5l Shake It
7312210009548|Streetracer Supsur 80g Jamtgott
7055330018402|Stroganoff Base 400g Meny
5701073062302|Strøssel Blandet 120g Dr.Oetker
4006262376040|Strøssel Butterfly 60g Richie's Bakery
7622300327958|Strøssel Daim 100g Freia
5701073041673|Strøssel Green Grass 100g Dr. Oetker
7041011087300|Strøssel Jordbær 100g Hennig-Olsen
7041011087409|Strøssel Karamelfudge 100g Hennig-Olsen
7090033270139|Strøssel Krokan 100g Bamsrudlåven
7041011085801|Strøssel Tutti Frutti 100g Hennig-Olsen
5701125256673|Sugar Cane 0,5l Shake It
7042760009841|Sugarish Gold 500g
7042760009827|Sugarish White 500g
7311041000359|Sukker 1kg Eldorado
6414000020021|Sukker Finkornet 1kg Dansukker
5701259725373|Sukker Økologisk 1kg Dansukker
7311041024096|Sukkerbiter Hard Raffinade 500g Eldorado
7311041000380|Sukkerbiter Raffinade Løs 500g Eldorado
7040518220968|Sukkererter Runde 200g
5701073064610|Sukkerfondant Hvit 250g Dr.Oetker
7037610061902|Sukkerkulør 90g Toro
7090017540111|Sukrin Melis 400g Naturlig Meliserstatning
7090017540012|Sukrin Naturlig Sukkererstatning 500g
7037421040837|Suksessterte 700g Delicato
90493553|Summer Edition 250ml
9002490294168|Summer Edition 473ml Red Bull
70177234607|Summer Red Berries 20pos Twinings
5775345204226|Sun Lolly Cola 8stk
5775345204271|Sun Lolly Exotic 8stk
5775345204202|Sun Lolly Grape 8stk
5775345204264|Sun Lolly Lemon 8stk
5775345204219|Sun Lolly Mango 8stk
5775345204288|Sun Lolly Raspberry 8stk
5775345204233|Sun Lolly Strawberry 8stk
7071992004751|Sun&Spice Curry 285g Masalamagic
7070848073040|Superbrød Bakemiks 450g Det Glutenfrie Verksted
7050122115819|Superchips Holiday 130g Maarud
7050122115482|Superchips Paprika 130g Maarud
7050122115475|Superchips Salt 130g Maarud
7039010562904|Supergranola glutenfri 350g Bare Bra
8008698048610|Superknäcke Chia Gl.Fri 140g Schär
7041111155480|Supermix Smågodt 220g Brynild
5900783010713|Suppe Bigos 450g Pudliszki
5900783010706|Suppe Flaki W Rosole 450g Pudliszki
4770583214755|Suppe Harcho 480g Kedainiu
4770583219330|Suppe Soljanka 480g Kedainiu
7310350119769|Sur Sild 100g Malaco
7090040500625|Surdeig Chiabrød Skåret Gl.Fri 500g Pure Food
7330242230105|Surdeigsbrød Grovt Skåret glutenfri 500g Fria
7330242260195|Surdeigsruter glutenfri 280g Fria
3664346347112|Sure Føtter 100g Lutti
8410525228353|Sure Stenger Fizzy Caribe Gl.Fri 80g Fini
7035620030789|Surkål 450g First Price
7041310130905|Surkål 450g Nora
5902296002230|Surkål 830g Kedainiu
7045617010403|Surkål Gammeldags 450g Grimstad
7039010014205|Surkål Hjemmelaget 450g Nora
5902296002223|Surkål m/Gulrot 830g Baza
5907632500043|Surkål m/Gulrot 850g Klimex
5900919011454|Surkål m/Gulrot 900ml Rolnik
7070622011084|Surkål Økologisk 680g Helios
2000709300003|Surret lammestek benfri Jæren Smak pr stk
7035620094804|Sursild 1kg First Price
7035620052316|Sursild 365g Fiskemannen
7051863055006|Sursild 580g Sildakongen
7090019510204|Sursild 600g Olivias
7035620031250|Sursild 940g Spann Fiskemannen
7034170001119|Sursild Mors Sild i Lake Ca620g
7045010001411|Sursildkrydder 12g Pos Hindu
5060194790731|Sushi Ingefær 190g Saitaku
5010338303006|Sushi Nori 11g Blue Dragon
5060194790052|Sushi Nori 14g Saitaku
5060194790069|Sushi Ris 500g Saitaku
5010338101404|Sushiris 500g Blue Dragon
7058040615305|Svartpølse 100g Grilstad
2302208900006|Sveitser 28% Vellagret Ca600g Tine
2302173900001|Sveitserost 28% m/Skorpe Ca500g Tine
2000100600009|Sveitserost 9+Mnd Vellagret
2351821300007|Svin Big Ribs Ca500g Folkets
2373902800008|Svin Carre Kam Ca900g Prima Jæren
2313516400003|Svin Grillfilet Bbq Ca1,4kg Finsbråten
2313516300006|Svin Grillfilet Hvitløksmarinert Ca1,2kg
7020099001194|Svin Grillfilet Krydret Ca600g Sommervibber
2301632100006|Svin Grillribbe Ca1,5kg Gilde
7035620063534|Svin Grillribbe Krydret 700g Folkets
2340529500000|Svin Grillskiver Av Kam Krydret Ca1,5kg Folkets
7020099001255|Svin Grillskiver Krydret Ca460g Sommervibber
2351808300006|Svin Indrefilet Ca500g Jacobs Utvalgte
2373902500007|Svin Indrefilet Ca600g Prima Jæren
7020099000364|Svin Indrefilet hel Ca500g Meny
7045386071308|Svin Indrefilet Honey&Herbs 500g Leiv Vidar
2000896600009|Svin Indrefilet Marinert Jæren Smak Ca500g pr stykk
2351824200007|Svin Indrefilet Røkt Sous Vide Ca500g Folkets
7020099001002|Svin Indrefilet Trøffelmarinert Ca520g Sommervibber
7020099000944|Svin Indrefilet Urtemarinert Ca520g Sommervibber
2373902700001|Svin Nakke u/Bein Ca1kg Prima Jæren
7020099000449|Svin Nakkekotelett 4pk Ca900g Meny
7020099000883|Svin Nakkekotelett Bbq Ca960g Sommervibber
7020098000952|Svin Nakkekotelett Benfri 2pk Jacobs
7020098006374|Svin Nakkekotelett Benfri 3pk 540g Sommevibber
7037204190384|Svin Nakkekotelett m/Skalk 1kg Gilde
7020099001026|Svin Nakkekotelett Trøffelmar.Ca480g Sommervibber
2360560000000|Svin Sideflesk Lettsaltet Ca400g Toten
2381468600000|Svin Skinkeknoke Røykt Ca1,5kg Vossakjøt
7037204176289|Svin Smult 500g Snabb
7020099000500|Svin Ytrefilet Ca500g Meny
2373902600004|Svin Ytrefilet m/Fettlokk Ca800g Prima Jæren
7037203645045|Svin Ytrefilet m/Urter skivet 400g Gilde
7020099000951|Svin Ytrefilet Paprika&Timian Sommervibber
7020099001217|Svin Ytrefilet skivet Ca900g Sommervibber
7037203626860|Svin Ytrefilet Tynnskåret 400g
7035620015588|Svin Ytrefilet Urter/Chili 480g Folkets
7037203644987|Svinebiff Tynnskåret 400g Gilde
7090007396025|Svinefilet Krydret m/Paprika & Basilikum 100g Aron Mat
2000741600000|Svinekam Røkt pr Kg
7033330089455|Svinekjøtt i Fløtesaus 450g Fjordland
2340221300007|Svineknoke Lettsaltet Ca1,15kg Gilde
7020098000983|Svinekotelett Benfri 2pk Jacobs
7020099000470|Svinekoteletter 4pk Ca700g Meny
2000556000002|Svinekoteletter Jæren Smak pr Kg
2000740000009|Svinekoteletter pr Kg
2365641600001|Svinelever Ca500g Folkets
7071451134807|Svinesnadder Fersk 250g Jæren Smak
2000603300000|Svinesnadder Jæren Smak pr Kg
2000623100000|Svinespekk u/Svor Fryst pr Kg
7020098000808|Svinestrimler 500g Meny
5701239510050|Svinetarm 5 Meter Solina
5705001405308|Sviskejuice 1l Rynkeby
7039010058117|Sviskekompott 455g Nora
7311041088418|Svisker 227g First Price
802763020857|Svisker 400g Sunsweet
5060107336780|Svisker Økol 4mnd 70g Ellas
7029123164560|Svisker Økologisk 150g Helios
7039010155038|Svolværpostei 100g Stabburet
7033330087444|Sweet & Sour 460g Fjordland
7037610236768|Sweet & Sour Gryte 152g Toro
8850643065117|Sweet & Sour Saus 500g Thai Delight
8720182577986|Sweet Chili Dressing 250ml Hellmann's
7311310034542|Sweet Chili Sauce 200ml St.Maria
7311310034603|Sweet Chili Sauce 500ml St.Maria
7311310034429|Sweet Chili Sauce Ginger 200ml St.Maria
7311041047934|Sweet Chilisaus 350g Eldorado
7311041048283|Sweet Chilisaus 850g Eldorado
8710605020939|Sweet Chilisaus Thai 500ml Go-Tan
8853662004020|Sweet Chilli Sauce 725ml Exotic Food
70177232498|Sweet Dreams Te 20pos Twinings
7311312008978|Sweet Korean Bbq Topping 250ml Santa Maria
4002359015809|Sweet&Sour 450g Ben's Original
7311041024980|Sweet&Sour Sauce 500g First Price
7392555009205|Sweety Drops m/Ost 120g Ridderheims
7040913335069|Swiss Chocolate Coffee Finmalt 200g Kaffemester'n
7090007396032|Sylte 100g Aron Mat
7037206100046|Sylte 100g Gilde
7090040560094|Sylte 250g Metervare
7090039671152|Sylteagurk 226g Sticky Fingers
8428391100321|Sylteagurker Ekstra Fine 300g Bernal
5701259911219|Syltesukker 1kg Dansukker
3425470304040|Syltetøy Gavepakning 3pk Charles Antona
7035620066900|Syltetøy til Ost 3x110g Jacobs Utvalgte
7035620015946|Syltetøy til Ost Eple&Valnøtt 110g Jacobs
7035620014628|Syltetøy til Ost Fiken&Honning 110g Jacobs
7035620055997|Syltetøy til Ost Kirsebær&Espelette 110g
7072365007010|Syndin m/Brennesle 350g Valdres Ost
7090006473949|Syrna Bringebær Økologisk 1l Rørosmeieriet
7090006470320|Syrna Mjølk Blåbær Fettfri Økologisk 1l Røros
7090006473918|Syrna Mjølk Naturell Økol Rørosmeieriet
8410159302177|Sølvløk 100g Figaro
7035620057915|Sølvløk 370g Eldorado
5900919001912|Sølvløk Skrellet 295g Rolnik
5774540702803|Søppeldynga 125g Bon Bon
7071688005345|Sørlandschips Cheddar&Vårløk 180g
7071688003952|Sørlandschips Chili&Rømme 180g
7071688006076|Sørlandschips Dill&Gressløk 100g Sommervibber
7071688005680|Sørlandschips Havsalt Verdens Tynneste 230g
7071688004188|Sørlandschips Havsalt&Eplekjekk Eddik 200g
7071688004751|Sørlandschips Karamellisert Rødløk&Eddik 140g
7071688004171|Sørlandschips Original Crème Fraîche 200g
7071688005710|Sørlandschips Rifla Meksikansk 240g
7071688005703|Sørlandschips Rifla Trippel Paprik 240g
7071688004164|Sørlandschips Spansk Paprika 200g
7071688004744|Sørlandschips Trøffel&Havsalt 140g
7041015018119|Sørlandsis Bjørnebær&Eggelikør 1l Heo
7041015014111|Sørlandsis Ekte Vanilje 1l Hennig-Olsen Is
7041015012117|Sørlandsis Krokan 2l Hennig-Olsen-Is
7041015017112|Sørlandsis Laktosefri 1,2l Hennig-Olsen-Is
7041015025117|Sørlandsis m/Sitron 1l Hennig-Olsen
7041018009909|Sørlandsis Mandelkrokan 1l Hennig-Olsen Is
7041013185110|Sørlandsis Pistasjsmak 6stk Hennig-Olsen Is
7041013181112|Sørlandsis Salt Karamell 6stk Hennig-Olsen
7041015015118|Sørlandsis Sjokobiter 1,2l Hennig-Olsen-Is
7041013187114|Sørlandsis Sjokokirsj 6stk Hennig Olsen Is
7041015019116|Sørlandsis Sjokolade u/Tilsatt Sukker 1,2l
7041013186117|Sørlandsis Sjokonøtt 6stk Hennig-Olsen Is
7041015010113|Sørlandsis Vaniljesmak 2l Hennig-Olsen-Is
7044713300319|Søtpotet Opphøgde 450g Hoff
2000409100002|Søtpotet pr stk
8445291085176|Søtpotet&Kylling 6mnd 190g Nestle
7035620050664|Søtpotetchips Tykke Havsalt 100g Jacobs
7055330035225|Søtpotetmos 300g
7035620062605|Søtpotetsalat 300g Eldorado
7035620044267|Søtpotetsuppe Tex-Mex 570ml Eldorado
2000877500007|T-Bone Angus kvige
11210692008|Tabasco Sauce Buffalo Style 256ml Mc Ilhenny
11210608221|Tabasco Sauce Chipotle 60ml Mc Ilhenny
11210633643|Tabasco Sauce Habanero 60ml Mc Ilhenny
11210622227|Tabasco Sauce Jalapeno 60ml Mc Ilhenny
11210610064|Tabasco Sauce Pepper 60ml Mc Ilhenny
11210693005|Tabasco Sauce Salsa Picante 256ml Mc Ilhenny
7311041083307|Taco Kryddermix 28g First Price
8410076420954|Taco Salsa Hot 226g Old El Paso
8410076420947|Taco Salsa Medium 226g Old El Paso
8410076410122|Taco Sauce Hot 230g Old El Paso
7311312002143|Taco Sauce Hot 230g St.Maria
8410076410115|Taco Sauce Medium 230g Old El Paso
7311312002112|Taco Sauce Medium 230g St.Maria
8410076410108|Taco Sauce Mild 230g Old El Paso
7311312002075|Taco Sauce Mild 230g St.Maria
7311312000675|Taco Sauce X Hot 230g St.Maria
7311041022641|Taco Saus Medium 230g First Price
8410076483515|Taco Shells Crunchy 135g Old El Paso
8410076491916|Taco Spice Mix 25g Old El Paso
7311310031015|Taco Spice Mix 28g St.Maria
7311310031039|Taco Spice Mix 3pk 84g St.Maria
8410076491947|Taco Spice Mix 3x25g Old El Paso
7311311023286|Taco Spice Mix Chili&Lime 28g Santa Maria
7311310031329|Taco Spice Mix Hot Cayenne 28g St.Maria
7311312008268|Taco Tubs 8stk 145g St.Maria
7311312008251|Taco Tubs Mini 10stk 86g St.Maria
7090024960841|Tacokrydder Økologisk 150g Superbra
7029123164904|Tacokrydder Økologisk Helios
7023026060301|Tacosalat 242g Grønn&Frisk
7037203643959|Tacoskinke 70g Gilde
7038010025365|Taffelost Tomat 400g Tine
7038010025617|Taffelost Tomat skivet 130g Tine
8008698048474|Tagliatelle m/Egg glutenfri 350g Schär
7029121011101|Tahini Økologisk 360g Helios
2000562600005|Taleggio Dop Grottelagret
5701073062395|Tall og Bokstaver 60g Dr.Oetker
8850643065698|Tamarind 200ml Thai Delight
7039010609678|Tandoori Kit 290g Toro
7045010003941|Tandoori Masala 51g glass Hindu
7037610230513|Tandoori Saus 360g Saritas
2000768900008|Tapasboller Naturell Kald pr Kg
5201043113657|Tapenade Oliven Grønn 135g Iliada
5201043113206|Tapenade Oliven Kalamata 135g Iliada
5012427334502|Tartare Saus 180g Baxters
8711000501306|Tassimo Evergood Classic 16kapsler
7310500186672|Tasty Bites Micro Fries 200g Findus
2000195800001|Telemarksrøye hel Oppdrett pr Kg
7311310026806|Tellicherry Pepper m/Kvern 70g St.Maria
8715035290303|Teriyaki glutenfri 250ml Kikkoman
3444570200809|Tex Mex Gryte Øko 8mnd 185g
7310500187747|Thai Chicken 500g Findus
8858901604016|Thai Hom Mali Jasmin 1kg
7055330033917|Thai Red Curry Kylling&Ris 405g Fersk&Ferdig
7090042171533|Thaigryte 370g Grønne Folk
7055330034662|Thaisuppe 1l Fersk&Ferdig
7035620039416|Thaisuppe 570ml Eldorado
7316641014003|The Pure Chunk Vegetar 2kg Oumph!
4260310557687|Thomas Henry Ginger Beer 0,75l flaske
4251760801987|Thomas Henry Pink Grapefruit 0,75l flaske
7039010087735|Thousand Island 450g Idun
7039010015714|Thousand Island Maks 3%Fett 465g Idun
80052333|Tic Tac Orange 18g Ferrero
75076130012|Tiger Sauce 147ml Try Me
5011308214667|Tikka Kryddermix til Wrap 25g Patak's
7071992002542|Tikka Masala 360g Masalamagic
7037610224376|Tikka Masala 360g Saritas
5011308303262|Tikka Masala Cooking Sauce 450g Patak's
7039010609661|Tikka Masala Kit 338g Toro
5011308700917|Tikka Masala Paste 165g Pataks
7090053790211|Tikka Masala Saritas 450g
7311311003462|Tikka Masala Spice Mix 35g St.Maria
7027620041001|Timian 12cm Stor Potte
7045010003644|Timian 12g glass Hindu
3162900031519|Timian 30g Albert Ménès
7045010001428|Timian 5g Pos Hindu
7029123164911|Timian Økologisk 10g Helios
7038010073687|Tine Grill & Stek 200g
7038010071164|Tine Lettmelk 0,5% Laktosefri 1,75l
7038010071171|Tine Lettmelk 1% Laktosefri 1,75l
7090062960759|Tiramisu 500ml Go'Is Hadeland
7090031240554|Tjukklefser glutenfri 2stk 240g Klæbu
7090006470016|Tjukkmjølk 1,5% Økologisk 1l Røros
7090006470290|Tjukkmjølk 4% Økolgisk 1l Røros
7035450041306|Tjukkmjølkis m/Blåbær 0,5l Galåvolden
7035450041313|Tjukkmjølkis m/Jordbær 0,5l Galåvolden
7035450041320|Tjukkmjølkis m/Tyttebær 0,5l Galåvolden
5060162827278|Toast for Cheese Gl.Fri 100g Fcc
7036110212708|Toasty Chicken Club 180g Mills
7036110212715|Toasty Tuna Melt 180g Mills
7036110212692|Toasty Urban Ham 180g Mills
7034280007407|Toffee Plantebasert 160g Go'Vegan
4014400400007|Toffifee 125g
5010338000486|Tofu 308g Blue Dragon
7090052260906|Tofu Fersk Norsk 300g Miss Gin Garden
7029121011378|Tofu Naturell 270g Helios
8850058001601|Tom Yum Paste 227g Pantai
7040515003229|Tomat Cherry 250g First Price
7040512550566|Tomat Cherry Rød Økologisk 250g Vilje
8005110170324|Tomat Crushed 2x210g Mutti
7040515020417|Tomat Juanitas 300g
2000466400008|Tomat Klasetomat Kg
2000406400006|Tomat pr stk
7042961016075|Tomat Salsa 200g Calito
7039281548904|Tomat San Marzano 400g
7039281546368|Tomat Snack Spann 500g Gartner
7040515025726|Tomat Soltørket 100g Season
8002207230053|Tomat Soltørket 280g Montanini
7040515025894|Tomat Soltørket Basilikum 150g Grønn&Frisk
7392555006914|Tomat Soltørket m/Urtemarinade 160g Ridderheims
7040515025887|Tomat Soltørket Oregano 150g Grønn&Frisk
7039281547228|Tomat Søt 175g Gartner
7039281541691|Tomat Økologisk 350g Vilje
7039010087742|Tomat&Basilikum Dressing 450g Idun
7311041085035|Tomatbønner 410g First Price
7039010012980|Tomatbønner 420g Nora
70111033|Tomater Crushed 170g Stavland
8005110550614|Tomater Datterini 400g Mutti
8005110060083|Tomater Dop San Marzano 400g Mutti
7311041084526|Tomater Hakkede 390g First Price
7035620048814|Tomater Hakkede Chili 390g Eldorado
7035620004742|Tomater Hakkede m/Hvitløk 390g Eldorado
7311041049235|Tomater Hakkede m/Urter 390g Eldorado
7311041049228|Tomater Hakkede Naturell 390g Eldorado
7029121012207|Tomater Hakkede Økologisk 390g Helios
7035620009273|Tomater Hakkede Økologisk 400g Go Eco
8005110413520|Tomater Hakkede Økologisk 400g Mutti
7311040084305|Tomater Hele 400g boks Eldorado
8005110060007|Tomater Hele Italienske 400g Mutti
8005110413544|Tomater Hele Økologisk 400g Mutti
8005110170461|Tomater Knust m/Hvitløk 400g Mutti
80042556|Tomater Knuste 400g Mutti
8005110000454|Tomater Knuste Datterini 300g Mutti
8005110170423|Tomater Knuste m/Basilikum 400g Mutti
8005110171215|Tomater Knuste Polpapezzi 690g Mutti
7035620052859|Tomater Passata 390g Eldorado
8003716001158|Tomater San Marzano 400g Strianese
7311041029343|Tomater Soltørkede 190g Eldorado
7311041084717|Tomater Soltørkede Hakkede 280g First Price
5701038044954|Tomater Soltørkede i Biter 285g Paradiso
7035620057748|Tomatjuice 1l Eldorado
5705001405100|Tomatjuice 1l Rynkeby
7039010081320|Tomatketchup 530g Idun
87157239|Tomatketchup 570g Heinz
8005110004650|Tomatketchup Datterini 300g Mutti
7039010081368|Tomatketchup Hot Chili 530g Idun
7039010085656|Tomatketchup Mini 200g Idun
8005110004674|Tomatketchup Original 300g Mutti
7039010181341|Tomatketchup u/Sukker 510g Idun
7039010565257|Tomatketchup Usøtet 510g Idun
7311311023477|Tomato & Herbs 69g St.Maria
5060092696470|Tomato Ketchup Real 485g Stokes
7311040084794|Tomatpure 140g Eldorado
8005110200007|Tomatpure 140g Mutti
70111019|Tomatpure 180g Stavland
7035620066382|Tomatpure 200g Vilje
70111040|Tomatpure Cherrytomat 180g Stavland
80042532|Tomatpure i Tube 130g Mutti
70111026|Tomatpure Økologisk 180g Stavland
7070622010629|Tomatpure Økologisk 200g Helios
80042549|Tomatpuré m/Grønnsaker 130g Mutti
7055330018396|Tomatsaus 500g Meny
7090024960827|Tomatsaus Chili 350g Superbra
7035620060472|Tomatsaus Datterino 330g Jacobs Utvalgte
7090068100272|Tomatsaus for Pizza 350g Scrocchia 80
7090024960742|Tomatsaus m/Basilikum 350g Superbra
7090024960803|Tomatsaus Oliven 350g Superbra
7090024960766|Tomatsaus Oregano 350g Superbra
7035620060335|Tomatsaus Piccadilly 330g Jacobs Utvalgte
7090019518200|Tomatsild 325g Olivias
7035620052064|Tomatsild 365g Fiskemannen
5000157062673|Tomatsuppe 400g Heinz
7090025490040|Tomatsuppe 530g Mere Mat
7037610211970|Tomatsuppe glutenfri 73g Toro
7044610877068|Tonic Water 0,5l flaske Schweppes
7044610877075|Tonic Water 1l Schweppes
5060108450881|Tonic Water Ederflower 0,5l flaske Fever-Tree
5060108450546|Tonic Water Mediterranean 0,5l flaske Fever-Tree
5060108450263|Tonic Water Premium 0,5l flaske Fever-Tree
5029396739030|Tonic Water Premium Indian 0,2l flaske Fentimans
5060108453349|Tonic Water Raspberry/Rhubarb 0,5l Fever-Tree
5060108454995|Tonic Water Spanish 0,5l flaske Feever-Tree
5060108457835|Tonic Water Sparkling Grape 0,5l Fever-Tree
7044610874241|Tonic Water Zero 0,5l flaske Schweppes
7044610874272|Tonic Water Zero 1l flaske Schweppes
4260024180270|Topping Melkefri 200ml Schlagfix
7311312008039|Topping Sauce Mayo Sweet Chili 250ml St.Maria
7039010609746|Toro Koreansk Stir Fry Kit 330g
7039010609692|Toro Szechuan Kit 374g
2000194000006|Torsk Filet Røkt pr Kg
2000193100004|Torsk Filet u/Skinn Vill pr Kg
7033330087369|Torsk i Saus 550g Fjordland
2376070200007|Torsk Lettsaltet m/Skinn Ca400g Lerøy
2000193200001|Torsk Loin u/Skinn Vill pr Kg
2000177500004|Torsk Panert pr stykk
7035620052729|Torskefilet 800g First Price
7035620017483|Torskefilet Blokk u/Skinn&Ben 400g Msc First Price
7310500113142|Torskefilet Gourmet 420g Findus
7027110001454|Torskelever 121g King Oscar
7090042235815|Torskelever 230g Baltika
7033352734326|Torskeloin u/Skinn&Bein Ca300-550g Lerøy
7035620049606|Torskeloins 500g Fiskemannen
2000540600003|Torskenakke Vill pr Kg
7027110210603|Torskerogn 200g King Oscar
8410076482570|Tortilla Chips Cheese 185g Old El Paso
8410076482563|Tortilla Chips Chili 185g Old El Paso
7311312009197|Tortilla Chips Giant Salsa 160g St.Maria
8410076483690|Tortilla Chips Jalapeno&Lime 170g
7311312008084|Tortilla Chips Salt 185g St.Maria
7311041085851|Tortilla Chips Salt 300g First Price
8410076482587|Tortilla Chips Sea Salt 185g Old El Paso
8410076474810|Tortilla glutenfri 215g Old El Paso
7311312007155|Tortilla glutenfri 224g St.Maria
7311312008732|Tortilla Strips Crunchy Cheesy 185g Santa Maria
7050122121094|Tortillachips Cheese 175g Maarud
7050122120950|Tortillachips Chili&Lime 125g Maarud
8410076482198|Tortillas 100%Mais Gl.Fri 208g Old El Paso
8410076473998|Tortillas Medium glutenfri 6stk 216g Old El Paso
7045010003743|Toscanakrydder m/Kvern 34g Hindu
7039317006712|Totenflak Salta 180g
7055596059010|Totenpølse skivet 100g Toten Kjøtt
7039281548119|Tranebær 75g Tørket Grønn&Frisk
7070643004324|Tranebær m/Bjørkeblad 32stk Biopharma
7029123164539|Tranebær Økol 150g Helios
1200101486843|Tranebærjuice Lett 1l Ocean Spray
1200101497214|Tranebærjuice Original 1l Ocean Spray
7029121012658|Tranebærjuice Økologisk 750ml Helios
7035620053559|Tranebærnektar 1l Eldorado
7029121011651|Trankapsler 144stk Biopharma
8008698049181|Treat Raspberry glutenfri 22g Schär
3336660011825|Triple Creme 180g Germain
5711953124860|Tripleshot Espresso 300ml Starbucks
5711953124891|Tripleshot Espresso No Sugar 300ml Starbucks
7090052424100|Trippel Jærsk 125g Ystepikene
7070643007288|Trippel Omega-3 144stk Biopharma
3112309996506|Trompetsopp Sort Tørket 20g Borde
7090007391167|Tromsørull Lam skivet 100g Aron Mat
7090007391174|Tromsøskinke skivet 100g M Ziplås Aronmat
7090007391150|Tromsøsylte skivet 100g Aron Mat
7090046319122|Tropical Mango 100g Sunshine Delights
7090046313779|Tropical Storm 200g Sunshine Delights
7040913336882|Tropisk Aroma Filtermalt 200g Jacobs Utvalgte
7040913336943|Tropisk Aroma Hele Bønner 500g Jacobs Utvalgte
7026510016556|Tropisk Frukt Blanding 2,5kg Norrek
7035620047954|Tropisk Juice 1,5l Eldorado
7040518510496|Tropisk Juice 1l Cevita
7038010069697|Tropisk Juice Original 1l Sunniva
7035620046025|Tropisk Nektar 1,5l Eldorado
810035510999|Trøffel Hot Sauce 148ml Firelli
8016576033375|Trøffel Pure 80g Il Tartufata
7035620060359|Trøffelbearnaise 220ml Jacobs Utvalgte
7035620059643|Trøffelmajones 130ml Jacobs Utvalgte
8026053426200|Trøffelolje Ex.Virgin 250ml Arcooro
8016576773332|Trøffelolje Hvit 55ml Il Tartufo
8000146500039|Trøffelolje Hvit 55ml Urbani
8016576003330|Trøffelolje Sort 55ml Il Tartufo
8000146501036|Trøffelolje Sort 55ml Urbani
7035620061738|Trøffelsalami 80g Jacobs Utvalgte
7058040652805|Trøffelsalami Nidaros 80g Grilstad
8016576002500|Trøfler skivet 50g Il Tartufata
8016576003378|Trøfler Sorte 35g Il Tartufata
7058040689900|Trønderfår 140g Grilstad
5017375034733|Tubes Bubblegum 55g Millions
5017375034702|Tubes Strawberry 55g Millions
7090034396043|Tundra Ingefærøl 0,33l boks
7090034396012|Tundra Tonic Water Agurk 0,33l boks
7090034395961|Tundra Tonic Water Indian 0,33l boks
7090034395909|Tundra Tonic Water Rabarbra&Bringebær 0,33l boks
2000920800009|Tunfisk Filet pr Kg
8411320236000|Tunfisk Hvit Økologisk i Olivenolje 112g Ortiz
7311041000021|Tunfisk i Gele 175g Eldorado
5601010231238|Tunfisk i Olivenolje 120g Ramirez
5601010231214|Tunfisk i Olje 120g Ramirez
7311041084519|Tunfisk i Olje 170g Msc First Price
7035620058691|Tunfisk i Olje Msc 185g Eldorado
7311041083918|Tunfisk i Vann Msc 170g First Price
7035620062612|Tunfisk i Vann Msc 185g Eldorado
7027110111870|Tunfisk Msc Olivenolje 85g King Oscar
7027110111887|Tunfisk Msc Olivenolje Pepper 85g King Oscar
8411320234006|Tunfisk Olivenolje Hvit 112g Ortiz
7033352657571|Tunfisk Steak 180g Skinpack Lerøy
7027110114826|Tunfisk Tomat Grovrevet 85g King Oscar
7036110211183|Tunfiskrøre 165g Mills
7055330028470|Tunfisksalat 200g Meny
7037204743023|Tunge Kokt skivet 100g Gilde
6420256015001|Tupla Liquorice Double Layer 48g
6420256015681|Tupla White Nougat 48g
5060519140753|Turmeric Active Te 20pos Pukka
5425038430387|Turtle Color Loops Gl.Fri 300g
8008698010235|Twin Bar glutenfri 64,5g Schar
8710497962713|Twister Marshmallowstang 17,5g Frisia
7071688005178|Tynn&Sprø Chips Havsalt 150g Sørlandschips
7071688003518|Tynn&Sprø Havsalt&Pepper 150g Sørlandschips
7071688005857|Tynn&Sprø Kremet Aioli 150g Sørlandschip
2000556900005|Tynnribbe Av Svin Jæren Smak pr Kg
2000746700002|Tynnribbe Av Svin pr Kg
6416453049567|Tyrkisk Peber Hot&Sour 100g Fazer
6416453028210|Tyrkisk Peber Original 120g Fazer
7026510022045|Tyttebær 2,5kg Norrek
7090047980468|Tyttebær 400g Røyland
7070439008581|Tyttebær Nyrørte 365g Lisa
7025443775004|Tyttebær Rørte 360g Askim
7035620061417|Tyttebær Økologisk 225g Vilje
7090011990042|Tyttebærrømme 175ml Skreppa
7090047981014|Tyttebærsyltetøy 220g Røyland
7037400003174|Tyttebærsyltetøy 600g Lerum
7035620051999|Tyttebærsyltetøy 960g First Price
7039010013208|Tyttebærsyltetøy Hjemmelaget 400g Nora
7090047980369|Tyttebærsyltetøy Krydret 160g Røyland
7070841005055|Tyttebærsyltetøy Original u/Sukker 430g Lerum
7039010015066|Tyttebærsyltetøy Rørte 280g Nora
7070841004966|Tyttebærsyltetøy u/Sukker 330g Lerum
7035620031496|Tzatziki 130ml Eldorado
7035620059834|Tzatziki 150g Jacobs Utvalgte
7055330028234|Tzatziki 200g Meny
7040512440133|Tzatziki 250g
7023539702149|Tørrfiskchips 30g Lofoten
7023539702125|Tørrfisksnacks Original 30g Lofoten
7023539702132|Tørrfisksnacks Sprø Biter 30g Lofoten
7090038380109|Tørrfiskstrimler Gryteklar 500g Halvors
7072130010580|Tørrgjær Original 5pk Mors Hjemmebakte Idun
7330857002043|Tørrgjær Søt Deig 5pk Mors Hjemmebakte Idun
2000622900007|Tørrsaltet bacon av svin. Ca 500g Jæren smak
2379201700001|Tørrsaltet Bacon Ca250g Aron Mat
7090041230101|Tørst Sportsdrikk Isotonisk 0,5l flaske
2000147500003|Uer Filet Butikkskåret Vill pr Kg
2000195400003|Uer Filet Vill pr Kg
2000195200009|Uer hel Vill pr Kg
5000112642933|Urge 0,33l Sleek boks
5000112664355|Urge 0,33lx4 boks
5000112636918|Urge 0,5l flaske
5000112597318|Urge 1,5l flaske
2000126700004|Urge Sleek 0,33l boks Brett A 20stk
5000112640083|Urge u/Sukker 0,5l flaske
7090040560056|Urtegata Bratwurst 300g Metervare
7035620052484|Urtesalt 50g Jacobs Utvalgte
7045010003620|Urtesalt 80g Hindu
7610313410286|Urtesalt Original 125g Herbamare
7035620025891|Urtesmør Ramsløk/Flaksalt 65g Jacobs
7610700022092|Urtete 200g Ricola
7033050830160|Uten Lite 0,33l boks Aass
7033050330172|Uten Lite 0,33lx6 boks Aass
7030660364344|Utopiabrus Blåbær 0,275l flaske
7030660369974|Utopiabrus Mango 0,275l flaske
7030660364283|Utopiabrus Rabarbra 0,275l flaske
7030660372578|Utopiabrus Sitron 0,275l flaske
7051862488119|Utsirasild 580g Sildakongen
3483130004747|Vacherin Mont D`Or 400g
7037610057035|Vafler Mix glutenfri 246g Toro
7090045620007|Vaktelegg 160g Bekkelysnippen
2000139800005|Valdres Brie Valdresmeieriet
7072365005603|Valdresost 350g Valdresmeieriet
7045010003392|Valmuefrø 48g glass Hindu
7029121012108|Valnøtter Økologisk 100g Helios
7035620031762|Valnøttkjerner 200g Eldorado
7040512880151|Valnøttkjerner 60g Grønn&Frisk
5022747350120|Valnøttolje 250ml International Collection
5701090087630|Vampyrflaggermus 3,5kg løsvekt Snop
7090062960391|Vanilje 500ml Go'Is Hadeland
7072130110952|Vanilje Essens 15ml Idun
7037210121532|Vanilje u/Sukker 1l Diplom-Is
7330242290147|Vaniljeboller glutenfri 230g Fria
3760123762472|Vaniljeekstrakt Madagaskar 70g
7035450041238|Vaniljeis 0,5l Galåvolden
7090049650055|Vaniljeis 0,5l Gioia
7035620054518|Vaniljeis 500ml Jacobs Utvalgte
7038010048838|Vaniljekrem 500ml Piano
7090000510473|Vaniljekrem Hjemmelaget 190g Ek Gård
7038010062155|Vaniljekrem til Baking 500ml Piano
5701073641019|Vaniljepasta 100g Dr.Oetker
3760123762427|Vaniljepulver 20g Madagaskar
5701073066669|Vaniljepulver 5g Dr. Oetker
7029123164928|Vaniljepulver Bourbon 10g Økologisk Helios
7038010037542|Vaniljesaus 0,5l Piano
7038010036088|Vaniljesaus 1l Piano
7038010036309|Vaniljesaus 3x250ml Piano
7622400944543|Vaniljesaus Instant 56g Freia
7038010068072|Vaniljesaus Laktosefri 0,5l Piano
7622400944352|Vaniljesaus til Koking 19g Freia
7038010055515|Vaniljesaus uten 0,5l Piano
5701073062944|Vaniljestang 1stk 3,5g Dr. Oetker
7311311014758|Vaniljestang 1stk 3g Santa Maria
7035620056390|Vaniljestang 3g Jacobs Utvalgte
3760123762465|Vaniljestang Tahiti 2stk
6430061527088|Vaniljesukker 100g Idun
5701073066355|Vaniljesukker 140g Dr. Oetker
7622210115782|Vaniljesukker 175g Freia
7035620050121|Vaniljesukker 75g Jacobs Utvalgte
7029121011422|Vaniljesukker Økologisk 75g Helios
5701073067277|Vanilla Bean Extract Økol 50ml
7040913335083|Vanilla Coffee Finmalt 200g Kaffemester'n
7035620036576|Vann m/Kullsyre 1,5l First Price
7035620032479|Vann Naturell 5l Eldorado
7035620035852|Vann u/Kullsyre 1,5l First Price
7311041000250|Vannkastanjer 227g Eldorado
8809041428925|Vannmelon Aloe Vera 0,5l flaske Okf
2000403100008|Vannmelon kvart ca. 1kg
2000433800008|Vannmelon skivet ca. 750g
7090013710600|Varanger Skav 300g Finnmark Rein
7025050018327|Vegansk Pålegg m/Smak Av Salami 100g Go'Vegan
7025050018297|Vegansk Pålegg m/Smak Av Skinke 100g Go'Vegan
5019503006377|Vegetar Biter 300g Quorn
7039010594073|Vegetar Boller 300g Stabburet
7039010594028|Vegetar Burger 2x120g Stabburet
7039010594042|Vegetar Farse 300g Stabburet
5019503015850|Vegetar Fileter 312g Quorn
7039010613514|Vegetar Nuggets 300g Stabburet
1230000068048|Vegetarburger 226g Beyond Burger
7310941801202|Vegetarpostei m/Steinsopp 200g Ridderheims
5709714950858|Vekk i Morgen Sitron 20stk
7041111117204|Vepsebol Hot Lakris 42g
7041111117198|Vepsebol Jordbær 42g
7071688005697|Verdens Tynneste Rifla Havsalt&Pepper 240g
7035620060465|Vesterhavsost Økologisk 250g Vilje
7070334975995|Vibe By Voe Hibiscus 0,33l boks
7090066720120|Vibe By Voe The Juicy Vibe 0,33l boks
7090066720151|Vibe By Voe Tropical 0,33l boks
7035620062414|Vilje Ingefær 0,33l boks
7035620067686|Vilje Kullsyredrikk Bringebær&Rabarbra 0,33l Vilje
7035620062919|Vilje Mango & Pasjonsfrukt 0,33l boks
7035620052385|Vilje Sitron&Lime 0,33l boks
7044610870991|Villa 0,5l flaske
7044610871059|Villa 1,5l flaske
7044610874012|Villa Lett 0,5l flaske
7044610874029|Villa Lett 1,5l flaske
7034170004394|Villmarksbacon 120g Bjerke
7035620019500|Villreker Argentinsk 500g Fiskemannen
7035620020032|Villrismiks Boil In Bag 1kg Eldorado
8026650000407|Villsoppmiks 100g
7322550052692|Vilt&Kantarellfond 180ml Touch Of Taste
4003011400940|Vilt-Fond 200g Englert
4007680475322|Viltfond 500ml Jurgen Langbein
7090047981182|Viltgele 155g Røyland
7053472000163|Viltgryte 900g Primar
7053472000200|Viltgryte fra Røros-Traktene 400g Primar
7045615000307|Viltgrønnsaker 500g Eldorado
7035620039195|Viltkraft 250ml Jacobs Utvalgte
7090023900114|Viltpate 250g Jens Eide
75076130050|Vin & Pepper Saus 147ml Try Me
7035620004872|Virginia Filet 100g Jacobs Utvalgte
5034033000886|Vit Hit Immunitea 50cl
5034033000008|Vit Hit Perform 50cl
7036110010595|Vita Hjertego Lettmargarin 370g
7036110011950|Vita Hjertego Myk Margarin 540g
7036110008202|Vita Hjertego Myk Plantemargarin 370g
7036110008240|Vita Hjertego Proaktiv Margarin 250g
8008698011065|Vital Brød skivet Gl.Fri 350g Schär
7035620046278|Vitamin B Svelgetablett 75stk Løft
7035620045387|Vitamin C Brusetablett Appelsin 20stk Løft
7035620041792|Vitamin C Tyggetablett Sitron 90stk Løft
7035620044915|Vitamin D Tyggetablett Jordbær 90stk Løft
7039281553090|Vitamin Fruktdrikk m/Eple,Drue&Guava 330ml Bama
7350042717842|Vitamin Well Antioxidant 0,5l flaske
7350042717651|Vitamin Well Awake 0,5l flaske
7350042718870|Vitamin Well Boost 0,5l flaske
7350042718764|Vitamin Well Recover 0,5l flaske
7350042717859|Vitamin Well Reload 0,5l flaske
7340222801133|Vitamin Well Zero Pineapple 0,5l flaske
7340222801126|Vitamin Well Zero Raspberry 0,5l flaske
7070866014827|Vitaminbjørner 60stk Collett
5702076054615|Vitamineral 115stk Vitaplex
7048670610191|Vossa Spianata 100g Vossakjøt
7037204643736|Vossakorv 350g Gilde
7048670400150|Vossakorv 350g Vossakjøt
7090040560070|Vossakorv Grov 400g Metervare
2381469800003|Vossaost Ca400g Vossamat
2000117400005|Västerbottensost Lagret 14+ Mnd
7040514503072|Vårløk 150g Bunt Gartner
7025990000048|Vårløk 150g Skjærgaarden
5010338015817|Vårrull Wrap 134g Blue Dragon
7036110211312|Waldorfsalat 350g Mills
2000153500004|Waldorfsalat pr Kg
5010169509349|Walkers Toffees Salted Caramel 119g
2000693800008|Wasabi & Ingefær Coleslaw pr Kg
7311311015984|Wasabi & Sesame 44g Santa-Maria
7033352301887|Wasabi 30g Lerøy
7090028512190|Wasabi Mayo 70ml Frøya
5010338302887|Wasabi Original 45g Blue Dragon
5060194790113|Wasabi Paste 43g Saitaku
7072889000030|Wasabi Snacks 75g Wabba
7090028512169|Wasabi Soy Sauce 70ml Frøya
7350101690000|Wellbites Bringebær&Lakris 70g
7350101690017|Wellbites Hylle&Bringebær 70g
7350101690079|Wellibites Salt Lakris Sukkerfri 70g
4014400910063|Werthers Original 135g
4014400907902|Werthers Original Drops Sukkerfri 42g
4014400907636|Werthers Original Drops Sukkerfri 70g pose
4014400922707|Werthers Original Myk Karamell 125g
4014400919974|Werthers Original Myk Karamell Sukkerfri 80g
7034170004554|Westfalerskinke 90g Bjerke
7350132943489|Whey Protein 100% Jordbærsmak 1kg Pf
7350132947135|Whey Tech Protein Vanilla 1kg Pf
90493065|White Edition 250ml Red Bull
7035620054297|Wienerpølse 330g Grøstad
7055596050246|Wienerpølse 470g Toten Kjøtt
7037204651922|Wienerpølse 520g Gilde
2301279800000|Wienerpølse Ca1,56kg Gilde
7045386068506|Wienerpølser 14stk 770g Leiv Vidar
7025050012004|Wienerpølser 560g Finsbråten
7090030261581|Wienerpølser 700g Åkeberg Skoglunn
7039610001629|Wienerpølser Kylling/Kalkun 520g Prior
7043570039264|Wienertoast glutenfri 2pk 210g Kanda
8008698041369|Wild Biscuits Barnekjeks Gl.Fri 115g Schär
7090044042374|Wildbrew Ginger Beer 0,33l boks
5010511471683|Wine Gums 165g
7045615000352|Wok Chinese 500g Eldorado
7310500114620|Wok Classic 480g Findus
7035620047428|Wok Frityrolje 2l Eldorado
7023026094702|Wok Mix 300g Grønn&Frisk
7311041003213|Wok Mix 425g Eldorado
7310500106328|Wok Spicy 450g Findus
7035110400795|Wok Zesty Ingefær&Lime 450g Findus
7026510177400|Wokblanding 2,5kg Norrek
5010338405151|Woksauce Oyster Spring Onion 120g Blue Dragon
7035620051968|Woksaus Chop Suey 120g Eldorado
5010338018269|Woksaus Sweet Chili 120g Blue Dragon
5010338018245|Woksaus Sweet&Sour 120g Blue Dragon
7035620053818|Woksaus Sweet&Sour 120g Eldorado
7073530000027|Wonder Popcorn 120g Heavenly
5021016001091|Worcestershire Sauce 150ml Henderson's
2000953200005|Wyfe Of Bath .
7350115944120|Yellow Corn Chips Salted 185g El Taco Truck
8720608009244|Yellow Label Tea 25pos Lipton
8720608009268|Yellow Label Tea 50pos Lipton
41500763675|Yellow Mustard Classic 397g French´S
7048840205523|Yoghurt Blåbær 125g Q
7048840218820|Yoghurt Bringebær uten 4x125g Q
7038010073410|Yoghurt Familiemiks 8x125g Tine
7038010070129|Yoghurt Fersken 500g Tine
7392672004459|Yoghurt Grekisk 0% 500g Salakis
7392672104500|Yoghurt Grekisk 10% 1kg Salakis
7034280109989|Yoghurt Gresk Gourmet Kremet Bringebær 350g
7034281582002|Yoghurt Gresk Naturell 350g Synnøve
7034281586000|Yoghurt Gresk Naturell 750g Synnøve
7034280009760|Yoghurt Gresk Naturell Laktosefri 350g Synnøve
7038010069451|Yoghurt Gresk Type Naturell 850g Tine
7038010072901|Yoghurt Gresk Type Vanilje 850g Tine
7034281583009|Yoghurt Gresk Vanilje 350g Synnøve
7038010009464|Yoghurt Jordbær 4x150g Tine
7048840105816|Yoghurt Jordbær 800g Q
7038010073427|Yoghurt Junior Jordbær&Banan 4x125g Tine
7038010055706|Yoghurt Kirsebær 500g Tine
7038010004070|Yoghurt Kokos 4x150g Tine
7038010062735|Yoghurt Mango Pasjon 850g Tine
7048840223909|Yoghurt Mango u/Sukker 800g Q
7038010009471|Yoghurt Melon 4x150g Tine
7048840205516|Yoghurt Melon/Pasjon 125g Q
7048840005802|Yoghurt Melon/Pasjon 800g Q
7090006471259|Yoghurt Naturell 2l Rørosmeieriet
7090058690004|Yoghurt Naturell 500g Jerseymeieriet
7038010055652|Yoghurt Naturell 500g Tine
7048840005499|Yoghurt Naturell 800g Q
7038010045073|Yoghurt Naturell 850g Tine
7038010072482|Yoghurt Naturell Lett 1,5% 1kg Tine
7038010006302|Yoghurt Nyt Blåbær/Bringebær 4x125g Tine
7038010006388|Yoghurt Sesong Vårfrisk 8x150g Tine
7038010070402|Yoghurt Sitron/Lime 1kg Tine
7048840205868|Yoghurt Skogsbær 125g Q
7038010009457|Yoghurt Skogsbær 4x150g Tine
7048840205851|Yoghurt Skogsbær 800g Q
7038010009488|Yoghurt Sviske 4x150g Tine
7392672104104|Yoghurt Tyrkisk 10% 1kg Salakis
7392672104050|Yoghurt Tyrkisk 10% 500g Salakis
7048840229680|Yoghurt u/Sukker Blåbær 4x125g Q
7048840211722|Yoghurt u/Sukker Jordbær&Lime 800g Q
7038010009624|Yoghurt Vanilje 4x150g Tine
7038010055676|Yoghurt Vanilje 500g Tine
7048840005468|Yoghurt Vanilje 800g Q
7038010045080|Yoghurt Vanilje 850g Tine
7038010072475|Yoghurt Vanilje Lett 1,5% 1kg Tine
4012824400054|Yogi Te Classic Økologisk 17pos
4012824401341|Yogi Te Ginger Lemon Økologisk 17pos
4012824401914|Yogi Te Grønn Balanse Økologisk 17pos
4012824400290|Yogi Te Sweet Chili Økologisk 17pos
4012824404168|Yogi Te Turmeric Chai Økologisk 17pos
7071319023144|Yokos Naturell 350g Berit
7071319023175|Yokos Vanilje 350g Berit
7033330064766|Yoplait 0% Blåbær 4x125g
7033330064780|Yoplait 0% Fersken&Pasjon 4x125g
7033330064810|Yoplait 0% Kirsebær 4x125g
7033330059540|Yoplait 0% Mango 4x125g
7033330064759|Yoplait 0% Vanilje 4x125g
7033330089493|Yoplait Kvarg Bjørnebær&Vanilje 420g
7033330073553|Yoplait Kvarg Madagaskar-Vanilje 800g
7033330089516|Yoplait Kvarg Sitron 420g
7033330040197|Yoplait Safari Ape 8x125g
615357111936|Yorkshire Te Gold 40pos Taylors Of Harrogate
615357112001|Yorkshire Tea 40pos Taylors Of Harrogate
7038010073106|Yt Drikkeyoghurt Bringebær 300g Tine
7038010068997|Yt Protein Yoghurt Pasjon 430g Tine
7038010068980|Yt Protein Yoghurt Vanilje 430g Tine
7038010068133|Yt Proteinmelk Fettfri 1l Tine
7038010068157|Yt Proteinmelk Kakao 1l Tine
7038010068164|Yt Proteinmelk Kakao 330ml Tine
7038010061844|Yt Proteinpudding Sjokolade 190g Tine
7038010064647|Yt Proteinpudding Vanilje 190g Tine
7038010072925|Yt Proteinshake Jordbær&Banan 300ml Tine
7038010072376|Yt Proteinshake Sjokolade 300ml Tine
7038010071386|Yt Proteinyoghurt Bringebær 430g Tine
7038010073113|Yt Proteinyoghurt Mango&Pasjon 300g Tine
7038010004254|Yt Restitusjon Banan&Jordbær 330ml
7038010004261|Yt Restitusjon Kakao Drikk 330ml
7038010055546|Yt Restitusjon Kakao Drikk Pro 330ml Tine
7038010069383|Yt Sportsdrikk Røde Bær 0,5l Tine
7038010063336|Yt Sportsdrikk Sitrus 0,5l Tine
2000731000001|Ytrefilet Av Storfe hel pr Kg
2000731100008|Ytrefilet Av Storfe i skiver pr Kg
2000749700009|Ytrefilet Av Svin i skiver pr Kg
2000659800004|Ytrefilet Av Svin Jæren Smak 180g stykk
2301012000001|Ytrefilet Gourmetlam Ca500g
7041018008902|Zeroh! 12stk Hennig-Olsen Is
7070841004768|Zeroh! Cherry&Raspberry 0,8l
7070841005710|Zeroh! Friskis 0,8l
7070841004072|Zeroh! Mango&Lemon 0,8l
7070841005772|Zeroh! Markjordbær 0,8l
7070841003099|Zeroh! Orange&Golden Berry 0,8l
7070841003044|Zeroh! Sitron&Lime 0,8l
7070841006465|Zeroh! Taste Of Sommeris 0,8l flaske
7070841006427|Zeroh! Triple Melon 0,8l
7070841003082|Zeroh! Villbringebær 0,8l
8445290448743|Zoegas Bønner Morning Blend 16 Kapsler
7310731101666|Zoegas Kaffe Mollbergs Blanding 450g
7310731103011|Zoegas Kaffe Skånerost 450g
7025441024524|Årgang Musserende Eple&Kirsebær 0,75l
7033352753044|Ørret Burger 260g Lerøy
2364263200002|Ørret Einerrøkt Bit Ca250g Lofoten
7023539702842|Ørret Einerrøkt skivet 220g Lofoten
2365665300000|Ørret hel Ca1-2kg First Price
2000196600006|Ørret i skiver Oppdrett
5700002011916|Ørret Kaviar 100g Brilliant
5700002011909|Ørret Kaviar 50g Brilliant
7033352770720|Ørret Loin Ca250g Lerøy
7033352770683|Ørret Porsjon m/Skinn 4x100g Lerøy
7035620025921|Ørret Røkt 100g Jacobs Utvalgte
7090041530010|Ørret Røkt Bit 200g Garnvik
2380943300008|Ørret Røkt Bit Ca250g Troll
7035620063770|Ørret Røkt skivet 100g Fiskemannen
7023539700725|Ørret Røkt skivet 100g Lofoten
7090009650668|Ørret Røkt skivet 200g Troll
7090009651436|Ørret Røkt skivet 500g Troll
7035620033483|Ørretfilet m/Skinn 500g First Price
7035620058608|Ørretfilet Porsjon 280g Fiskemannen
7033352205758|Ørretfilet u/Skinn 4x125g Frys Lerøy
7038010072420|Østavind 450g Tine
7038010057984|Østavind skivet 150g Tine
2000199600003|Østers 12 stk
2000809700000|Østers Bb Boudeuse pr stykk
2000199400009|Østers Fines De Claires pr stykk
2000809900004|Østers Gillardeau pr stykk
2000809800007|Østers Royale pr stykk
7040517003340|Østerssopp 300g
2000464900005|Østerssopp løsvekt
